,,,,,OutdoorsSpring.png#Spring_X13Y0,OutdoorsSpring.png#Spring_X14Y0,OutdoorsSpring.png#Spring_X15Y0,,OutdoorsSpring.png#Spring_X13Y0,OutdoorsSpring.png#Spring_X14Y0,OutdoorsSpring.png#Spring_X15Y0,,OutdoorsSpring.png#Spring_X13Y0,OutdoorsSpring.png#Spring_X14Y0,OutdoorsSpring.png#Spring_X15Y0,,OutdoorsSpring.png#Spring_X13Y0,OutdoorsSpring.png#Spring_X14Y0,OutdoorsSpring.png#Spring_X15Y0,,OutdoorsSpring.png#Spring_X13Y0,OutdoorsSpring.png#Spring_X14Y0,OutdoorsSpring.png#Spring_X15Y0,,OutdoorsSpring.png#Spring_X13Y0,OutdoorsSpring.png#Spring_X14Y0,OutdoorsSpring.png#Spring_X15Y0,,OutdoorsSpring.png#Spring_X13Y0,OutdoorsSpring.png#Spring_X14Y0,OutdoorsSpring.png#Spring_X15Y0,,OutdoorsSpring.png#Spring_X13Y0,OutdoorsSpring.png#Spring_X14Y0,OutdoorsSpring.png#Spring_X15Y0,,,,OutdoorsSpring.png#Spring_X19Y14,,,OutdoorsSpring.png#Spring_X16Y14,,,,,,,,,,,,,,,,,,,,,,,,,,,,,,,,,,,,,,,,,,,,,,,,,,,,,,,,,
,,,,,OutdoorsSpring.png#Spring_X13Y1,OutdoorsSpring.png#Spring_X14Y1,OutdoorsSpring.png#Spring_X15Y1,,OutdoorsSpring.png#Spring_X13Y1,OutdoorsSpring.png#Spring_X14Y1,OutdoorsSpring.png#Spring_X15Y1,,OutdoorsSpring.png#Spring_X13Y1,OutdoorsSpring.png#Spring_X14Y1,OutdoorsSpring.png#Spring_X15Y1,,OutdoorsSpring.png#Spring_X13Y1,OutdoorsSpring.png#Spring_X14Y1,OutdoorsSpring.png#Spring_X15Y1,,OutdoorsSpring.png#Spring_X13Y1,OutdoorsSpring.png#Spring_X14Y1,OutdoorsSpring.png#Spring_X15Y1,,OutdoorsSpring.png#Spring_X13Y1,OutdoorsSpring.png#Spring_X14Y1,OutdoorsSpring.png#Spring_X15Y1,,OutdoorsSpring.png#Spring_X13Y1,OutdoorsSpring.png#Spring_X14Y1,OutdoorsSpring.png#Spring_X15Y1,,OutdoorsSpring.png#Spring_X13Y1,OutdoorsSpring.png#Spring_X14Y1,OutdoorsSpring.png#Spring_X15Y1,,,,OutdoorsSpring.png#Spring_X19Y15,,,OutdoorsSpring.png#Spring_X16Y15,,,,,,,,,,,,,,,,,,,,,,,,,,,,,,,,,,,,,,,,,,,,,,,,,,,,,,,,,
,,,,,OutdoorsSpring.png#Spring_X13Y2,OutdoorsSpring.png#Spring_X14Y2,OutdoorsSpring.png#Spring_X15Y2,,OutdoorsSpring.png#Spring_X13Y2,OutdoorsSpring.png#Spring_X14Y2,OutdoorsSpring.png#Spring_X15Y2,,OutdoorsSpring.png#Spring_X13Y2,OutdoorsSpring.png#Spring_X14Y2,OutdoorsSpring.png#Spring_X15Y2,,OutdoorsSpring.png#Spring_X13Y2,OutdoorsSpring.png#Spring_X14Y2,OutdoorsSpring.png#Spring_X15Y2,,OutdoorsSpring.png#Spring_X13Y2,OutdoorsSpring.png#Spring_X14Y2,OutdoorsSpring.png#Spring_X15Y2,,OutdoorsSpring.png#Spring_X13Y2,OutdoorsSpring.png#Spring_X14Y2,OutdoorsSpring.png#Spring_X15Y2,,OutdoorsSpring.png#Spring_X13Y2,OutdoorsSpring.png#Spring_X14Y2,OutdoorsSpring.png#Spring_X15Y2,,OutdoorsSpring.png#Spring_X13Y2,OutdoorsSpring.png#Spring_X14Y2,OutdoorsSpring.png#Spring_X15Y2,,,,OutdoorsSpring.png#Spring_X19Y16,,,OutdoorsSpring.png#Spring_X16Y16,,,,,OutdoorsSpring.png#Spring_X21Y11,OutdoorsSpring.png#Spring_X17Y18,OutdoorsSpring.png#Spring_X20Y18,,,,OutdoorsSpring.png#Spring_X13Y3,OutdoorsSpring.png#Spring_X14Y3,,,OutdoorsSpring.png#Spring_X13Y3,OutdoorsSpring.png#Spring_X14Y3,,,OutdoorsSpring.png#Spring_X13Y3,OutdoorsSpring.png#Spring_X14Y3,,,OutdoorsSpring.png#Spring_X13Y3,OutdoorsSpring.png#Spring_X14Y3,,,OutdoorsSpring.png#Spring_X13Y3,OutdoorsSpring.png#Spring_X14Y3,,,,,,,,,,,,,,,,,,,,,,,,,,,,,
,,,,,,,,,,,,,,,,,,,,,,,,,,OutdoorsSpring.png#Spring_X28Y6,OutdoorsSpring.png#Spring_X28Y6,,,,,,,,,,,,OutdoorsSpring.png#Spring_X19Y17,,,OutdoorsSpring.png#Spring_X16Y17,,,,OutdoorsSpring.png#Spring_X21Y11,OutdoorsSpring.png#Spring_X21Y12,OutdoorsSpring.png#Spring_X17Y19,OutdoorsSpring.png#Spring_X20Y19,OutdoorsSpring.png#Spring_X21Y19,,,OutdoorsSpring.png#Spring_X13Y4,OutdoorsSpring.png#Spring_X14Y4,,,OutdoorsSpring.png#Spring_X13Y4,OutdoorsSpring.png#Spring_X14Y4,,,OutdoorsSpring.png#Spring_X13Y4,OutdoorsSpring.png#Spring_X14Y4,,,OutdoorsSpring.png#Spring_X13Y4,OutdoorsSpring.png#Spring_X14Y4,,,OutdoorsSpring.png#Spring_X13Y4,OutdoorsSpring.png#Spring_X14Y4,,,,,,,,,,,,,,,,,,,,,,,,,,,,,
,,,,OutdoorsSpring.png#Spring_X21Y11,OutdoorsSpring.png#Spring_X17Y18,OutdoorsSpring.png#Spring_X18Y18,OutdoorsSpring.png#Spring_X17Y18,OutdoorsSpring.png#Spring_X18Y18,OutdoorsSpring.png#Spring_X17Y18,OutdoorsSpring.png#Spring_X18Y18,OutdoorsSpring.png#Spring_X17Y18,OutdoorsSpring.png#Spring_X18Y18,OutdoorsSpring.png#Spring_X17Y18,OutdoorsSpring.png#Spring_X18Y18,OutdoorsSpring.png#Spring_X17Y18,OutdoorsSpring.png#Spring_X18Y18,OutdoorsSpring.png#Spring_X17Y18,OutdoorsSpring.png#Spring_X18Y18,OutdoorsSpring.png#Spring_X17Y18,OutdoorsSpring.png#Spring_X18Y18,OutdoorsSpring.png#Spring_X17Y18,OutdoorsSpring.png#Spring_X18Y18,OutdoorsSpring.png#Spring_X17Y18,OutdoorsSpring.png#Spring_X18Y18,OutdoorsSpring.png#Spring_X17Y18,OutdoorsSpring.png#Spring_X18Y18,OutdoorsSpring.png#Spring_X17Y18,OutdoorsSpring.png#Spring_X18Y18,OutdoorsSpring.png#Spring_X17Y18,OutdoorsSpring.png#Spring_X18Y18,OutdoorsSpring.png#Spring_X17Y18,OutdoorsSpring.png#Spring_X18Y18,OutdoorsSpring.png#Spring_X8Y65,OutdoorsSpring.png#Spring_X9Y65,OutdoorsSpring.png#Spring_X10Y65,OutdoorsSpring.png#Spring_X18Y18,OutdoorsSpring.png#Spring_X17Y18,OutdoorsSpring.png#Spring_X18Y18,OutdoorsSpring.png#Spring_X19Y18,,,OutdoorsSpring.png#Spring_X16Y18,OutdoorsSpring.png#Spring_X17Y18,OutdoorsSpring.png#Spring_X18Y18,OutdoorsSpring.png#Spring_X17Y18,OutdoorsSpring.png#Spring_X21Y12,OutdoorsSpring.png#Spring_X21Y13,OutdoorsSpring.png#Spring_X17Y20,OutdoorsSpring.png#Spring_X20Y20,OutdoorsSpring.png#Spring_X21Y20,OutdoorsSpring.png#Spring_X22Y20,,,,,,,,,,,,,,,,,,,,,,,,,,,,,,,,,,,,,,,,,,,,,,,,
,,,OutdoorsSpring.png#Spring_X21Y11,OutdoorsSpring.png#Spring_X21Y12,OutdoorsSpring.png#Spring_X17Y19,OutdoorsSpring.png#Spring_X18Y19,OutdoorsSpring.png#Spring_X17Y19,OutdoorsSpring.png#Spring_X18Y19,OutdoorsSpring.png#Spring_X17Y19,OutdoorsSpring.png#Spring_X18Y19,OutdoorsSpring.png#Spring_X17Y19,OutdoorsSpring.png#Spring_X18Y19,OutdoorsSpring.png#Spring_X17Y19,OutdoorsSpring.png#Spring_X18Y19,OutdoorsSpring.png#Spring_X17Y19,OutdoorsSpring.png#Spring_X18Y19,OutdoorsSpring.png#Spring_X17Y19,OutdoorsSpring.png#Spring_X18Y19,OutdoorsSpring.png#Spring_X17Y19,OutdoorsSpring.png#Spring_X18Y19,OutdoorsSpring.png#Spring_X17Y19,OutdoorsSpring.png#Spring_X18Y19,OutdoorsSpring.png#Spring_X17Y19,OutdoorsSpring.png#Spring_X18Y19,OutdoorsSpring.png#Spring_X17Y19,OutdoorsSpring.png#Spring_X18Y19,OutdoorsSpring.png#Spring_X17Y19,OutdoorsSpring.png#Spring_X18Y19,OutdoorsSpring.png#Spring_X17Y19,OutdoorsSpring.png#Spring_X18Y19,OutdoorsSpring.png#Spring_X17Y19,OutdoorsSpring.png#Spring_X18Y19,OutdoorsSpring.png#Spring_X8Y66,OutdoorsSpring.png#Spring_X9Y66,OutdoorsSpring.png#Spring_X10Y66,OutdoorsSpring.png#Spring_X18Y19,OutdoorsSpring.png#Spring_X17Y19,OutdoorsSpring.png#Spring_X18Y19,OutdoorsSpring.png#Spring_X19Y19,,,OutdoorsSpring.png#Spring_X16Y19,OutdoorsSpring.png#Spring_X17Y19,OutdoorsSpring.png#Spring_X18Y19,OutdoorsSpring.png#Spring_X17Y19,OutdoorsSpring.png#Spring_X21Y13,OutdoorsSpring.png#Spring_X21Y15,OutdoorsSpring.png#Spring_X17Y21,OutdoorsSpring.png#Spring_X20Y21,OutdoorsSpring.png#Spring_X21Y21,OutdoorsSpring.png#Spring_X22Y21,OutdoorsSpring.png#Spring_X23Y21,,OutdoorsSpring.png#Spring_X8Y14,OutdoorsSpring.png#Spring_X9Y14,OutdoorsSpring.png#Spring_X9Y14,OutdoorsSpring.png#Spring_X9Y14,OutdoorsSpring.png#Spring_X9Y14,OutdoorsSpring.png#Spring_X9Y14,OutdoorsSpring.png#Spring_X9Y14,OutdoorsSpring.png#Spring_X9Y14,OutdoorsSpring.png#Spring_X9Y14,OutdoorsSpring.png#Spring_X9Y14,OutdoorsSpring.png#Spring_X9Y14,OutdoorsSpring.png#Spring_X9Y14,OutdoorsSpring.png#Spring_X9Y14,OutdoorsSpring.png#Spring_X9Y14,OutdoorsSpring.png#Spring_X9Y14,OutdoorsSpring.png#Spring_X9Y14,OutdoorsSpring.png#Spring_X9Y14,OutdoorsSpring.png#Spring_X9Y14,OutdoorsSpring.png#Spring_X9Y14,OutdoorsSpring.png#Spring_X9Y14,OutdoorsSpring.png#Spring_X9Y14,OutdoorsSpring.png#Spring_X9Y14,OutdoorsSpring.png#Spring_X9Y14,OutdoorsSpring.png#Spring_X9Y14,OutdoorsSpring.png#Spring_X9Y14,OutdoorsSpring.png#Spring_X9Y14,OutdoorsSpring.png#Spring_X9Y14,OutdoorsSpring.png#Spring_X9Y14,OutdoorsSpring.png#Spring_X9Y14,OutdoorsSpring.png#Spring_X10Y14,OutdoorsSpring.png#Spring_X11Y14,,,,,,,,,,,,,,,
,,OutdoorsSpring.png#Spring_X19Y11,OutdoorsSpring.png#Spring_X21Y12,OutdoorsSpring.png#Spring_X21Y13,OutdoorsSpring.png#Spring_X17Y20,OutdoorsSpring.png#Spring_X18Y20,OutdoorsSpring.png#Spring_X17Y20,OutdoorsSpring.png#Spring_X18Y20,OutdoorsSpring.png#Spring_X17Y20,OutdoorsSpring.png#Spring_X18Y20,OutdoorsSpring.png#Spring_X17Y20,OutdoorsSpring.png#Spring_X18Y20,OutdoorsSpring.png#Spring_X17Y20,OutdoorsSpring.png#Spring_X18Y20,OutdoorsSpring.png#Spring_X17Y20,OutdoorsSpring.png#Spring_X18Y20,OutdoorsSpring.png#Spring_X17Y20,OutdoorsSpring.png#Spring_X18Y20,OutdoorsSpring.png#Spring_X17Y20,OutdoorsSpring.png#Spring_X18Y20,OutdoorsSpring.png#Spring_X17Y20,OutdoorsSpring.png#Spring_X18Y20,OutdoorsSpring.png#Spring_X17Y20,OutdoorsSpring.png#Spring_X18Y20,OutdoorsSpring.png#Spring_X17Y20,OutdoorsSpring.png#Spring_X18Y20,OutdoorsSpring.png#Spring_X17Y20,OutdoorsSpring.png#Spring_X18Y20,OutdoorsSpring.png#Spring_X17Y20,OutdoorsSpring.png#Spring_X18Y20,OutdoorsSpring.png#Spring_X17Y20,OutdoorsSpring.png#Spring_X18Y20,OutdoorsSpring.png#Spring_X8Y67,,OutdoorsSpring.png#Spring_X10Y67,OutdoorsSpring.png#Spring_X18Y20,OutdoorsSpring.png#Spring_X17Y20,OutdoorsSpring.png#Spring_X18Y20,OutdoorsSpring.png#Spring_X19Y20,,,OutdoorsSpring.png#Spring_X16Y20,OutdoorsSpring.png#Spring_X17Y20,OutdoorsSpring.png#Spring_X18Y20,OutdoorsSpring.png#Spring_X17Y20,OutdoorsSpring.png#Spring_X21Y14,,,,,,,,OutdoorsSpring.png#Spring_X8Y15,OutdoorsSpring.png#Spring_X9Y15,OutdoorsSpring.png#Spring_X9Y15,OutdoorsSpring.png#Spring_X9Y15,OutdoorsSpring.png#Spring_X9Y15,OutdoorsSpring.png#Spring_X9Y15,OutdoorsSpring.png#Spring_X9Y15,OutdoorsSpring.png#Spring_X9Y15,OutdoorsSpring.png#Spring_X9Y15,OutdoorsSpring.png#Spring_X9Y15,OutdoorsSpring.png#Spring_X9Y15,OutdoorsSpring.png#Spring_X9Y15,OutdoorsSpring.png#Spring_X9Y15,OutdoorsSpring.png#Spring_X9Y15,OutdoorsSpring.png#Spring_X9Y15,OutdoorsSpring.png#Spring_X9Y15,OutdoorsSpring.png#Spring_X9Y15,OutdoorsSpring.png#Spring_X9Y15,OutdoorsSpring.png#Spring_X9Y15,OutdoorsSpring.png#Spring_X9Y15,OutdoorsSpring.png#Spring_X9Y15,OutdoorsSpring.png#Spring_X9Y15,OutdoorsSpring.png#Spring_X9Y15,OutdoorsSpring.png#Spring_X9Y15,OutdoorsSpring.png#Spring_X9Y15,OutdoorsSpring.png#Spring_X9Y15,OutdoorsSpring.png#Spring_X9Y15,OutdoorsSpring.png#Spring_X9Y15,OutdoorsSpring.png#Spring_X9Y15,OutdoorsSpring.png#Spring_X10Y15,OutdoorsSpring.png#Spring_X11Y15,,,,,,,,,,,,,,,
,,OutdoorsSpring.png#Spring_X19Y12,OutdoorsSpring.png#Spring_X21Y13,OutdoorsSpring.png#Spring_X21Y15,OutdoorsSpring.png#Spring_X17Y21,OutdoorsSpring.png#Spring_X18Y21,OutdoorsSpring.png#Spring_X17Y21,OutdoorsSpring.png#Spring_X18Y21,OutdoorsSpring.png#Spring_X17Y21,OutdoorsSpring.png#Spring_X18Y21,OutdoorsSpring.png#Spring_X17Y21,OutdoorsSpring.png#Spring_X18Y21,OutdoorsSpring.png#Spring_X17Y21,OutdoorsSpring.png#Spring_X18Y21,OutdoorsSpring.png#Spring_X17Y21,OutdoorsSpring.png#Spring_X18Y21,OutdoorsSpring.png#Spring_X17Y21,OutdoorsSpring.png#Spring_X18Y21,OutdoorsSpring.png#Spring_X17Y21,OutdoorsSpring.png#Spring_X18Y21,OutdoorsSpring.png#Spring_X17Y21,OutdoorsSpring.png#Spring_X18Y21,OutdoorsSpring.png#Spring_X17Y21,OutdoorsSpring.png#Spring_X18Y21,OutdoorsSpring.png#Spring_X17Y21,OutdoorsSpring.png#Spring_X18Y21,OutdoorsSpring.png#Spring_X17Y21,OutdoorsSpring.png#Spring_X18Y21,OutdoorsSpring.png#Spring_X17Y21,OutdoorsSpring.png#Spring_X18Y21,OutdoorsSpring.png#Spring_X17Y21,OutdoorsSpring.png#Spring_X18Y21,OutdoorsSpring.png#Spring_X8Y68,,OutdoorsSpring.png#Spring_X10Y68,OutdoorsSpring.png#Spring_X18Y21,OutdoorsSpring.png#Spring_X17Y21,OutdoorsSpring.png#Spring_X18Y21,OutdoorsSpring.png#Spring_X19Y21,,,OutdoorsSpring.png#Spring_X16Y21,OutdoorsSpring.png#Spring_X17Y21,OutdoorsSpring.png#Spring_X18Y21,OutdoorsSpring.png#Spring_X19Y21,,,,,,,,,,,,,,,,,,,,,,,,,,,,,,,,,,,,,,,OutdoorsSpring.png#Spring_X11Y15,,,,,,,,,,,,,,,
,,OutdoorsSpring.png#Spring_X19Y13,OutdoorsSpring.png#Spring_X21Y14,,,,,,,,,,,,,,,,,,,,,,,,,,,,,,,,,,,,,,,,,,,,,,,,,,,,,,,,,,,,,,,,,,,,,,,,,,,,,,,,,OutdoorsSpring.png#Spring_X11Y15,,,,,,,,,,,,,,,
,,OutdoorsSpring.png#Spring_X19Y13,,,,,,,,,,,,,,,,,,,,,,,,,,,,,,,,,,,,,,,,,,,,,,,,,,,,,,,,,,,,,,,,,,,,,,,,,,,,,,,,,,OutdoorsSpring.png#Spring_X11Y15,,,,,,,,,,,,,,,
,,OutdoorsSpring.png#Spring_X19Y16,,,,,,,,,,,,,,,,,,,,,,,,,,,,,,,,,,,,,,,,,,,,,,,,,,,,,,,,,,,,,,,,,,,,,,,,,,,,,,,,,,OutdoorsSpring.png#Spring_X11Y16,OutdoorsSpring.png#Spring_X8Y14,OutdoorsSpring.png#Spring_X9Y14,OutdoorsSpring.png#Spring_X9Y14,OutdoorsSpring.png#Spring_X9Y14,OutdoorsSpring.png#Spring_X9Y14,OutdoorsSpring.png#Spring_X9Y14,OutdoorsSpring.png#Spring_X9Y14,OutdoorsSpring.png#Spring_X9Y14,OutdoorsSpring.png#Spring_X9Y14,OutdoorsSpring.png#Spring_X9Y14,OutdoorsSpring.png#Spring_X9Y14,OutdoorsSpring.png#Spring_X9Y14,OutdoorsSpring.png#Spring_X9Y14,OutdoorsSpring.png#Spring_X9Y14,
,,OutdoorsSpring.png#Spring_X19Y15,,,,,,,,,,,,,,,,,,,,,,,,,,,,,,,,,,,,,,,,,,,,,,,,,,,,,,,,,,,,,,,,,,,,,,,,,,,,,,,,,,OutdoorsSpring.png#Spring_X11Y17,OutdoorsSpring.png#Spring_X8Y15,OutdoorsSpring.png#Spring_X9Y15,OutdoorsSpring.png#Spring_X9Y15,OutdoorsSpring.png#Spring_X9Y15,OutdoorsSpring.png#Spring_X9Y15,OutdoorsSpring.png#Spring_X9Y15,OutdoorsSpring.png#Spring_X9Y15,OutdoorsSpring.png#Spring_X9Y15,OutdoorsSpring.png#Spring_X9Y15,OutdoorsSpring.png#Spring_X9Y15,OutdoorsSpring.png#Spring_X9Y15,OutdoorsSpring.png#Spring_X9Y15,OutdoorsSpring.png#Spring_X9Y15,OutdoorsSpring.png#Spring_X9Y15,
,,OutdoorsSpring.png#Spring_X19Y16,,,,,,,,,,,,,,,,,,,,,,,,,,,,,,,,,,,,,,,,,,,,,,,,,,,,,,,,,,,,,,,,,,,,,,,,,,,,,,,,,,,,,,,,,,,,,,,,,
,,OutdoorsSpring.png#Spring_X19Y15,,,,,,,,,,,,,,,,,,,,,,,,,,,,,,,,,,,,,,,,,,,,,,,,,,,,,,,,,,,,,,,,,,,,,,,,,,,,,,,,,,,,,,,,,,,,,,,,,
,,OutdoorsSpring.png#Spring_X19Y16,,,,,,,,,,,,,,,,,,,,,,,,,,,,,,,,,,,,,,,,,,,,,,,,,,,,,,,,,,,,,,,,,,,,,,,,,,,,,,,,,,,,,,,,,,,,,,,,,
,,OutdoorsSpring.png#Spring_X19Y15,,,,,,,,,,,,,,,,,,,,,,,,,,,,,,,,,,,,,,,,,,,,,,,,,,,,,,,,,,,,,,,,,,,,,,,,,,,,,,,,,,,,,,,,,,,,,,,,,
,,OutdoorsSpring.png#Spring_X19Y16,,,,,,,,,,,,,,,,,,,,,,,,,,,,,,,,,,,,,,,,,,,,,,,,,,,,,,,,,,,,,,,,,,,,,,,,,,,,,,,,,,OutdoorsSpring.png#Spring_X11Y14,OutdoorsSpring.png#Spring_X8Y14,OutdoorsSpring.png#Spring_X9Y14,OutdoorsSpring.png#Spring_X9Y14,OutdoorsSpring.png#Spring_X9Y14,OutdoorsSpring.png#Spring_X9Y14,OutdoorsSpring.png#Spring_X9Y14,OutdoorsSpring.png#Spring_X9Y14,OutdoorsSpring.png#Spring_X9Y14,OutdoorsSpring.png#Spring_X9Y14,OutdoorsSpring.png#Spring_X9Y14,OutdoorsSpring.png#Spring_X9Y14,OutdoorsSpring.png#Spring_X9Y14,OutdoorsSpring.png#Spring_X9Y14,OutdoorsSpring.png#Spring_X9Y14,
,,OutdoorsSpring.png#Spring_X19Y15,,,,,,,,,,,,,,,,,,,,,,,,,,,,,,,,,,,,,,,,,,,,,,,,,,,,,,,,,,,,,,,,,,,,,,,,,,,,,,,,,,OutdoorsSpring.png#Spring_X11Y15,OutdoorsSpring.png#Spring_X8Y15,OutdoorsSpring.png#Spring_X9Y15,OutdoorsSpring.png#Spring_X9Y15,OutdoorsSpring.png#Spring_X9Y15,OutdoorsSpring.png#Spring_X9Y15,OutdoorsSpring.png#Spring_X9Y15,OutdoorsSpring.png#Spring_X9Y15,OutdoorsSpring.png#Spring_X9Y15,OutdoorsSpring.png#Spring_X9Y15,OutdoorsSpring.png#Spring_X9Y15,OutdoorsSpring.png#Spring_X9Y15,OutdoorsSpring.png#Spring_X9Y15,OutdoorsSpring.png#Spring_X9Y15,OutdoorsSpring.png#Spring_X9Y15,
,,OutdoorsSpring.png#Spring_X19Y16,,,,,,,,,,,,,,,,,,,,,,,,,,,,,,,,,,,,,,,,,,,,,,,,,,,,,,,,,,,,,,,,,,,,,,,,,,,,,,,,,,OutdoorsSpring.png#Spring_X11Y15,,,,,,,,,,,,,,,
,,OutdoorsSpring.png#Spring_X19Y15,,,,,,,,,,,,,,,,,,,,,,,,,,,,,,,,,,,,,,,,,,,,,,,,,,,,,,,,,,,,,,,,,,,,,,,,,,,,,,,,,,OutdoorsSpring.png#Spring_X11Y15,,OutdoorsSpring.png#Spring_X3Y0,OutdoorsSpring.png#Spring_X4Y0,OutdoorsSpring.png#Spring_X5Y0,,,,,,,,,,,
,,OutdoorsSpring.png#Spring_X19Y16,,,,,,,,,,,,,,,,,,,,,,,,,,,,,,,,,,,,,,,,,,,,,,,,,,,,,,,,,,,,,,,,,,,,,,,,,,,,,,,,,,OutdoorsSpring.png#Spring_X11Y16,,OutdoorsSpring.png#Spring_X3Y1,OutdoorsSpring.png#Spring_X4Y1,OutdoorsSpring.png#Spring_X5Y1,,,,,,,,,,,
,,OutdoorsSpring.png#Spring_X19Y15,,,,,,,,,,,,,,,,,,,,,,,,,,,,,,,,,,,,,,,,,,,,,,,,,,,,,,,,,,,,,,,,,,,,,,,,,,,,,,,,,,OutdoorsSpring.png#Spring_X11Y15,,OutdoorsSpring.png#Spring_X3Y2,OutdoorsSpring.png#Spring_X4Y2,OutdoorsSpring.png#Spring_X5Y2,,,,,,,,,,,
,,OutdoorsSpring.png#Spring_X19Y16,,,,,,,,,,,,,,,,,,,,,,,,,,,,,,,,,,,,,,,,,,,,,,,,,,,,,,,,,,,,,,,,,,,OutdoorsSpring.png#Spring_X8Y7,OutdoorsSpring.png#Spring_X9Y7,OutdoorsSpring.png#Spring_X11Y8,OutdoorsSpring.png#Spring_X9Y7,OutdoorsSpring.png#Spring_X11Y8,OutdoorsSpring.png#Spring_X10Y7,,,,,,,,,,OutdoorsSpring.png#Spring_X11Y16,,OutdoorsSpring.png#Spring_X3Y3,OutdoorsSpring.png#Spring_X4Y3,OutdoorsSpring.png#Spring_X5Y3,,,,,,,,,,,
,,OutdoorsSpring.png#Spring_X19Y15,,,,,,,,,,,,,,,,,,,,,,,,,,,,,,,,,,,,,,,,,,,,,,,,,,,,,,,,,,,,,,,,,,,OutdoorsSpring.png#Spring_X8Y8,,,,,OutdoorsSpring.png#Spring_X9Y11,OutdoorsSpring.png#Spring_X10Y7,,,,,,,,,OutdoorsSpring.png#Spring_X11Y15,,OutdoorsSpring.png#Spring_X3Y4,OutdoorsSpring.png#Spring_X4Y4,OutdoorsSpring.png#Spring_X5Y4,,,,,,,,,,,
,,OutdoorsSpring.png#Spring_X19Y16,,,,,,,,,,,,,,,,,,,,,,,,,,,,,,,,,,,,,,,,,,,,,,,,,,,,,,,,,,,,,,,,,,,OutdoorsSpring.png#Spring_X29Y55,,,,,,OutdoorsSpring.png#Spring_X10Y9,,,,,,,,,OutdoorsSpring.png#Spring_X11Y16,OutdoorsSpring.png#Spring_X13Y3,OutdoorsSpring.png#Spring_X14Y3,OutdoorsSpring.png#Spring_X4Y5,OutdoorsSpring.png#Spring_X5Y5,,,,,,,,,,,
,,OutdoorsSpring.png#Spring_X19Y15,,,,,,,,,,,,,,,,,,,,,,,,,,,,,,,,,,,,,,,,,,,,,,,,,,,,,,,,,,,,,,,,,,,OutdoorsSpring.png#Spring_X28Y58,,,,,,OutdoorsSpring.png#Spring_X10Y9,,,,,,,,,OutdoorsSpring.png#Spring_X11Y15,OutdoorsSpring.png#Spring_X13Y4,OutdoorsSpring.png#Spring_X14Y4,,,,,,,,,,,,,
,,OutdoorsSpring.png#Spring_X19Y16,,,,,,,,,,,,,,,,,,,,,,,,,,,,,,,,,,,,,,,,,,,,,,,,,,,,,,,,,,,,,,,,,,,OutdoorsSpring.png#Spring_X8Y10,,,,,,OutdoorsSpring.png#Spring_X10Y9,,,,,,,,,OutdoorsSpring.png#Spring_X11Y16,,OutdoorsSpring.png#Spring_X0Y0,OutdoorsSpring.png#Spring_X1Y0,OutdoorsSpring.png#Spring_X2Y0,,,,,,,,,,,
,,OutdoorsSpring.png#Spring_X19Y15,,,,,,,,,,,,,,,,,,,,,,,,,,,,,,,,,,,,,,,,,,,,,,,,,,,,,,,,,,,,,,,,,,,,OutdoorsSpring.png#Spring_X12Y8,,,,,OutdoorsSpring.png#Spring_X10Y10,,,,,,,,,OutdoorsSpring.png#Spring_X11Y15,,OutdoorsSpring.png#Spring_X0Y1,OutdoorsSpring.png#Spring_X1Y1,OutdoorsSpring.png#Spring_X2Y1,,,,,,,,,,,
,,OutdoorsSpring.png#Spring_X19Y16,,,,,,,,,,,,,,,,,,,,,,,,,,,,,,,,,,,,,,,,,,,,,,,,,,,,,,,,,,,,,,,,,,,,,OutdoorsSpring.png#Spring_X12Y8,OutdoorsSpring.png#Spring_X9Y10,OutdoorsSpring.png#Spring_X9Y10,OutdoorsSpring.png#Spring_X10Y10,,,,,,,,,,OutdoorsSpring.png#Spring_X11Y16,,OutdoorsSpring.png#Spring_X0Y2,OutdoorsSpring.png#Spring_X1Y2,OutdoorsSpring.png#Spring_X2Y2,,,,,,,,,,,
,,OutdoorsSpring.png#Spring_X19Y15,,,,,,,,,,,,,,,,,,,,,,,,,,,,,,,,,,,,,,,,,,,,,,,,,,,,,,,,,,,,,,,,,,,,,,,,,,,,,,,,,,OutdoorsSpring.png#Spring_X11Y15,,OutdoorsSpring.png#Spring_X0Y3,OutdoorsSpring.png#Spring_X1Y3,OutdoorsSpring.png#Spring_X2Y3,,,,,,,,,,,
,,OutdoorsSpring.png#Spring_X19Y16,,,,,,,,,,,,,,,,,,,,,,,,,,,,,,,,,,,,,,,,,,,,,,,,,,,,,,,,,,,,,,,,,,,,,,,,,,,,,,,,,,OutdoorsSpring.png#Spring_X11Y16,,,OutdoorsSpring.png#Spring_X1Y4,,,,,,,,,,,,
,,OutdoorsSpring.png#Spring_X19Y15,,,,,,,,,,,,,,,,,,,,,,,,,,,,,,,,,,,,,,,,,,,,,,,,,,,,,,,,,,,,,,,,,,,,,,,,,,,,,,,,,,OutdoorsSpring.png#Spring_X11Y15,OutdoorsSpring.png#Spring_X13Y3,OutdoorsSpring.png#Spring_X14Y3,OutdoorsSpring.png#Spring_X1Y5,,,,,,,,,,,,
,,OutdoorsSpring.png#Spring_X19Y16,,,,,,,,,,,,,,,,,,,,,,,,,,,,,,,,,,,,,,,,,,,,,,,,,,,,,,,,,,,,,,,,,,,,,,,,,,,,,,,,,,OutdoorsSpring.png#Spring_X11Y16,OutdoorsSpring.png#Spring_X13Y4,OutdoorsSpring.png#Spring_X14Y4,,,,,,,,,,,,,
,,OutdoorsSpring.png#Spring_X19Y15,,,,,,,,,,,,,,,,,,,,,,,,,,,,,,,,,,,,,,,,,,,,,,,,,,,,,,,,,,,,,,,,,,,,,,,,,,,,,,,,,,OutdoorsSpring.png#Spring_X11Y15,,OutdoorsSpring.png#Spring_X3Y0,OutdoorsSpring.png#Spring_X4Y0,OutdoorsSpring.png#Spring_X5Y0,,,,,,,,,,,
,,OutdoorsSpring.png#Spring_X19Y16,,,,,,,,,,,,,,,,,,,,,,,,,,,,,,,,,,,,,,,,,,,,,,,,,,,,,,,,,,,,,,,,,,,,,,,,,,,,,,,,,,OutdoorsSpring.png#Spring_X11Y16,,OutdoorsSpring.png#Spring_X3Y1,OutdoorsSpring.png#Spring_X4Y1,OutdoorsSpring.png#Spring_X5Y1,,,,,,,,,,,
,,OutdoorsSpring.png#Spring_X19Y15,,,,,,,,,,,,,,,,,,,,,,,,,,,,,,,,,,,,,,,,,,,,,,,,,,,,,,,,,,,,,,,,,,,,,,,,,,,,,,,,,,OutdoorsSpring.png#Spring_X11Y15,,OutdoorsSpring.png#Spring_X3Y2,OutdoorsSpring.png#Spring_X4Y2,OutdoorsSpring.png#Spring_X5Y2,,,,,,,,,,,
,,OutdoorsSpring.png#Spring_X19Y16,,,,,,,,,,,,,,,,,,,,,,,,,,,,,,,,,,,,,,,,,,,,,,,,,,,,,,,,,,,,,,,,,,,,,,,,,,,,,,,,,,OutdoorsSpring.png#Spring_X11Y16,,OutdoorsSpring.png#Spring_X3Y3,OutdoorsSpring.png#Spring_X4Y3,OutdoorsSpring.png#Spring_X5Y3,,,,,,,,,,,
,,OutdoorsSpring.png#Spring_X19Y15,,,,,,,,,,,,,,,,,,,,,,,,,,,,,,,,,,,,,,,,,,,,,,,,,,,,,,,,,,,,,,,,,,,,,,,,,,,,,,,,,,OutdoorsSpring.png#Spring_X11Y15,,OutdoorsSpring.png#Spring_X3Y4,OutdoorsSpring.png#Spring_X4Y4,OutdoorsSpring.png#Spring_X5Y4,,,,,,,,,,,
,,OutdoorsSpring.png#Spring_X19Y16,,,,,,,,,,,,,,,,,,,,,,,,,,,,,,,,,,,,,,,,,,,,,,,,,,,,,,,,,,,,,,,,,,,,,,,,,,,,,,,,,,OutdoorsSpring.png#Spring_X11Y16,,OutdoorsSpring.png#Spring_X3Y5,OutdoorsSpring.png#Spring_X4Y5,OutdoorsSpring.png#Spring_X5Y5,,,,,,,,,,,
,,OutdoorsSpring.png#Spring_X19Y15,,,,,,,,,,,,,,,,,,,,,,,,,,,,,,,,,,,,,,,,,,,,,,,,,,,,,,,,,,,,,,,,,,,,,,,,,,,,,,,,,,OutdoorsSpring.png#Spring_X11Y15,,,,,,,,,,,,,,,
,,OutdoorsSpring.png#Spring_X19Y16,,,,,,,,,,,,,,,,,,,,,,,,,,,,,,,,,,,,,,,,,,,,,,,,,,,,,,,,,,,,,,,,,,,,,,,,,,,,,,,,,,OutdoorsSpring.png#Spring_X11Y16,,,,,,,,,,,,,,,
,,OutdoorsSpring.png#Spring_X19Y15,,,,,,,,,,,,,,,,,,,,,,,,,,,,,,,,,,,,,,,,,,,,,,,,,,,,,,,,,,,,,,,,,,,,,,,,,,,,,,,,,,OutdoorsSpring.png#Spring_X11Y15,,,,,,,,,,,,,,,
,,OutdoorsSpring.png#Spring_X19Y16,,,,,,,,,,,,,,,,,,,,,,,,,,,,,,,,,,,,,,,,,,,,,,,,,,,,,,,,,,,,,,,,,,,,,,,,,,,,,,,,,,OutdoorsSpring.png#Spring_X11Y16,,,,,,,,,,,,,,,
,,OutdoorsSpring.png#Spring_X19Y15,,,,,,,,,,,,,,,,,,,,,,,,,,,,,,,,,,,,,,,,,,,,,,,,,,,,,,,,,,,,,,,,,,,,,,,,,,,,,,,,,,OutdoorsSpring.png#Spring_X11Y15,,,,,,,,,,,,,,,
,,OutdoorsSpring.png#Spring_X19Y16,,,,,,,,,,,,,,,,,,,,,,,,,,,,,,,,,,,,,,,,,,,,,,,,,,,,,,,,,,,,,,,,,,,,,,,,,,,,,,,,,,OutdoorsSpring.png#Spring_X11Y16,,,,,,,,,,,,,,,
,,OutdoorsSpring.png#Spring_X19Y15,,,,,,,,,,,,,,,,,,,,,,,,,,,,,,,,,,,,,,,,,,,,,,,,,,,,,,,,,,,,,,,,,,,,,,,,,,,,,,,,,,OutdoorsSpring.png#Spring_X11Y15,,,,,,,,,,,,,,,
,,OutdoorsSpring.png#Spring_X19Y16,,,,,,,,,,,,,,,,,,,,,,,,,,,,,,,,,,,,,,,,,,,,,,,,,,,,,,,,,,,,,,,,,,,,,,,,,,,,,,,,,,OutdoorsSpring.png#Spring_X11Y16,,,,,,,,,,,,,,,
,,OutdoorsSpring.png#Spring_X19Y15,,,,,,,,,,,,,,,,,,,,,,,,,,,,,,,,,,,,,,,,,,,,,,,,,,,,,,,,,,,,,,,,,,,,,,,,,,,,,,,,,,OutdoorsSpring.png#Spring_X11Y15,,,,,,,,,,,,,,,
,,OutdoorsSpring.png#Spring_X19Y16,,,,,,,,,,,,,,,,,,,,,,,,,,,,,,,,,,,,,,,,,,,,,,,,,,,,,,,,,,,,,,,,,,,,,,,,,,,,,,,,,,OutdoorsSpring.png#Spring_X11Y16,,,,,,,,,,,,,,,
,,OutdoorsSpring.png#Spring_X19Y15,,,,,,,,,,,,,,,,,,,,,,,,,,,,,,,,,,,,,,,,,,,,,,,,,,,,,,,,,,,,,,,,,,,,,,,,,,,,,,,,,,OutdoorsSpring.png#Spring_X11Y15,,,,,,,,,,,,,,,
,,OutdoorsSpring.png#Spring_X19Y16,,,,,,,,,,,,,,,,,,,,,,,,,,,,,,,,,,,,,,,,,,,,,,,,,,,,,,,,,,,,,,,,,,,,,,,,,,,,,,,,,,OutdoorsSpring.png#Spring_X11Y16,,,,,,,,,,,,,,,
,,OutdoorsSpring.png#Spring_X19Y15,,,,,,,,,,,,,,,,,,,,,,,,,,,,,,,,,,,,,,,,,,,,,,,,,,,,,,,,,,,,,,,,,,,,,,,,,,,,,,,,,,OutdoorsSpring.png#Spring_X11Y15,,,,,,,,,,,,,,,
,,OutdoorsSpring.png#Spring_X19Y16,,,,,,,,,,,,,,,,,,,,,,,,,,,,,,,,,,,,,,,,,,,,,,,,,,,,,,,,,,,,,,,,,,,,,,,,,,,,,,,,,,OutdoorsSpring.png#Spring_X11Y16,,,,,,,,,,,,,,,
,,OutdoorsSpring.png#Spring_X19Y15,,,,,,,,,,,,,,,,,,,,,,,,,,,,,,,,,,,,,,,,,,,,,,,,,,,,,,,,,,,,,,,,,,,,,,,,,,,,,,,,,,OutdoorsSpring.png#Spring_X11Y15,,,,,,,,,,,,,,,
,,OutdoorsSpring.png#Spring_X19Y16,,,,,,,,,,,,,,,,,,,,,,,,,,,,,,,,,,,,,,,,,,,,,,,,,,,,,,,,,,,,,,,,,,,,,,,,,,,,,,,,,,OutdoorsSpring.png#Spring_X11Y16,,,,,,,,,,,,,,,
,,OutdoorsSpring.png#Spring_X19Y15,,,,,,,,,,,,,,,,,,,,,,,,,,,,,,,,,,,,,,,,,,,,,,,,,,,,,,,,,,,,,,,,,,,,,,,,,,,,,,,,,,OutdoorsSpring.png#Spring_X11Y15,,,,,,,,,,,,,,,
,,OutdoorsSpring.png#Spring_X19Y16,,,,,,,,,,,,,,,,,,,,,,,,,,,,,,,,,,,,,,,,,,,,,,,,,,,,,,,,,,,,,,,,,,,,,,,,,,,,,,,,,,OutdoorsSpring.png#Spring_X11Y16,,,,,,,,,,,,,,,
,,OutdoorsSpring.png#Spring_X19Y15,,,,,,,,,,,,,,,,,,,,,,,,,,,,,,,,,,,,,,,,,,,,,,,,,,,,,,,,,,,,,,,,,,,,,,,,,,,,,,,,,,OutdoorsSpring.png#Spring_X11Y15,,,,,,,,,,,,,,,
,,OutdoorsSpring.png#Spring_X19Y16,,,,,,,,,,,,,,,,,,,,,,,,,,,,,,,,,,,,,,,,,,,,,,,,,,,,,,,,,,,,,,,,,,,,,,,,,,,,,,,,,,OutdoorsSpring.png#Spring_X11Y16,,,,,,,,,,,,,,,
,,OutdoorsSpring.png#Spring_X19Y15,,,,,,,,,,,,,,,,,,,,,,,,,,,,,,,,,,,,,,,,,,,,,,,,,,,,,,,,,,,,,,,,,,,,,,,,,,,,,,,,,,OutdoorsSpring.png#Spring_X11Y15,,,,,,,,,,,,,,,
,,OutdoorsSpring.png#Spring_X12Y16,OutdoorsSpring.png#Spring_X13Y16,OutdoorsSpring.png#Spring_X14Y16,OutdoorsSpring.png#Spring_X13Y16,OutdoorsSpring.png#Spring_X14Y16,OutdoorsSpring.png#Spring_X13Y16,OutdoorsSpring.png#Spring_X14Y16,OutdoorsSpring.png#Spring_X13Y16,OutdoorsSpring.png#Spring_X14Y16,OutdoorsSpring.png#Spring_X13Y16,OutdoorsSpring.png#Spring_X14Y16,OutdoorsSpring.png#Spring_X13Y16,OutdoorsSpring.png#Spring_X14Y16,OutdoorsSpring.png#Spring_X13Y16,OutdoorsSpring.png#Spring_X14Y16,OutdoorsSpring.png#Spring_X13Y16,OutdoorsSpring.png#Spring_X14Y16,OutdoorsSpring.png#Spring_X13Y16,OutdoorsSpring.png#Spring_X14Y16,OutdoorsSpring.png#Spring_X13Y16,OutdoorsSpring.png#Spring_X14Y16,OutdoorsSpring.png#Spring_X13Y16,OutdoorsSpring.png#Spring_X14Y16,OutdoorsSpring.png#Spring_X13Y16,OutdoorsSpring.png#Spring_X14Y16,OutdoorsSpring.png#Spring_X13Y16,OutdoorsSpring.png#Spring_X14Y16,OutdoorsSpring.png#Spring_X13Y16,OutdoorsSpring.png#Spring_X14Y16,OutdoorsSpring.png#Spring_X13Y16,OutdoorsSpring.png#Spring_X14Y16,OutdoorsSpring.png#Spring_X13Y16,OutdoorsSpring.png#Spring_X14Y16,OutdoorsSpring.png#Spring_X13Y16,OutdoorsSpring.png#Spring_X14Y16,OutdoorsSpring.png#Spring_X13Y16,OutdoorsSpring.png#Spring_X14Y16,OutdoorsSpring.png#Spring_X13Y17,,,OutdoorsSpring.png#Spring_X14Y17,OutdoorsSpring.png#Spring_X13Y16,OutdoorsSpring.png#Spring_X14Y16,OutdoorsSpring.png#Spring_X13Y16,OutdoorsSpring.png#Spring_X14Y16,OutdoorsSpring.png#Spring_X13Y16,OutdoorsSpring.png#Spring_X14Y16,OutdoorsSpring.png#Spring_X13Y16,OutdoorsSpring.png#Spring_X14Y16,OutdoorsSpring.png#Spring_X13Y16,OutdoorsSpring.png#Spring_X14Y16,OutdoorsSpring.png#Spring_X13Y16,OutdoorsSpring.png#Spring_X14Y16,OutdoorsSpring.png#Spring_X13Y16,OutdoorsSpring.png#Spring_X14Y16,OutdoorsSpring.png#Spring_X13Y16,OutdoorsSpring.png#Spring_X14Y16,OutdoorsSpring.png#Spring_X13Y16,OutdoorsSpring.png#Spring_X14Y16,OutdoorsSpring.png#Spring_X13Y16,OutdoorsSpring.png#Spring_X14Y16,OutdoorsSpring.png#Spring_X13Y16,OutdoorsSpring.png#Spring_X14Y16,OutdoorsSpring.png#Spring_X13Y16,OutdoorsSpring.png#Spring_X14Y16,OutdoorsSpring.png#Spring_X13Y16,OutdoorsSpring.png#Spring_X14Y16,OutdoorsSpring.png#Spring_X13Y16,OutdoorsSpring.png#Spring_X14Y16,OutdoorsSpring.png#Spring_X13Y16,OutdoorsSpring.png#Spring_X14Y16,OutdoorsSpring.png#Spring_X13Y16,OutdoorsSpring.png#Spring_X14Y16,OutdoorsSpring.png#Spring_X13Y16,OutdoorsSpring.png#Spring_X13Y16,OutdoorsSpring.png#Spring_X14Y16,OutdoorsSpring.png#Spring_X13Y16,OutdoorsSpring.png#Spring_X14Y16,OutdoorsSpring.png#Spring_X13Y17,,,,OutdoorsSpring.png#Spring_X11Y16,,,,,,,,,,,,,,,
,,,,,,,,,,,,,,,,,,,,,,,,,,,,,,,,,,,,,,,OutdoorsSpring.png#Spring_X31Y23,,,OutdoorsSpring.png#Spring_X30Y23,,,,,,,,,,,,,,,,,,,,,,,,,,,,,,,,,,,,,,OutdoorsSpring.png#Spring_X19Y14,,,,OutdoorsSpring.png#Spring_X11Y15,,,,,,,,,,,,,,,
,,,,,,,,,,,,,,,,,,,,,,,,,,,,,,,,,,,,,,,OutdoorsSpring.png#Spring_X31Y24,,,OutdoorsSpring.png#Spring_X30Y24,,,,,,,,,,,,,,,,,,,,,,,,,,,,,,,,,,,,,,OutdoorsSpring.png#Spring_X19Y14,,,,OutdoorsSpring.png#Spring_X11Y16,,,,,,,,,,,,,,,
,,,,,,,,,,,,,,,,,,,,,,,,,,,,,,,,,,,,,,,OutdoorsSpring.png#Spring_X19Y16,,,OutdoorsSpring.png#Spring_X16Y16,,,,,,,,,,,,,,,,,,,,,,,,,,,,,,,,,,,,,,,,,,,,,,,,,,,,,,,,,
,,,,,,,,,,,,,,,,,,,,,,,,,,,,,,,,,,,,,,,,,,,,,,,,,,,,,,,,,,,,,,,,,,,,,,,,,,,,,,,,,,,,,,,,,,,,,,,,,,,
,,,,,,,,,,,,,,,,,,,,,,,,,,,,,,,,,,,,,,,,,,,,,,,,,,,,,,,,,,,,,,,,,,,,,,,,,,,,,,,,,,,,,,,,,,,,,,,,,,,
,,,,,,,,,,,,,,,,,,,,,,,,,,,,,,,,,,,,,,,,,,,,,,,,,,,,,,,,,,,,,,,,,,,,,,,,,,,,,,,,,,,,,,,,,,,,,,,,,,,
,,,,,,,,,,,,,,,,,,,,,,,,,,,,,,,,,,,,,,,,,,,,,,,,,,,,,,,,,,,,,,,,,,,,,,,,,,,,,,,,,,,,,,,,,,,,,,,,,,,
,,,,,,,,,,,,,,,,,,,,,,,,,,,,,,,,,,,,,,,,,,,,,,,,,,,,,,,,,,,,,,,,,,,,,,,,,,,,,,,,,,,,,,,,,,,,,,,,,,,
,,,,,,,,,,,,,,,,,,,,,,,,,,,,,,,,,,,,,,,,,,,,,,,,,,,,,,,,,,,,,,,,,,,,,,,,,,,,,,,,,,,,,,,,,,,,,,,,,,,
,,,,,,,,,,,,,,,,,,,,,,,,,,,,,,,,,,,,,,,,,,,,,,,,,,,,,,,,,,,,,,,,,,,,,,,,,,,,,,,,,,,,,,,,,,,,,,,,,,,
,,,,,,,,,,,,,,,,,,,,,,,,,,,,,,,,,,,,,,,,,,,,,,,,,,,,,,,,,,,,,,,,,,,,,,,,,,,,,,,,,,,,,,,,,,,,,,,,,,,
,,,,,,,,,,,,,,,,,,,,,,,,,,,,,,,,,,,,,,,,,,,,,,,,,,,,,,,,,,,,,,,,,,,,,,,,,,,,,,,,,,,,,,,,,,,,,,,,,,,
,,,,,,,,,,,,,,,,,,,,,,,,,,,,,,,,,,,,,,,,,,,,,,,,,,,,,,,,,,,,,,,,,,,,,,,,,,,,,,,,,,,,,,,,,,,,,,,,,,,
,,,,,,,,,,,,,,,,,,,,,,,,,,,,,,,,,,,,,,,,,,,,,,,,,,,,,,,,,,,,,,,,,,,,,,,,,,,,,,,,,,,,,,,,,,,,,,,,,,,
,,,,,,,,,,,,,,,,,,,,,,,,,,,,,,,,,,,,,,,,,,,,,,,,,,,,,,,,,,,,,,,,,,,,,,,,,,,,,,,,,,,,,,,,,,,,,,,,,,,
,,,,,,,,,,,,,,,,,,,,,,,,,,,,,,,,,,,,,,,,,,,,,,,,,,,,,,,,,,,,,,,,,,,,,,,,,,,,,,,,,,,,,,,,,,,,,,,,,,,
,,,,,,,,,,,,,,,,,,,,,,,,,,,,,,,,,,,,,,,,,,,,,,,,,,,,,,,,,,,,,,,,,,,,,,,,,,,,,,,,,,,,,,,,,,,,,,,,,,,
,,,,,,,,,,,,,,,,,,,,,,,,,,,,,,,,,,,,,,,,,,,,,,,,,,,,,,,,,,,,,,,,,,,,,,,,,,,,,,,,,,,,,,,,,,,,,,,,,,,
,,,,,,,,,,,,,,,,,,,,,,,,,,,,,,,,,,,,,,,,,,,,,,,,,,,,,,,,,,,,,,,,,,,,,,,,,,,,,,,,,,,,,,,,,,,,,,,,,,,
,,,,,,,,,,,,,,,,,,,,,,,,,,,,,,,,,,,,,,,,,,,,,,,,,,,,,,,,,,,,,,,,,,,,,,,,,,,,,,,,,,,,,,,,,,,,,,,,,,,
,,,,,,,,,,,,,,,,,,,,,,,,,,,,,,,,,,,,,,,,,,,,,,,,,,,,,,,,,,,,,,,,,,,,,,,,,,,,,,,,,,,,,,,,,,,,,,,,,,,
,,,,,,,,,,,,,,,,,,,,,,,,,,,,,,,,,,,,,,,,,,,,,,,,,,,,,,,,,,,,,,,,,,,,,,,,,,,,,,,,,,,,,,,,,,,,,,,,,,,
,,,,,,,,,,,,,,,,,,,,,,,,,,,,,,,,,,,,,,,,,,,,,,,,,,,,,,,,,,,,,,,,,,,,,,,,,,,,,,,,,,,,,,,,,,,,,,,,,,,
,,,,,,,,,,,,,,,,,,,,,,,,,,,,,,,,,,,,,,,,,,,,,,,,,,,,,,,,,,,,,,,,,,,,,,,,,,,,,,,,,,,,,,,,,,,,,,,,,,,
,,,,,,,,,,,,,,,,,,,,,,,,,,,,,,,,,,,,,,,,,,,,,,,,,,,,,,,,,,,,,,,,,,,,,,,,,,,,,,,,,,,,,,,,,,,,,,,,,,,
,,,,,,,,,,,,,,,,,,,,,,,,,,,,,,,,,,,,,,,,,,,,,,,,,,,,,,,,,,,,,,,,,,,,,,,,,,,,,,,,,,,,,,,,,,,,,,,,,,,
,,,,,,,,,,,,,,,,,,,,,,,,,,,,,,,,,,,,,,,,,,,,,,,,,,,,,,,,,,,,,,,,,,,,,,,,,,,,,,,,,,,,,,,,,,,,,,,,,,,
,,,,,,,,,,,,,,,,,,,,,,,,,,,,,,,,,,,,,,,,,,,,,,,,,,,,,,,,,,,,,,,,,,,,,,,,,,,,,,,,,,,,,,,,,,,,,,,,,,,
,,,,,,,,,,,,,,,,,,,,,,,,,,,,,,,,,,,,,,,,,,,,,,,,,,,,,,,,,,,,,,,,,,,,,,,,,,,,,,,,,,,,,,,,,,,,,,,,,,,
,,,,,,,,,,,,,,,,,,,,,,,,,,,,,,,,,,,,,,,,,,,,,,,,,,,,,,,,,,,,,,,,,,,,,,,,,,,,,,,,,,,,,,,,,,,,,,,,,,,
,,,,,,,,,,,,,,,,,,,,,,,,,,,,,,,,,,,,,,,,,,,,,,,,,,,,,,,,,,,,,,,,,,,,,,,,,,,,,,,,,,,,,,,,,,,,,,,,,,,
,,,,,,,,,,,,,,,,,,,,,,,,,,,,,,,,,,,,,,,,,,,,,,,,,,,,,,,,,,,,,,,,,,,,,,,,,,,,,,,,,,,,,,,,,,,,,,,,,,,
,,,,,,,,,,,,,,,,,,,,,,,,,,,,,,,,,,,,,,,,,,,,,,,,,,,,,,,,,,,,,,,,,,,,,,,,,,,,,,,,,,,,,,,,,,,,,,,,,,,
,,,,,,,,,,,,,,,,,,,,,,,,,,,,,,,,,,,,,,,,,,,,,,,,,,,,,,,,,,,,,,,,,,,,,,,,,,,,,,,,,,,,,,,,,,,,,,,,,,,
,,,,,,,,,,,,,,,,,,,,,,,,,,,,,,,,,,,,,,,,,,,,,,,,,,,,,,,,,,,,,,,,,,,,,,,,,,,,,,,,,,,,,,,,,,,,,,,,,,,
,,,,,,,,,,,,,,,,,,,,,,,,,,,,,,,,,,,,,,,,,,,,,,,,,,,,,,,,,,,,,,,,,,,,,,,,,,,,,,,,,,,,,,,,,,,,,,,,,,,
,,,,,,,,,,,,,,,,,,,,,,,,,,,,,,,,,,,,,,,,,,,,,,,,,,,,,,,,,,,,,,,,,,,,,,,,,,,,,,,,,,,,,,,,,,,,,,,,,,,
,,,,,,,,,,,,,,,,,,,,,,,,,,,,,,,,,,,,,,,,,,,,,,,,,,,,,,,,,,,,,,,,,,,,,,,,,,,,,,,,,,,,,,,,,,,,,,,,,,,
,,,,,,,,,,,,,,,,,,,,,,,,,,,,,,,,,,,,,,,,,,,,,,,,,,,,,,,,,,,,,,,,,,,,,,,,,,,,,,,,,,,,,,,,,,,,,,,,,,,
