,,,,,,,,,,,,,,,,,,,,,,,,,,,,,,,,,,,,,,,,,,,,,,,,,,,OutdoorsSpring.png#Spring_X0Y7,OutdoorsSpring.png#Spring_X0Y7,OutdoorsSpring.png#Spring_X0Y7,OutdoorsSpring.png#Spring_X0Y7,OutdoorsSpring.png#Spring_X0Y7,OutdoorsSpring.png#Spring_X0Y7,OutdoorsSpring.png#Spring_X0Y7,OutdoorsSpring.png#Spring_X0Y7,OutdoorsSpring.png#Spring_X0Y7,OutdoorsSpring.png#Spring_X0Y7,OutdoorsSpring.png#Spring_X0Y7,OutdoorsSpring.png#Spring_X0Y7,OutdoorsSpring.png#Spring_X0Y7,OutdoorsSpring.png#Spring_X0Y7,OutdoorsSpring.png#Spring_X0Y7,OutdoorsSpring.png#Spring_X0Y7,OutdoorsSpring.png#Spring_X0Y7,OutdoorsSpring.png#Spring_X0Y7,OutdoorsSpring.png#Spring_X0Y7,,,,,,,,,,,,,,,,,,,,,,,,,,,,,,
,,,,,,,,,,,,,,,,,,,,,,,,,,,,,,,,,,,,,,,,,,,,,,,,,,,OutdoorsSpring.png#Spring_X0Y7,OutdoorsSpring.png#Spring_X0Y7,OutdoorsSpring.png#Spring_X0Y7,OutdoorsSpring.png#Spring_X0Y7,OutdoorsSpring.png#Spring_X0Y7,OutdoorsSpring.png#Spring_X0Y7,OutdoorsSpring.png#Spring_X0Y7,OutdoorsSpring.png#Spring_X0Y7,OutdoorsSpring.png#Spring_X0Y7,OutdoorsSpring.png#Spring_X0Y7,OutdoorsSpring.png#Spring_X0Y7,OutdoorsSpring.png#Spring_X0Y7,OutdoorsSpring.png#Spring_X0Y7,OutdoorsSpring.png#Spring_X0Y7,OutdoorsSpring.png#Spring_X0Y7,OutdoorsSpring.png#Spring_X0Y7,OutdoorsSpring.png#Spring_X0Y7,OutdoorsSpring.png#Spring_X0Y7,OutdoorsSpring.png#Spring_X0Y7,,,,,,,,,,,,,,,,,,,,,,,,,,,,,,
OutdoorsSpring.png#Spring_X20Y18,,,,,,,,,,,,,,,,,,,,,,,,,,,,,,,,,,,,,,,,,,,,,,,,,,,OutdoorsSpring.png#Spring_X0Y7,OutdoorsSpring.png#Spring_X0Y7,OutdoorsSpring.png#Spring_X0Y7,OutdoorsSpring.png#Spring_X0Y7,OutdoorsSpring.png#Spring_X0Y7,OutdoorsSpring.png#Spring_X0Y7,OutdoorsSpring.png#Spring_X0Y7,OutdoorsSpring.png#Spring_X0Y7,OutdoorsSpring.png#Spring_X0Y7,OutdoorsSpring.png#Spring_X0Y7,OutdoorsSpring.png#Spring_X0Y7,OutdoorsSpring.png#Spring_X0Y7,OutdoorsSpring.png#Spring_X0Y7,OutdoorsSpring.png#Spring_X0Y7,OutdoorsSpring.png#Spring_X0Y7,OutdoorsSpring.png#Spring_X0Y7,OutdoorsSpring.png#Spring_X0Y7,OutdoorsSpring.png#Spring_X0Y7,OutdoorsSpring.png#Spring_X0Y7,,,,,,,,,,,,,,,,,,,,,,,,,,,,,,
OutdoorsSpring.png#Spring_X20Y19,OutdoorsSpring.png#Spring_X21Y19,,,,,,,,,,,,,,,,,,,,,,,,,,,,,,,,,,,,,,,,,,,,,,,,,,OutdoorsSpring.png#Spring_X0Y7,OutdoorsSpring.png#Spring_X0Y7,OutdoorsSpring.png#Spring_X0Y7,OutdoorsSpring.png#Spring_X0Y7,OutdoorsSpring.png#Spring_X0Y7,OutdoorsSpring.png#Spring_X0Y7,OutdoorsSpring.png#Spring_X0Y7,OutdoorsSpring.png#Spring_X0Y7,OutdoorsSpring.png#Spring_X0Y7,OutdoorsSpring.png#Spring_X0Y7,OutdoorsSpring.png#Spring_X0Y7,OutdoorsSpring.png#Spring_X0Y7,OutdoorsSpring.png#Spring_X0Y7,OutdoorsSpring.png#Spring_X0Y7,OutdoorsSpring.png#Spring_X0Y7,OutdoorsSpring.png#Spring_X0Y7,OutdoorsSpring.png#Spring_X0Y7,OutdoorsSpring.png#Spring_X0Y7,OutdoorsSpring.png#Spring_X0Y7,,,,,,,,,,,,,,,,,,,,,,,,,,,,,,
OutdoorsSpring.png#Spring_X20Y20,OutdoorsSpring.png#Spring_X21Y20,OutdoorsSpring.png#Spring_X22Y20,,,,,,,,,,,,,,,,,,,,,,,,,,,,,,,,,,,,,,,,,,,,,,,,,OutdoorsSpring.png#Spring_X0Y7,OutdoorsSpring.png#Spring_X0Y7,OutdoorsSpring.png#Spring_X0Y7,OutdoorsSpring.png#Spring_X0Y7,OutdoorsSpring.png#Spring_X0Y7,OutdoorsSpring.png#Spring_X0Y7,OutdoorsSpring.png#Spring_X0Y7,OutdoorsSpring.png#Spring_X0Y7,OutdoorsSpring.png#Spring_X0Y7,OutdoorsSpring.png#Spring_X0Y7,OutdoorsSpring.png#Spring_X0Y7,OutdoorsSpring.png#Spring_X0Y7,OutdoorsSpring.png#Spring_X0Y7,OutdoorsSpring.png#Spring_X0Y7,OutdoorsSpring.png#Spring_X0Y7,OutdoorsSpring.png#Spring_X0Y7,OutdoorsSpring.png#Spring_X0Y7,OutdoorsSpring.png#Spring_X0Y7,OutdoorsSpring.png#Spring_X0Y7,,,,,,,,,,,,,,,,,,,,,,,,,,,,,,
OutdoorsSpring.png#Spring_X20Y21,OutdoorsSpring.png#Spring_X21Y21,OutdoorsSpring.png#Spring_X22Y21,OutdoorsSpring.png#Spring_X23Y21,,,,,,,,,,,,,,,,,,,,,,,,,,,,,,,,,,,,,,,,,,,,,,,,OutdoorsSpring.png#Spring_X0Y7,OutdoorsSpring.png#Spring_X0Y7,OutdoorsSpring.png#Spring_X0Y7,OutdoorsSpring.png#Spring_X0Y7,OutdoorsSpring.png#Spring_X0Y7,OutdoorsSpring.png#Spring_X0Y7,OutdoorsSpring.png#Spring_X0Y7,OutdoorsSpring.png#Spring_X0Y7,OutdoorsSpring.png#Spring_X0Y7,OutdoorsSpring.png#Spring_X0Y7,OutdoorsSpring.png#Spring_X0Y7,OutdoorsSpring.png#Spring_X0Y7,OutdoorsSpring.png#Spring_X0Y7,OutdoorsSpring.png#Spring_X0Y7,OutdoorsSpring.png#Spring_X0Y7,OutdoorsSpring.png#Spring_X0Y7,OutdoorsSpring.png#Spring_X0Y7,OutdoorsSpring.png#Spring_X0Y7,OutdoorsSpring.png#Spring_X0Y7,,,,,,,,,,,,,,,,,,,,,,,,,,,,,,
,,,,,,,,,,,OutdoorsSpring.png#Spring_X0Y37,OutdoorsSpring.png#Spring_X1Y37,OutdoorsSpring.png#Spring_X2Y37,OutdoorsSpring.png#Spring_X3Y37,OutdoorsSpring.png#Spring_X4Y37,OutdoorsSpring.png#Spring_X5Y37,OutdoorsSpring.png#Spring_X6Y37,OutdoorsSpring.png#Spring_X7Y37,,,,,,,,,,,,,,,,,,,,,,,,,,,,,,,,,OutdoorsSpring.png#Spring_X3Y41,OutdoorsSpring.png#Spring_X2Y41,OutdoorsSpring.png#Spring_X3Y41,OutdoorsSpring.png#Spring_X2Y41,OutdoorsSpring.png#Spring_X3Y41,OutdoorsSpring.png#Spring_X2Y41,OutdoorsSpring.png#Spring_X3Y41,OutdoorsSpring.png#Spring_X2Y41,OutdoorsSpring.png#Spring_X3Y41,OutdoorsSpring.png#Spring_X2Y41,OutdoorsSpring.png#Spring_X3Y41,OutdoorsSpring.png#Spring_X2Y41,OutdoorsSpring.png#Spring_X3Y41,OutdoorsSpring.png#Spring_X2Y41,OutdoorsSpring.png#Spring_X3Y41,OutdoorsSpring.png#Spring_X2Y41,OutdoorsSpring.png#Spring_X3Y41,OutdoorsSpring.png#Spring_X2Y41,OutdoorsSpring.png#Spring_X3Y41,,,,,,,,,,,,,,,,,,,,,,,,,,,,,,
,,,,,,,,,,,OutdoorsSpring.png#Spring_X0Y38,OutdoorsSpring.png#Spring_X1Y38,OutdoorsSpring.png#Spring_X2Y38,OutdoorsSpring.png#Spring_X3Y38,OutdoorsSpring.png#Spring_X4Y38,OutdoorsSpring.png#Spring_X5Y38,OutdoorsSpring.png#Spring_X6Y38,OutdoorsSpring.png#Spring_X7Y38,,,,,,,,,,,,,,,,,,,,,,,,,,,,,,,,,OutdoorsSpring.png#Spring_X4Y42,OutdoorsSpring.png#Spring_X4Y42,OutdoorsSpring.png#Spring_X4Y42,OutdoorsSpring.png#Spring_X4Y42,OutdoorsSpring.png#Spring_X4Y42,OutdoorsSpring.png#Spring_X4Y42,OutdoorsSpring.png#Spring_X4Y42,OutdoorsSpring.png#Spring_X4Y42,OutdoorsSpring.png#Spring_X4Y42,OutdoorsSpring.png#Spring_X4Y42,OutdoorsSpring.png#Spring_X4Y42,OutdoorsSpring.png#Spring_X4Y42,OutdoorsSpring.png#Spring_X4Y42,OutdoorsSpring.png#Spring_X4Y42,OutdoorsSpring.png#Spring_X4Y42,OutdoorsSpring.png#Spring_X4Y42,OutdoorsSpring.png#Spring_X4Y42,OutdoorsSpring.png#Spring_X4Y42,OutdoorsSpring.png#Spring_X4Y42,,,,,,,,,,,,,,,,,,,,,,,,,,,,,,
,,,,,,,,,,,OutdoorsSpring.png#Spring_X0Y39,OutdoorsSpring.png#Spring_X1Y39,OutdoorsSpring.png#Spring_X2Y39,OutdoorsSpring.png#Spring_X3Y39,OutdoorsSpring.png#Spring_X4Y39,OutdoorsSpring.png#Spring_X5Y39,OutdoorsSpring.png#Spring_X6Y39,OutdoorsSpring.png#Spring_X7Y39,,,,,,,,,,,,,,,,,,,,,,,,,,,,,,,,,OutdoorsSpring.png#Spring_X6Y42,OutdoorsSpring.png#Spring_X6Y42,OutdoorsSpring.png#Spring_X6Y42,OutdoorsSpring.png#Spring_X6Y42,OutdoorsSpring.png#Spring_X6Y42,OutdoorsSpring.png#Spring_X6Y42,OutdoorsSpring.png#Spring_X6Y42,OutdoorsSpring.png#Spring_X6Y42,OutdoorsSpring.png#Spring_X6Y42,OutdoorsSpring.png#Spring_X6Y42,OutdoorsSpring.png#Spring_X6Y42,OutdoorsSpring.png#Spring_X6Y42,OutdoorsSpring.png#Spring_X6Y42,OutdoorsSpring.png#Spring_X6Y42,OutdoorsSpring.png#Spring_X6Y42,OutdoorsSpring.png#Spring_X6Y42,OutdoorsSpring.png#Spring_X6Y42,OutdoorsSpring.png#Spring_X6Y42,OutdoorsSpring.png#Spring_X6Y42,,,,,,,,,,,,,,,,,,,,,,,,,,,,,,
,,,,,,,,,,,OutdoorsSpring.png#Spring_X0Y40,OutdoorsSpring.png#Spring_X1Y40,OutdoorsSpring.png#Spring_X2Y40,OutdoorsSpring.png#Spring_X3Y40,OutdoorsSpring.png#Spring_X4Y40,OutdoorsSpring.png#Spring_X5Y40,OutdoorsSpring.png#Spring_X6Y40,OutdoorsSpring.png#Spring_X7Y40,,,,,,,,,,,,,,,,,,,,,,,,,,,,,,,,,OutdoorsSpring.png#Spring_X4Y42,OutdoorsSpring.png#Spring_X4Y42,OutdoorsSpring.png#Spring_X4Y42,OutdoorsSpring.png#Spring_X4Y42,OutdoorsSpring.png#Spring_X4Y42,OutdoorsSpring.png#Spring_X4Y42,OutdoorsSpring.png#Spring_X4Y42,OutdoorsSpring.png#Spring_X4Y42,OutdoorsSpring.png#Spring_X4Y42,OutdoorsSpring.png#Spring_X4Y42,OutdoorsSpring.png#Spring_X4Y42,OutdoorsSpring.png#Spring_X4Y42,OutdoorsSpring.png#Spring_X4Y42,OutdoorsSpring.png#Spring_X4Y42,OutdoorsSpring.png#Spring_X4Y42,OutdoorsSpring.png#Spring_X4Y42,OutdoorsSpring.png#Spring_X4Y42,OutdoorsSpring.png#Spring_X4Y42,OutdoorsSpring.png#Spring_X4Y42,,,,,,,,,,,,,,,,,,,,,,,,,,,,,,
OutdoorsSpring.png#Spring_X13Y3,OutdoorsSpring.png#Spring_X14Y3,OutdoorsSpring.png#Spring_X13Y3,OutdoorsSpring.png#Spring_X14Y3,,,,,,,,,,,,,,,,,,,,,,,,,,,,,,,,,,,,,,,,,,,,,,,,OutdoorsSpring.png#Spring_X3Y42,OutdoorsSpring.png#Spring_X3Y42,OutdoorsSpring.png#Spring_X3Y42,OutdoorsSpring.png#Spring_X3Y42,OutdoorsSpring.png#Spring_X3Y42,OutdoorsSpring.png#Spring_X3Y42,OutdoorsSpring.png#Spring_X3Y42,OutdoorsSpring.png#Spring_X3Y42,OutdoorsSpring.png#Spring_X3Y42,OutdoorsSpring.png#Spring_X3Y42,OutdoorsSpring.png#Spring_X3Y42,OutdoorsSpring.png#Spring_X3Y42,OutdoorsSpring.png#Spring_X3Y42,OutdoorsSpring.png#Spring_X3Y42,OutdoorsSpring.png#Spring_X3Y42,OutdoorsSpring.png#Spring_X3Y42,OutdoorsSpring.png#Spring_X3Y42,OutdoorsSpring.png#Spring_X3Y42,OutdoorsSpring.png#Spring_X3Y42,,,,,,,,,,,,,,,,,,,,,,,,,,,,,,
OutdoorsSpring.png#Spring_X13Y4,OutdoorsSpring.png#Spring_X14Y4,OutdoorsSpring.png#Spring_X13Y4,OutdoorsSpring.png#Spring_X14Y4,,,,,,,,,,,,,,,,,,,,,,,,,,,,,,,,,,,,,,,,,,,,,,,,OutdoorsSpring.png#Spring_X0Y7,OutdoorsSpring.png#Spring_X0Y7,OutdoorsSpring.png#Spring_X0Y7,OutdoorsSpring.png#Spring_X0Y7,OutdoorsSpring.png#Spring_X0Y7,OutdoorsSpring.png#Spring_X0Y7,OutdoorsSpring.png#Spring_X0Y7,OutdoorsSpring.png#Spring_X0Y7,OutdoorsSpring.png#Spring_X0Y7,OutdoorsSpring.png#Spring_X0Y7,OutdoorsSpring.png#Spring_X0Y7,OutdoorsSpring.png#Spring_X0Y7,OutdoorsSpring.png#Spring_X0Y7,OutdoorsSpring.png#Spring_X0Y7,OutdoorsSpring.png#Spring_X0Y7,OutdoorsSpring.png#Spring_X0Y7,OutdoorsSpring.png#Spring_X0Y7,OutdoorsSpring.png#Spring_X0Y7,OutdoorsSpring.png#Spring_X0Y7,,,,,,,,,,,,,,,,,,,,,,,,,,,,,,
,,,,,,,,,,,,,,,,,,,,,,,,,,,,,,,,,,,,,,,,,,,,,,,,,,,OutdoorsSpring.png#Spring_X0Y7,OutdoorsSpring.png#Spring_X0Y7,OutdoorsSpring.png#Spring_X0Y7,OutdoorsSpring.png#Spring_X0Y7,OutdoorsSpring.png#Spring_X0Y7,OutdoorsSpring.png#Spring_X0Y7,OutdoorsSpring.png#Spring_X0Y7,OutdoorsSpring.png#Spring_X0Y7,OutdoorsSpring.png#Spring_X0Y7,OutdoorsSpring.png#Spring_X0Y7,OutdoorsSpring.png#Spring_X0Y7,OutdoorsSpring.png#Spring_X0Y7,OutdoorsSpring.png#Spring_X0Y7,OutdoorsSpring.png#Spring_X0Y7,OutdoorsSpring.png#Spring_X0Y7,OutdoorsSpring.png#Spring_X0Y7,OutdoorsSpring.png#Spring_X0Y7,OutdoorsSpring.png#Spring_X0Y7,OutdoorsSpring.png#Spring_X0Y7,,,,,,,,,,,,,,,,,,,,,,,,,,,,,,
,,,,,,,,,,,,,,,,,,,,,,,,,,,,,,,,,,,,,,,,,,,,,,,,,,,OutdoorsSpring.png#Spring_X0Y7,OutdoorsSpring.png#Spring_X0Y7,OutdoorsSpring.png#Spring_X0Y7,OutdoorsSpring.png#Spring_X0Y7,OutdoorsSpring.png#Spring_X0Y7,OutdoorsSpring.png#Spring_X0Y7,OutdoorsSpring.png#Spring_X0Y7,OutdoorsSpring.png#Spring_X0Y7,OutdoorsSpring.png#Spring_X0Y7,OutdoorsSpring.png#Spring_X0Y7,OutdoorsSpring.png#Spring_X0Y7,OutdoorsSpring.png#Spring_X0Y7,OutdoorsSpring.png#Spring_X0Y7,OutdoorsSpring.png#Spring_X0Y7,OutdoorsSpring.png#Spring_X0Y7,OutdoorsSpring.png#Spring_X0Y7,OutdoorsSpring.png#Spring_X0Y7,OutdoorsSpring.png#Spring_X0Y7,OutdoorsSpring.png#Spring_X0Y7,,,,,,,,,,,,,,,,,,,,,,,,,,,,,,
,,,OutdoorsSpring.png#Spring_X11Y14,,,,,,,,,,,,,,,,,,,,,,,,,,,,,,,,,,,,,,,,,,,,,,,,OutdoorsSpring.png#Spring_X0Y7,OutdoorsSpring.png#Spring_X0Y7,OutdoorsSpring.png#Spring_X0Y7,OutdoorsSpring.png#Spring_X0Y7,OutdoorsSpring.png#Spring_X0Y7,OutdoorsSpring.png#Spring_X0Y7,OutdoorsSpring.png#Spring_X0Y7,OutdoorsSpring.png#Spring_X0Y7,OutdoorsSpring.png#Spring_X0Y7,OutdoorsSpring.png#Spring_X0Y7,OutdoorsSpring.png#Spring_X0Y7,OutdoorsSpring.png#Spring_X0Y7,OutdoorsSpring.png#Spring_X0Y7,OutdoorsSpring.png#Spring_X0Y7,OutdoorsSpring.png#Spring_X0Y7,OutdoorsSpring.png#Spring_X0Y7,OutdoorsSpring.png#Spring_X0Y7,OutdoorsSpring.png#Spring_X0Y7,OutdoorsSpring.png#Spring_X0Y7,,,,,,,,,,,,,,,,,,,,,,,,,,,,,,
,,,OutdoorsSpring.png#Spring_X11Y15,,,,,,,,,,,,,,,,,,,,,,,,,,,,,,,,,,,,,,,,,,,,,,,,OutdoorsSpring.png#Spring_X0Y7,OutdoorsSpring.png#Spring_X0Y7,OutdoorsSpring.png#Spring_X0Y7,OutdoorsSpring.png#Spring_X0Y7,OutdoorsSpring.png#Spring_X0Y7,OutdoorsSpring.png#Spring_X0Y7,OutdoorsSpring.png#Spring_X0Y7,OutdoorsSpring.png#Spring_X0Y7,OutdoorsSpring.png#Spring_X0Y7,OutdoorsSpring.png#Spring_X0Y7,OutdoorsSpring.png#Spring_X0Y7,OutdoorsSpring.png#Spring_X0Y7,OutdoorsSpring.png#Spring_X0Y7,OutdoorsSpring.png#Spring_X0Y7,OutdoorsSpring.png#Spring_X0Y7,OutdoorsSpring.png#Spring_X0Y7,OutdoorsSpring.png#Spring_X0Y7,OutdoorsSpring.png#Spring_X0Y7,OutdoorsSpring.png#Spring_X0Y7,,,,,,,,,,,,,,,,,,,,,,,,,,,,,,
,,,OutdoorsSpring.png#Spring_X11Y15,,,,,,,,,,,,,,,,,,,,,,,,,,,,,,,,,,,,,,,,,,,,,,,,OutdoorsSpring.png#Spring_X0Y7,OutdoorsSpring.png#Spring_X0Y7,OutdoorsSpring.png#Spring_X0Y7,OutdoorsSpring.png#Spring_X0Y7,OutdoorsSpring.png#Spring_X0Y7,OutdoorsSpring.png#Spring_X0Y7,OutdoorsSpring.png#Spring_X0Y7,OutdoorsSpring.png#Spring_X0Y7,OutdoorsSpring.png#Spring_X0Y7,OutdoorsSpring.png#Spring_X0Y7,OutdoorsSpring.png#Spring_X0Y7,OutdoorsSpring.png#Spring_X0Y7,OutdoorsSpring.png#Spring_X0Y7,OutdoorsSpring.png#Spring_X0Y7,OutdoorsSpring.png#Spring_X0Y7,OutdoorsSpring.png#Spring_X0Y7,OutdoorsSpring.png#Spring_X0Y7,OutdoorsSpring.png#Spring_X0Y7,OutdoorsSpring.png#Spring_X0Y7,,,,,,,,,,,,,,,,,,,,,,,,,,,,,,
,,,OutdoorsSpring.png#Spring_X11Y15,,,,,,,,,,,,,,,,,,,,,,,,,,,,,,,,,,,,,,,,,,,,,,,,OutdoorsSpring.png#Spring_X0Y7,OutdoorsSpring.png#Spring_X0Y7,OutdoorsSpring.png#Spring_X0Y7,OutdoorsSpring.png#Spring_X0Y7,OutdoorsSpring.png#Spring_X0Y7,OutdoorsSpring.png#Spring_X0Y7,OutdoorsSpring.png#Spring_X0Y7,OutdoorsSpring.png#Spring_X0Y7,OutdoorsSpring.png#Spring_X0Y7,OutdoorsSpring.png#Spring_X0Y7,OutdoorsSpring.png#Spring_X0Y7,OutdoorsSpring.png#Spring_X0Y7,OutdoorsSpring.png#Spring_X0Y7,OutdoorsSpring.png#Spring_X0Y7,OutdoorsSpring.png#Spring_X0Y7,OutdoorsSpring.png#Spring_X0Y7,OutdoorsSpring.png#Spring_X0Y7,OutdoorsSpring.png#Spring_X0Y7,OutdoorsSpring.png#Spring_X0Y7,,,,,,,,,,,,,,,,,,,,,,,,,,,,,,
,,,OutdoorsSpring.png#Spring_X11Y15,,,,,,,,,,,,,,,,,,,,,,,,,,,,,,,,,,,,,,,,,,,,,,,,OutdoorsSpring.png#Spring_X0Y7,OutdoorsSpring.png#Spring_X0Y7,OutdoorsSpring.png#Spring_X0Y7,OutdoorsSpring.png#Spring_X0Y7,OutdoorsSpring.png#Spring_X0Y7,OutdoorsSpring.png#Spring_X0Y7,OutdoorsSpring.png#Spring_X0Y7,OutdoorsSpring.png#Spring_X0Y7,OutdoorsSpring.png#Spring_X0Y7,OutdoorsSpring.png#Spring_X0Y7,OutdoorsSpring.png#Spring_X0Y7,OutdoorsSpring.png#Spring_X0Y7,OutdoorsSpring.png#Spring_X0Y7,OutdoorsSpring.png#Spring_X0Y7,OutdoorsSpring.png#Spring_X0Y7,OutdoorsSpring.png#Spring_X0Y7,OutdoorsSpring.png#Spring_X0Y7,OutdoorsSpring.png#Spring_X0Y7,OutdoorsSpring.png#Spring_X0Y7,,,,,,,,,,,,,,,,,,,,,,,,,,,,,,
,,,OutdoorsSpring.png#Spring_X11Y15,,,,,,,,,,,,,,,,,,,,,,,,,,,,,,,,,,,,,,,,,,,,,,,,OutdoorsSpring.png#Spring_X0Y7,OutdoorsSpring.png#Spring_X0Y7,OutdoorsSpring.png#Spring_X0Y7,OutdoorsSpring.png#Spring_X0Y7,OutdoorsSpring.png#Spring_X0Y7,OutdoorsSpring.png#Spring_X0Y7,OutdoorsSpring.png#Spring_X0Y7,OutdoorsSpring.png#Spring_X0Y7,OutdoorsSpring.png#Spring_X0Y7,OutdoorsSpring.png#Spring_X0Y7,OutdoorsSpring.png#Spring_X0Y7,OutdoorsSpring.png#Spring_X0Y7,OutdoorsSpring.png#Spring_X0Y7,OutdoorsSpring.png#Spring_X0Y7,OutdoorsSpring.png#Spring_X0Y7,OutdoorsSpring.png#Spring_X0Y7,OutdoorsSpring.png#Spring_X0Y7,OutdoorsSpring.png#Spring_X0Y7,OutdoorsSpring.png#Spring_X0Y7,,,,,,,,,,,,,,,,,,,,,,,,,,,,,,
,,,OutdoorsSpring.png#Spring_X11Y15,,,,,,,,,,,,,,,,,,,,,,,,,,,,,,,,,,,,,,,,,,,,,,,,OutdoorsSpring.png#Spring_X0Y7,OutdoorsSpring.png#Spring_X0Y7,OutdoorsSpring.png#Spring_X0Y7,OutdoorsSpring.png#Spring_X0Y7,OutdoorsSpring.png#Spring_X0Y7,OutdoorsSpring.png#Spring_X0Y7,OutdoorsSpring.png#Spring_X0Y7,OutdoorsSpring.png#Spring_X0Y7,OutdoorsSpring.png#Spring_X0Y7,OutdoorsSpring.png#Spring_X0Y7,OutdoorsSpring.png#Spring_X0Y7,OutdoorsSpring.png#Spring_X0Y7,OutdoorsSpring.png#Spring_X0Y7,OutdoorsSpring.png#Spring_X0Y7,OutdoorsSpring.png#Spring_X0Y7,OutdoorsSpring.png#Spring_X0Y7,OutdoorsSpring.png#Spring_X0Y7,OutdoorsSpring.png#Spring_X0Y7,OutdoorsSpring.png#Spring_X0Y7,,,,,,,,,,,,,,,,,,,,,,,,,,,,,,
,,,OutdoorsSpring.png#Spring_X11Y16,,,,,,,,,,,,,,,,,,,,,,,,,,,,,,,,,,,,,,,,,,,,,,,,OutdoorsSpring.png#Spring_X0Y7,OutdoorsSpring.png#Spring_X0Y7,OutdoorsSpring.png#Spring_X0Y7,OutdoorsSpring.png#Spring_X0Y7,OutdoorsSpring.png#Spring_X0Y7,OutdoorsSpring.png#Spring_X0Y7,OutdoorsSpring.png#Spring_X0Y7,OutdoorsSpring.png#Spring_X0Y7,OutdoorsSpring.png#Spring_X0Y7,OutdoorsSpring.png#Spring_X0Y7,OutdoorsSpring.png#Spring_X0Y7,OutdoorsSpring.png#Spring_X0Y7,OutdoorsSpring.png#Spring_X0Y7,OutdoorsSpring.png#Spring_X0Y7,OutdoorsSpring.png#Spring_X0Y7,OutdoorsSpring.png#Spring_X0Y7,OutdoorsSpring.png#Spring_X0Y7,OutdoorsSpring.png#Spring_X0Y7,OutdoorsSpring.png#Spring_X0Y7,,,,,,,,,,,,,,,,,,,,,,,,,,,,,,
OutdoorsSpring.png#Spring_X8Y14,OutdoorsSpring.png#Spring_X9Y14,OutdoorsSpring.png#Spring_X10Y14,OutdoorsSpring.png#Spring_X11Y16,OutdoorsSpring.png#Spring_X8Y14,OutdoorsSpring.png#Spring_X9Y14,OutdoorsSpring.png#Spring_X9Y14,OutdoorsSpring.png#Spring_X9Y14,OutdoorsSpring.png#Spring_X9Y14,OutdoorsSpring.png#Spring_X9Y14,OutdoorsSpring.png#Spring_X10Y14,OutdoorsSpring.png#Spring_X10Y16,,,,,OutdoorsSpring.png#Spring_X8Y14,OutdoorsSpring.png#Spring_X9Y14,OutdoorsSpring.png#Spring_X9Y14,OutdoorsSpring.png#Spring_X9Y14,OutdoorsSpring.png#Spring_X9Y14,OutdoorsSpring.png#Spring_X9Y14,OutdoorsSpring.png#Spring_X9Y14,OutdoorsSpring.png#Spring_X9Y14,OutdoorsSpring.png#Spring_X9Y14,OutdoorsSpring.png#Spring_X9Y14,OutdoorsSpring.png#Spring_X9Y14,OutdoorsSpring.png#Spring_X9Y14,OutdoorsSpring.png#Spring_X9Y14,OutdoorsSpring.png#Spring_X9Y14,OutdoorsSpring.png#Spring_X9Y14,OutdoorsSpring.png#Spring_X9Y14,OutdoorsSpring.png#Spring_X9Y14,OutdoorsSpring.png#Spring_X9Y14,OutdoorsSpring.png#Spring_X9Y14,OutdoorsSpring.png#Spring_X9Y14,OutdoorsSpring.png#Spring_X9Y14,OutdoorsSpring.png#Spring_X9Y14,OutdoorsSpring.png#Spring_X9Y14,OutdoorsSpring.png#Spring_X9Y14,OutdoorsSpring.png#Spring_X9Y14,OutdoorsSpring.png#Spring_X9Y14,OutdoorsSpring.png#Spring_X9Y14,OutdoorsSpring.png#Spring_X9Y14,OutdoorsSpring.png#Spring_X9Y14,OutdoorsSpring.png#Spring_X9Y14,OutdoorsSpring.png#Spring_X9Y14,OutdoorsSpring.png#Spring_X9Y14,OutdoorsSpring.png#Spring_X9Y14,OutdoorsSpring.png#Spring_X9Y14,OutdoorsSpring.png#Spring_X9Y14,OutdoorsSpring.png#Spring_X9Y14,OutdoorsSpring.png#Spring_X0Y7,OutdoorsSpring.png#Spring_X0Y7,OutdoorsSpring.png#Spring_X0Y7,OutdoorsSpring.png#Spring_X0Y7,OutdoorsSpring.png#Spring_X0Y7,OutdoorsSpring.png#Spring_X0Y7,OutdoorsSpring.png#Spring_X0Y7,OutdoorsSpring.png#Spring_X0Y7,OutdoorsSpring.png#Spring_X0Y7,OutdoorsSpring.png#Spring_X0Y7,OutdoorsSpring.png#Spring_X0Y7,OutdoorsSpring.png#Spring_X0Y7,OutdoorsSpring.png#Spring_X0Y7,OutdoorsSpring.png#Spring_X0Y7,OutdoorsSpring.png#Spring_X0Y7,OutdoorsSpring.png#Spring_X0Y7,OutdoorsSpring.png#Spring_X0Y7,OutdoorsSpring.png#Spring_X0Y7,,,,,,,,,,,,,,,,,,,,,,,,,,,,,,
OutdoorsSpring.png#Spring_X8Y15,OutdoorsSpring.png#Spring_X9Y15,OutdoorsSpring.png#Spring_X10Y15,OutdoorsSpring.png#Spring_X11Y17,OutdoorsSpring.png#Spring_X8Y15,OutdoorsSpring.png#Spring_X9Y15,OutdoorsSpring.png#Spring_X9Y15,OutdoorsSpring.png#Spring_X9Y15,OutdoorsSpring.png#Spring_X9Y15,OutdoorsSpring.png#Spring_X9Y15,OutdoorsSpring.png#Spring_X10Y15,OutdoorsSpring.png#Spring_X10Y17,,,,,OutdoorsSpring.png#Spring_X8Y15,OutdoorsSpring.png#Spring_X9Y15,OutdoorsSpring.png#Spring_X9Y15,OutdoorsSpring.png#Spring_X9Y15,OutdoorsSpring.png#Spring_X9Y15,OutdoorsSpring.png#Spring_X9Y15,OutdoorsSpring.png#Spring_X9Y15,OutdoorsSpring.png#Spring_X9Y15,OutdoorsSpring.png#Spring_X9Y15,OutdoorsSpring.png#Spring_X9Y15,OutdoorsSpring.png#Spring_X9Y15,OutdoorsSpring.png#Spring_X9Y15,OutdoorsSpring.png#Spring_X9Y15,OutdoorsSpring.png#Spring_X9Y15,OutdoorsSpring.png#Spring_X9Y15,OutdoorsSpring.png#Spring_X9Y15,OutdoorsSpring.png#Spring_X9Y15,OutdoorsSpring.png#Spring_X9Y15,OutdoorsSpring.png#Spring_X9Y15,OutdoorsSpring.png#Spring_X9Y15,OutdoorsSpring.png#Spring_X9Y15,OutdoorsSpring.png#Spring_X9Y15,OutdoorsSpring.png#Spring_X9Y15,OutdoorsSpring.png#Spring_X9Y15,OutdoorsSpring.png#Spring_X9Y15,OutdoorsSpring.png#Spring_X9Y15,OutdoorsSpring.png#Spring_X9Y15,OutdoorsSpring.png#Spring_X9Y15,OutdoorsSpring.png#Spring_X9Y15,OutdoorsSpring.png#Spring_X9Y15,OutdoorsSpring.png#Spring_X9Y15,OutdoorsSpring.png#Spring_X9Y15,OutdoorsSpring.png#Spring_X9Y15,OutdoorsSpring.png#Spring_X9Y15,OutdoorsSpring.png#Spring_X9Y15,OutdoorsSpring.png#Spring_X9Y15,OutdoorsSpring.png#Spring_X0Y7,OutdoorsSpring.png#Spring_X0Y7,OutdoorsSpring.png#Spring_X0Y7,OutdoorsSpring.png#Spring_X0Y7,OutdoorsSpring.png#Spring_X0Y7,OutdoorsSpring.png#Spring_X0Y7,OutdoorsSpring.png#Spring_X0Y7,OutdoorsSpring.png#Spring_X0Y7,OutdoorsSpring.png#Spring_X0Y7,OutdoorsSpring.png#Spring_X0Y7,OutdoorsSpring.png#Spring_X0Y7,OutdoorsSpring.png#Spring_X0Y7,OutdoorsSpring.png#Spring_X0Y7,OutdoorsSpring.png#Spring_X0Y7,OutdoorsSpring.png#Spring_X0Y7,OutdoorsSpring.png#Spring_X0Y7,OutdoorsSpring.png#Spring_X0Y7,OutdoorsSpring.png#Spring_X0Y7,,,,,,,,,,,,,,,,,,,,,,,,,,,,,,
,,,,,,,,,,,,,,,,,,,,,,,,,,,,,,,,,,,,,,,,,,,,,,,,,,,,,OutdoorsSpring.png#Spring_X0Y7,OutdoorsSpring.png#Spring_X0Y7,OutdoorsSpring.png#Spring_X0Y7,OutdoorsSpring.png#Spring_X0Y7,OutdoorsSpring.png#Spring_X0Y7,OutdoorsSpring.png#Spring_X0Y7,OutdoorsSpring.png#Spring_X0Y7,OutdoorsSpring.png#Spring_X0Y7,OutdoorsSpring.png#Spring_X0Y7,OutdoorsSpring.png#Spring_X0Y7,OutdoorsSpring.png#Spring_X0Y7,OutdoorsSpring.png#Spring_X0Y7,OutdoorsSpring.png#Spring_X0Y7,OutdoorsSpring.png#Spring_X0Y7,OutdoorsSpring.png#Spring_X0Y7,OutdoorsSpring.png#Spring_X0Y7,OutdoorsSpring.png#Spring_X0Y7,,,,,,,,,,,,,,,,,,,,,,,,,,,,,,
OutdoorsSpring.png#Spring_X8Y14,OutdoorsSpring.png#Spring_X9Y14,OutdoorsSpring.png#Spring_X9Y14,OutdoorsSpring.png#Spring_X9Y14,OutdoorsSpring.png#Spring_X9Y14,OutdoorsSpring.png#Spring_X9Y14,OutdoorsSpring.png#Spring_X9Y14,OutdoorsSpring.png#Spring_X9Y14,OutdoorsSpring.png#Spring_X9Y14,OutdoorsSpring.png#Spring_X9Y14,OutdoorsSpring.png#Spring_X9Y14,OutdoorsSpring.png#Spring_X9Y14,OutdoorsSpring.png#Spring_X9Y14,OutdoorsSpring.png#Spring_X9Y14,OutdoorsSpring.png#Spring_X9Y14,OutdoorsSpring.png#Spring_X9Y14,OutdoorsSpring.png#Spring_X9Y14,OutdoorsSpring.png#Spring_X9Y14,OutdoorsSpring.png#Spring_X9Y14,OutdoorsSpring.png#Spring_X9Y14,OutdoorsSpring.png#Spring_X9Y14,OutdoorsSpring.png#Spring_X9Y14,OutdoorsSpring.png#Spring_X9Y14,OutdoorsSpring.png#Spring_X9Y14,OutdoorsSpring.png#Spring_X9Y14,OutdoorsSpring.png#Spring_X9Y14,OutdoorsSpring.png#Spring_X9Y14,OutdoorsSpring.png#Spring_X9Y14,OutdoorsSpring.png#Spring_X9Y14,OutdoorsSpring.png#Spring_X9Y14,OutdoorsSpring.png#Spring_X9Y14,OutdoorsSpring.png#Spring_X9Y14,OutdoorsSpring.png#Spring_X9Y14,OutdoorsSpring.png#Spring_X9Y14,OutdoorsSpring.png#Spring_X9Y14,OutdoorsSpring.png#Spring_X9Y14,OutdoorsSpring.png#Spring_X9Y14,OutdoorsSpring.png#Spring_X9Y14,OutdoorsSpring.png#Spring_X9Y14,OutdoorsSpring.png#Spring_X9Y14,OutdoorsSpring.png#Spring_X9Y14,OutdoorsSpring.png#Spring_X9Y14,OutdoorsSpring.png#Spring_X9Y14,OutdoorsSpring.png#Spring_X9Y14,OutdoorsSpring.png#Spring_X9Y14,OutdoorsSpring.png#Spring_X9Y14,OutdoorsSpring.png#Spring_X9Y14,OutdoorsSpring.png#Spring_X9Y14,OutdoorsSpring.png#Spring_X9Y14,OutdoorsSpring.png#Spring_X9Y14,OutdoorsSpring.png#Spring_X9Y14,OutdoorsSpring.png#Spring_X9Y14,OutdoorsSpring.png#Spring_X9Y14,OutdoorsSpring.png#Spring_X0Y7,OutdoorsSpring.png#Spring_X0Y7,OutdoorsSpring.png#Spring_X0Y7,OutdoorsSpring.png#Spring_X0Y7,OutdoorsSpring.png#Spring_X0Y7,OutdoorsSpring.png#Spring_X0Y7,OutdoorsSpring.png#Spring_X0Y7,OutdoorsSpring.png#Spring_X0Y7,OutdoorsSpring.png#Spring_X0Y7,OutdoorsSpring.png#Spring_X0Y7,OutdoorsSpring.png#Spring_X0Y7,OutdoorsSpring.png#Spring_X0Y7,OutdoorsSpring.png#Spring_X0Y7,OutdoorsSpring.png#Spring_X0Y7,OutdoorsSpring.png#Spring_X0Y7,OutdoorsSpring.png#Spring_X0Y7,OutdoorsSpring.png#Spring_X0Y7,,,,,,,,,,,,,,,,,,,,,,,,,,,,,,
OutdoorsSpring.png#Spring_X8Y15,OutdoorsSpring.png#Spring_X9Y15,OutdoorsSpring.png#Spring_X9Y15,OutdoorsSpring.png#Spring_X9Y15,OutdoorsSpring.png#Spring_X9Y15,OutdoorsSpring.png#Spring_X9Y15,OutdoorsSpring.png#Spring_X9Y15,OutdoorsSpring.png#Spring_X9Y15,OutdoorsSpring.png#Spring_X9Y15,OutdoorsSpring.png#Spring_X9Y15,OutdoorsSpring.png#Spring_X9Y15,OutdoorsSpring.png#Spring_X9Y15,OutdoorsSpring.png#Spring_X9Y15,OutdoorsSpring.png#Spring_X9Y15,OutdoorsSpring.png#Spring_X9Y15,OutdoorsSpring.png#Spring_X9Y15,OutdoorsSpring.png#Spring_X9Y15,OutdoorsSpring.png#Spring_X9Y15,OutdoorsSpring.png#Spring_X9Y15,OutdoorsSpring.png#Spring_X9Y15,OutdoorsSpring.png#Spring_X9Y15,OutdoorsSpring.png#Spring_X9Y15,OutdoorsSpring.png#Spring_X9Y15,OutdoorsSpring.png#Spring_X9Y15,OutdoorsSpring.png#Spring_X9Y15,OutdoorsSpring.png#Spring_X9Y15,OutdoorsSpring.png#Spring_X9Y15,OutdoorsSpring.png#Spring_X9Y15,OutdoorsSpring.png#Spring_X9Y15,OutdoorsSpring.png#Spring_X9Y15,OutdoorsSpring.png#Spring_X9Y15,OutdoorsSpring.png#Spring_X9Y15,OutdoorsSpring.png#Spring_X9Y15,OutdoorsSpring.png#Spring_X9Y15,OutdoorsSpring.png#Spring_X9Y15,OutdoorsSpring.png#Spring_X9Y15,OutdoorsSpring.png#Spring_X9Y15,OutdoorsSpring.png#Spring_X9Y15,OutdoorsSpring.png#Spring_X9Y15,OutdoorsSpring.png#Spring_X9Y15,OutdoorsSpring.png#Spring_X9Y15,OutdoorsSpring.png#Spring_X9Y15,OutdoorsSpring.png#Spring_X9Y15,OutdoorsSpring.png#Spring_X9Y15,OutdoorsSpring.png#Spring_X9Y15,OutdoorsSpring.png#Spring_X9Y15,OutdoorsSpring.png#Spring_X9Y15,OutdoorsSpring.png#Spring_X9Y15,OutdoorsSpring.png#Spring_X9Y15,OutdoorsSpring.png#Spring_X9Y15,OutdoorsSpring.png#Spring_X9Y15,OutdoorsSpring.png#Spring_X9Y15,OutdoorsSpring.png#Spring_X9Y15,OutdoorsSpring.png#Spring_X0Y7,OutdoorsSpring.png#Spring_X0Y7,OutdoorsSpring.png#Spring_X0Y7,OutdoorsSpring.png#Spring_X0Y7,OutdoorsSpring.png#Spring_X0Y7,OutdoorsSpring.png#Spring_X0Y7,OutdoorsSpring.png#Spring_X0Y7,OutdoorsSpring.png#Spring_X0Y7,OutdoorsSpring.png#Spring_X0Y7,OutdoorsSpring.png#Spring_X0Y7,OutdoorsSpring.png#Spring_X0Y7,OutdoorsSpring.png#Spring_X0Y7,OutdoorsSpring.png#Spring_X0Y7,OutdoorsSpring.png#Spring_X0Y7,OutdoorsSpring.png#Spring_X0Y7,OutdoorsSpring.png#Spring_X0Y7,OutdoorsSpring.png#Spring_X0Y7,,,,,,,,,,,,,,,,,,,,,,,,,,,,,,
,,,,,,,,,,,,,,,,,,,,,,,,,,,,,,,,,,,,,,,,,,,,,,,,,,,,,OutdoorsSpring.png#Spring_X0Y7,OutdoorsSpring.png#Spring_X0Y7,OutdoorsSpring.png#Spring_X0Y7,OutdoorsSpring.png#Spring_X0Y7,OutdoorsSpring.png#Spring_X0Y7,OutdoorsSpring.png#Spring_X0Y7,OutdoorsSpring.png#Spring_X0Y7,OutdoorsSpring.png#Spring_X0Y7,OutdoorsSpring.png#Spring_X0Y7,OutdoorsSpring.png#Spring_X0Y7,OutdoorsSpring.png#Spring_X0Y7,OutdoorsSpring.png#Spring_X0Y7,OutdoorsSpring.png#Spring_X0Y7,OutdoorsSpring.png#Spring_X0Y7,OutdoorsSpring.png#Spring_X0Y7,OutdoorsSpring.png#Spring_X0Y7,OutdoorsSpring.png#Spring_X0Y7,,,,,,,,,,,,,,,,,,,,,,,,,,,,,,
,,,,,,,,,,,,,,,,,,,,,,,,,,,,,,,,,,,,,,,,,,,,,,,,,,,,,OutdoorsSpring.png#Spring_X0Y7,OutdoorsSpring.png#Spring_X0Y7,OutdoorsSpring.png#Spring_X0Y7,OutdoorsSpring.png#Spring_X0Y7,OutdoorsSpring.png#Spring_X0Y7,OutdoorsSpring.png#Spring_X0Y7,OutdoorsSpring.png#Spring_X0Y7,OutdoorsSpring.png#Spring_X0Y7,OutdoorsSpring.png#Spring_X0Y7,OutdoorsSpring.png#Spring_X0Y7,OutdoorsSpring.png#Spring_X0Y7,OutdoorsSpring.png#Spring_X0Y7,OutdoorsSpring.png#Spring_X0Y7,OutdoorsSpring.png#Spring_X0Y7,OutdoorsSpring.png#Spring_X0Y7,OutdoorsSpring.png#Spring_X0Y7,OutdoorsSpring.png#Spring_X0Y7,,,,,,,,,,,,,,,,,,,,,,,,,,,,,,
OutdoorsSpring.png#Spring_X13Y0,OutdoorsSpring.png#Spring_X14Y0,OutdoorsSpring.png#Spring_X15Y0,,OutdoorsSpring.png#Spring_X13Y0,OutdoorsSpring.png#Spring_X14Y0,OutdoorsSpring.png#Spring_X15Y0,,OutdoorsSpring.png#Spring_X13Y0,OutdoorsSpring.png#Spring_X14Y0,OutdoorsSpring.png#Spring_X15Y0,,OutdoorsSpring.png#Spring_X13Y0,OutdoorsSpring.png#Spring_X14Y0,OutdoorsSpring.png#Spring_X15Y0,,OutdoorsSpring.png#Spring_X13Y0,OutdoorsSpring.png#Spring_X14Y0,OutdoorsSpring.png#Spring_X15Y0,,OutdoorsSpring.png#Spring_X13Y0,OutdoorsSpring.png#Spring_X14Y0,OutdoorsSpring.png#Spring_X15Y0,,OutdoorsSpring.png#Spring_X13Y0,OutdoorsSpring.png#Spring_X14Y0,OutdoorsSpring.png#Spring_X15Y0,,OutdoorsSpring.png#Spring_X13Y0,OutdoorsSpring.png#Spring_X14Y0,OutdoorsSpring.png#Spring_X15Y0,,OutdoorsSpring.png#Spring_X13Y0,OutdoorsSpring.png#Spring_X14Y0,OutdoorsSpring.png#Spring_X15Y0,,OutdoorsSpring.png#Spring_X13Y0,OutdoorsSpring.png#Spring_X14Y0,OutdoorsSpring.png#Spring_X15Y0,,OutdoorsSpring.png#Spring_X13Y0,OutdoorsSpring.png#Spring_X14Y0,OutdoorsSpring.png#Spring_X15Y0,,,,,,,,,,,OutdoorsSpring.png#Spring_X0Y7,OutdoorsSpring.png#Spring_X0Y7,OutdoorsSpring.png#Spring_X0Y7,OutdoorsSpring.png#Spring_X0Y7,OutdoorsSpring.png#Spring_X0Y7,OutdoorsSpring.png#Spring_X0Y7,OutdoorsSpring.png#Spring_X0Y7,OutdoorsSpring.png#Spring_X0Y7,OutdoorsSpring.png#Spring_X0Y7,OutdoorsSpring.png#Spring_X0Y7,OutdoorsSpring.png#Spring_X0Y7,OutdoorsSpring.png#Spring_X0Y7,OutdoorsSpring.png#Spring_X0Y7,OutdoorsSpring.png#Spring_X0Y7,OutdoorsSpring.png#Spring_X0Y7,OutdoorsSpring.png#Spring_X0Y7,OutdoorsSpring.png#Spring_X0Y7,,,,,,,,,,,,,,,,,,,,,,,,,,,,,,
OutdoorsSpring.png#Spring_X13Y1,OutdoorsSpring.png#Spring_X14Y1,OutdoorsSpring.png#Spring_X15Y1,,OutdoorsSpring.png#Spring_X13Y1,OutdoorsSpring.png#Spring_X14Y1,OutdoorsSpring.png#Spring_X15Y1,,OutdoorsSpring.png#Spring_X13Y1,OutdoorsSpring.png#Spring_X14Y1,OutdoorsSpring.png#Spring_X15Y1,,OutdoorsSpring.png#Spring_X13Y1,OutdoorsSpring.png#Spring_X14Y1,OutdoorsSpring.png#Spring_X15Y1,,OutdoorsSpring.png#Spring_X13Y1,OutdoorsSpring.png#Spring_X14Y1,OutdoorsSpring.png#Spring_X15Y1,,OutdoorsSpring.png#Spring_X13Y1,OutdoorsSpring.png#Spring_X14Y1,OutdoorsSpring.png#Spring_X15Y1,,OutdoorsSpring.png#Spring_X13Y1,OutdoorsSpring.png#Spring_X14Y1,OutdoorsSpring.png#Spring_X15Y1,,OutdoorsSpring.png#Spring_X13Y1,OutdoorsSpring.png#Spring_X14Y1,OutdoorsSpring.png#Spring_X15Y1,,OutdoorsSpring.png#Spring_X13Y1,OutdoorsSpring.png#Spring_X14Y1,OutdoorsSpring.png#Spring_X15Y1,,OutdoorsSpring.png#Spring_X13Y1,OutdoorsSpring.png#Spring_X14Y1,OutdoorsSpring.png#Spring_X15Y1,,OutdoorsSpring.png#Spring_X13Y1,OutdoorsSpring.png#Spring_X14Y1,OutdoorsSpring.png#Spring_X15Y1,,,,,,,,,,,OutdoorsSpring.png#Spring_X0Y7,OutdoorsSpring.png#Spring_X0Y7,OutdoorsSpring.png#Spring_X0Y7,OutdoorsSpring.png#Spring_X0Y7,OutdoorsSpring.png#Spring_X0Y7,OutdoorsSpring.png#Spring_X0Y7,OutdoorsSpring.png#Spring_X0Y7,OutdoorsSpring.png#Spring_X0Y7,OutdoorsSpring.png#Spring_X0Y7,OutdoorsSpring.png#Spring_X0Y7,OutdoorsSpring.png#Spring_X0Y7,OutdoorsSpring.png#Spring_X0Y7,OutdoorsSpring.png#Spring_X0Y7,OutdoorsSpring.png#Spring_X0Y7,OutdoorsSpring.png#Spring_X0Y7,OutdoorsSpring.png#Spring_X0Y7,OutdoorsSpring.png#Spring_X0Y7,,,,,,,,,,,,,,,,,,,,,,,,,,,,,,
OutdoorsSpring.png#Spring_X13Y2,OutdoorsSpring.png#Spring_X14Y2,OutdoorsSpring.png#Spring_X15Y2,,OutdoorsSpring.png#Spring_X13Y2,OutdoorsSpring.png#Spring_X14Y2,OutdoorsSpring.png#Spring_X15Y2,,OutdoorsSpring.png#Spring_X13Y2,OutdoorsSpring.png#Spring_X14Y2,OutdoorsSpring.png#Spring_X15Y2,,OutdoorsSpring.png#Spring_X13Y2,OutdoorsSpring.png#Spring_X14Y2,OutdoorsSpring.png#Spring_X15Y2,,OutdoorsSpring.png#Spring_X13Y2,OutdoorsSpring.png#Spring_X14Y2,OutdoorsSpring.png#Spring_X15Y2,,OutdoorsSpring.png#Spring_X13Y2,OutdoorsSpring.png#Spring_X14Y2,OutdoorsSpring.png#Spring_X15Y2,,OutdoorsSpring.png#Spring_X13Y2,OutdoorsSpring.png#Spring_X14Y2,OutdoorsSpring.png#Spring_X15Y2,,OutdoorsSpring.png#Spring_X13Y2,OutdoorsSpring.png#Spring_X14Y2,OutdoorsSpring.png#Spring_X15Y2,,OutdoorsSpring.png#Spring_X13Y2,OutdoorsSpring.png#Spring_X14Y2,OutdoorsSpring.png#Spring_X15Y2,,OutdoorsSpring.png#Spring_X13Y2,OutdoorsSpring.png#Spring_X14Y2,OutdoorsSpring.png#Spring_X15Y2,,OutdoorsSpring.png#Spring_X13Y2,OutdoorsSpring.png#Spring_X14Y2,OutdoorsSpring.png#Spring_X15Y2,,,,,,,,,,,OutdoorsSpring.png#Spring_X0Y7,OutdoorsSpring.png#Spring_X0Y7,OutdoorsSpring.png#Spring_X0Y7,OutdoorsSpring.png#Spring_X0Y7,OutdoorsSpring.png#Spring_X0Y7,OutdoorsSpring.png#Spring_X0Y7,OutdoorsSpring.png#Spring_X0Y7,OutdoorsSpring.png#Spring_X0Y7,OutdoorsSpring.png#Spring_X0Y7,OutdoorsSpring.png#Spring_X0Y7,OutdoorsSpring.png#Spring_X0Y7,OutdoorsSpring.png#Spring_X0Y7,OutdoorsSpring.png#Spring_X0Y7,OutdoorsSpring.png#Spring_X0Y7,OutdoorsSpring.png#Spring_X0Y7,OutdoorsSpring.png#Spring_X0Y7,OutdoorsSpring.png#Spring_X0Y7,,,,,,,,,,,,,,,,,,,,,,,,,,,,,,
,,,,,,,,,,,,,,,,,,,,,,,,,,,,,,,,,,,,,,,,,,,,,,,,,,,,,,,,,,,,,,,,,,,,,,,,,,,,,,,,,,,,,,,,,,,,,,,,,,,
,,,,,,,,,,,,,,,,,,,,,,,,,,,,,,,,,,,,,,,,,,,,,,,,,,,,,,,,,,,,,,,,,,,,,,,,,,,,,,,,,,,,,,,,,,,,,,,,,,,
,,,,,,,,,,,,,,,,,,,,,,,,,,,,,,,,,,,,,,,,,,,,,,,,,,,,,,,,,,,,,,,,,,,,,,,,,,,,,,,,,,,,,,,,,,,,,,,,,,,
,,,,,,,,,,,,,,,,,,,,,,,,,,,,,,,,,,,,,,,,,,,,,,,,,,,,,,,,,,,,,,,,,,,,,,,,,,,,,,,,,,,,,,,,,,,,,,,,,,,
,,,,,,,,,,,,,,,,,,,,,,,,,,,,,,,,,,,,,,,,,,,,,,,,,,,,,,,,,,,,,,,,,,,,,,,,,,,,,,,,,,,,,,,,,,,,,,,,,,,
,,,,,,,,,,,,,,,,,,,,,,,,,,,,,,,,,,,,,,,,,,,,,,,,,,,,,,,,,,,,,,,,,,,,,,,,,,,,,,,,,,,,,,,,,,,,,,,,,,,
,,,,,,,,,,,,,,,,,,,,,,,,,,,,,,,,,,,,,,,,,,,,,,,,,,,,,,,,,,,,,,,,,,,,,,,,,,,,,,,,,,,,,,,,,,,,,,,,,,,
,,,,,,,,,,,,,,,,,,,,,,,,,,,,,,,,,,,,,,,,,,,,,,,,,,,,,,,,,,,,,,,,,,,,,,,,,,,,,,,,,,,,,,,,,,,,,,,,,,,
,,,,,,,,,,,,,,,,,,,,,,,,,,,,,,,,,,,,,,,,,,,,,,,,,,,,,,,,,,,,,,,,,,,,,,,,,,,,,,,,,,,,,,,,,,,,,,,,,,,
,,,,,,,,,,,,,,,,,,,,,,,,,,,,,,,,,,,,,,,,,,,,,,,,,,,,,,,,,,,,,,,,,,,,,,,,,,,,,,,,,,,,,,,,,,,,,,,,,,,
,,,,,,,,,,,,,,,,,,,,,,,,,,,,,,,,,,,,,,,,,,,,,,,,,,,,,,,,,,,,,,,,,,,,,,,,,,,,,,,,,,,,,,,,,,,,,,,,,,,
,,,,,,,,,,,,,,,,,,,,,,,,,,,,,,,,,,,,,,,,,,,,,,,,,,,,,,,,,,,,,,,,,,,,,,,,,,,,,,,,,,,,,,,,,,,,,,,,,,,
,,,,,,,,,,,,,,,,,,,,,,,,,,,,,,,,,,,,,,,,,,,,,,,,,,,,,,,,,,,,,,,,,,,,,,,,,,,,,,,,,,,,,,,,,,,,,,,,,,,
,,,,,,,,,,,,,,,,,,,,,,,,,,,,,,,,,,,,,,,,,,,,,,,,,,,,,,,,,,,,,,,,,,,,,,,,,,,,,,,,,,,,,,,,,,,,,,,,,,,
,,,,,,,,,,,,,,,,,,,,,,,,,,,,,,,,,,,,,,,,,,,,,,,,,,,,,,,,,,,,,,,,,,,,,,,,,,,,,,,,,,,,,,,,,,,,,,,,,,,
,,,,,,,,,,,,,,,,,,,,,,,,,,,,,,,,,,,,,,,,,,,,,,,,,,,,,,,,,,,,,,,,,,,,,,,,,,,,,,,,,,,,,,,,,,,,,,,,,,,
,,,,,,,,,,,,,,,,,,,,,,,,,,,,,,,,,,,,,,,,,,,,,,,,,,,,,,,,,,,,,,,,,,,,,,,,,,,,,,,,,,,,,,,,,,,,,,,,,,,
,,,,,,,,,,,,,,,,,,,,,,,,,,,,,,,,,,,,,,,,,,,,,,,,,,,,,,,,,,,,,,,,,,,,,,,,,,,,,,,,,,,,,,,,,,,,,,,,,,,
,,,,,,,,,,,,,,,,,,,,,,,,,,,,,,,,,,,,,,,,,,,,,,,,,,,,,,,,,,,,,,,,,,,,,,,,,,,,,,,,,,,,,,,,,,,,,,,,,,,
,,,,,,,,,,,,,,,,,,,,,,,,,,,,,,,,,,,,,,,,,,,,,,,,,,,,,,,,,,,,,,,,,,,,,,,,,,,,,,,,,,,,,,,,,,,,,,,,,,,
,,,,,,,,,,,,,,,,,,,,,,,,,,,,,,,,,,,,,,,,,,,,,,,,,,,,,,,,,,,,,,,,,,,,,,,,,,,,,,,,,,,,,,,,,,,,,,,,,,,
,,,,,,,,,,,,,,,,,,,,,,,,,,,,,,,,,,,,,,,,,,,,,,,,,,,,,,,,,,,,,,,,,,,,,,,,,,,,,,,,,,,,,,,,,,,,,,,,,,,
,,,,,,,,,,,,,,,,,,,,,,,,,,,,,,,,,,,,,,,,,,,,,,,,,,,,,,,,,,,,,,,,,,,,,,,,,,,,,,,,,,,,,,,,,,,,,,,,,,,
,,,,,,,,,,,,,,,,,,,,,,,,,,,,,,,,,,,,,,,,,,,,,,,,,,,,,,,,,,,,,,,,,,,,,,,,,,,,,,,,,,,,,,,,,,,,,,,,,,,
,,,,,,,,,,,,,,,,,,,,,,,,,,,,,,,,,,,,,,,,,,,,,,,,,,,,,,,,,,,,,,,,,,,,,,,,,,,,,,,,,,,,,,,,,,,,,,,,,,,
,,,,,,,,,,,,,,,,,,,,,,,,,,,,,,,,,,,,,,,,,,,,,,,,,,,,,,,,,,,,,,,,,,,,,,,,,,,,,,,,,,,,,,,,,,,,,,,,,,,
,,,,,,,,,,,,,,,,,,,,,,,,,,,,,,,,,,,,,,,,,,,,,,,,,,,,,,,,,,,,,,,,,,,,,,,,,,,,,,,,,,,,,,,,,,,,,,,,,,,
,,,,,,,,,,,,,,,,,,,,,,,,,,,,,,,,,,,,,,,,,,,,,,,,,,,,,,,,,,,,,,,,,,,,,,,,,,,,,,,,,,,,,,,,,,,,,,,,,,,
,,,,,,,,,,,,,,,,,,,,,,,,,,,,,,,,,,,,,,,,,,,,,,,,,,,,,,,,,,,,,,,,,,,,,,,,,,,,,,,,,,,,,,,,,,,,,,,,,,,
,,,,,,,,,,,,,,,,,,,,,,,,,,,,,,,,,,,,,,,,,,,,,,,,,,,,,,,,,,,,,,,,,,,,,,,,,,,,,,,,,,,,,,,,,,,,,,,,,,,
,,,,,,,,,,,,,,,,,,,,,,,,,,,,,,,,,,,,,,,,,,,,,,,,,,,,,,,,,,,,,,,,,,,,,,,,,,,,,,,,,,,,,,,,,,,,,,,,,,,
,,,,,,,,,,,,,,,,,,,,,,,,,,,,,,,,,,,,,,,,,,,,,,,,,,,,,,,,,,,,,,,,,,,,,,,,,,,,,,,,,,,,,,,,,,,,,,,,,,,
,,,,,,,,,,,,,,,,,,,,,,,,,,,,,,,,,,,,,,,,,,,,,,,,,,,,,,,,,,,,,,,,,,,,,,,,,,,,,,,,,,,,,,,,,,,,,,,,,,,
,,,,,,,,,,,,,,,,,,,,,,,,,,,,,,,,,,,,,,,,,,,,,,,,,,,,,,,,,,,,,,,,,,,,,,,,,,,,,,,,,,,,,,,,,,,,,,,,,,,
,,,,,,,,,,,,,,,,,,,,,,,,,,,,,,,,,,,,,,,,,,,,,,,,,,,,,,,,,,,,,,,,,,,,,,,,,,,,,,,,,,,,,,,,,,,,,,,,,,,
,,,,,,,,,,,,,,,,,,,,,,,,,,,,,,,,,,,,,,,,,,,,,,,,,,,,,,,,,,,,,,,,,,,,,,,,,,,,,,,,,,,,,,,,,,,,,,,,,,,
,,,,,,,,,,,,,,,,,,,,,,,,,,,,,,,,,,,,,,,,,,,,,,,,,,,,,,,,,,,,,,,,,,,,,,,,,,,,,,,,,,,,,,,,,,,,,,,,,,,
,,,,,,,,,,,,,,,,,,,,,,,,,,,,,,,,,,,,,,,,,,,,,,,,,,,,,,,,,,,,,,,,,,,,,,,,,,,,,,,,,,,,,,,,,,,,,,,,,,,
,,,,,,,,,,,,,,,,,,,,,,,,,,,,,,,,,,,,,,,,,,,,,,,,,,,,,,,,,,,,,,,,,,,,,,,,,,,,,,,,,,,,,,,,,,,,,,,,,,,
,,,,,,,,,,,,,,,,,,,,,,,,,,,,,,,,,,,,,,,,,,,,,,,,,,,,,,,,,,,,,,,,,,,,,,,,,,,,,,,,,,,,,,,,,,,,,,,,,,,
,,,,,,,,,,,,,,,,,,,,,,,,,,,,,,,,,,,,,,,,,,,,,,,,,,,,,,,,,,,,,,,,,,,,,,,,,,,,,,,,,,,,,,,,,,,,,,,,,,,
,,,,,,,,,,,,,,,,,,,,,,,,,,,,,,,,,,,,,,,,,,,,,,,,,,,,,,,,,,,,,,,,,,,,,,,,,,,,,,,,,,,,,,,,,,,,,,,,,,,
,,,,,,,,,,,,,,,,,,,,,,,,,,,,,,,,,,,,,,,,,,,,,,,,,,,,,,,,,,,,,,,,,,,,,,,,,,,,,,,,,,,,,,,,,,,,,,,,,,,
,,,,,,,,,,,,,,,,,,,,,,,,,,,,,,,,,,,,,,,,,,,,,,,,,,,,,,,,,,,,,,,,,,,,,,,,,,,,,,,,,,,,,,,,,,,,,,,,,,,
,,,,,,,,,,,,,,,,,,,,,,,,,,,,,,,,,,,,,,,,,,,,,,,,,,,,,,,,,,,,,,,,,,,,,,,,,,,,,,,,,,,,,,,,,,,,,,,,,,,
,,,,,,,,,,,,,,,,,,,,,,,,,,,,,,,,,,,,,,,,,,,,,,,,,,,,,,,,,,,,,,,,,,,,,,,,,,,,,,,,,,,,,,,,,,,,,,,,,,,
,,,,,,,,,,,,,,,,,,,,,,,,,,,,,,,,,,,,,,,,,,,,,,,,,,,,,,,,,,,,,,,,,,,,,,,,,,,,,,,,,,,,,,,,,,,,,,,,,,,
,,,,,,,,,,,,,,,,,,,,,,,,,,,,,,,,,,,,,,,,,,,,,,,,,,,,,,,,,,,,,,,,,,,,,,,,,,,,,,,,,,,,,,,,,,,,,,,,,,,
,,,,,,,,,,,,,,,,,,,,,,,,,,,,,,,,,,,,,,,,,,,,,,,,,,,,,,,,,,,,,,,,,,,,,,,,,,,,,,,,,,,,,,,,,,,,,,,,,,,
,,,,,,,,,,,,,,,,,,,,,,,,,,,,,,,,,,,,,,,,,,,,,,,,,,,,,,,,,,,,,,,,,,,,,,,,,,,,,,,,,,,,,,,,,,,,,,,,,,,
,,,,,,,,,,,,,,,,,,,,,,,,,,,,,,,,,,,,,,,,,,,,,,,,,,,,,,,,,,,,,,,,,,,,,,,,,,,,,,,,,,,,,,,,,,,,,,,,,,,
,,,,,,,,,,,,,,,,,,,,,,,,,,,,,,,,,,,,,,,,,,,,,,,,,,,,,,,,,,,,,,,,,,,,,,,,,,,,,,,,,,,,,,,,,,,,,,,,,,,
,,,,,,,,,,,,,,,,,,,,,,,,,,,,,,,,,,,,,,,,,,,,,,,,,,,,,,,,,,,,,,,,,,,,,,,,,,,,,,,,,,,,,,,,,,,,,,,,,,,
,,,,,,,,,,,,,,,,,,,,,,,,,,,,,,,,,,,,,,,,,,,,,,,,,,,,,,,,,,,,,,,,,,,,,,,,,,,,,,,,,,,,,,,,,,,,,,,,,,,
,,,,,,,,,,,,,,,,,,,,,,,,,,,,,,,,,,,,,,,,,,,,,,,,,,,,,,,,,,,,,,,,,,,,,,,,,,,,,,,,,,,,,,,,,,,,,,,,,,,
,,,,,,,,,,,,,,,,,,,,,,,,,,,,,,,,,,,,,,,,,,,,,,,,,,,,,,,,,,,,,,,,,,,,,,,,,,,,,,,,,,,,,,,,,,,,,,,,,,,
,,,,,,,,,,,,,,,,,,,,,,,,,,,,,,,,,,,,,,,,,,,,,,,,,,,,,,,,,,,,,,,,,,,,,,,,,,,,,,,,,,,,,,,,,,,,,,,,,,,
,,,,,,,,,,,,,,,,,,,,,,,,,,,,,,,,,,,,,,,,,,,,,,,,,,,,,,,,,,,,,,,,,,,,,,,,,,,,,,,,,,,,,,,,,,,,,,,,,,,
,,,,,,,,,,,,,,,,,,,,,,,,,,,,,,,,,,,,,,,,,,,,,,,,,,,,,,,,,,,,,,,,,,,,,,,,,,,,,,,,,,,,,,,,,,,,,,,,,,,
,,,,,,,,,,,,,,,,,,,,,,,,,,,,,,,,,,,,,,,,,,,,,,,,,,,,,,,,,,,,,,,,,,,,,,,,,,,,,,,,,,,,,,,,,,,,,,,,,,,
,,,,,,,,,,,,,,,,,,,,,,,,,,,,,,,,,,,,,,,,,,,,,,,,,,,,,,,,,,,,,,,,,,,,,,,,,,,,,,,,,,,,,,,,,,,,,,,,,,,
,,,,,,,,,,,,,,,,,,,,,,,,,,,,,,,,,,,,,,,,,,,,,,,,,,,,,,,,,,,,,,,,,,,,,,,,,,,,,,,,,,,,,,,,,,,,,,,,,,,
,,,,,,,,,,,,,,,,,,,,,,,,,,,,,,,,,,,,,,,,,,,,,,,,,,,,,,,,,,,,,,,,,,,,,,,,,,,,,,,,,,,,,,,,,,,,,,,,,,,
,,,,,,,,,,,,,,,,,,,,,,,,,,,,,,,,,,,,,,,,,,,,,,,,,,,,,,,,,,,,,,,,,,,,,,,,,,,,,,,,,,,,,,,,,,,,,,,,,,,
,,,,,,,,,,,,,,,,,,,,,,,,,,,,,,,,,,,,,,,,,,,,,,,,,,,,,,,,,,,,,,,,,,,,,,,,,,,,,,,,,,,,,,,,,,,,,,,,,,,
,,,,,,,,,,,,,,,,,,,,,,,,,,,,,,,,,,,,,,,,,,,,,,,,,,,,,,,,,,,,,,,,,,,,,,,,,,,,,,,,,,,,,,,,,,,,,,,,,,,
,,,,,,,,,,,,,,,,,,,,,,,,,,,,,,,,,,,,,,,,,,,,,,,,,,,,,,,,,,,,,,,,,,,,,,,,,,,,,,,,,,,,,,,,,,,,,,,,,,,
,,,,,,,,,,,,,,,,,,,,,,,,,,,,,,,,,,,,,,,,,,,,,,,,,,,,,,,,,,,,,,,,,,,,,,,,,,,,,,,,,,,,,,,,,,,,,,,,,,,
