OutdoorsSpring.png#Spring_X0Y7,OutdoorsSpring.png#Spring_X0Y7,OutdoorsSpring.png#Spring_X0Y7,OutdoorsSpring.png#Spring_X0Y7,OutdoorsSpring.png#Spring_X0Y7,OutdoorsSpring.png#Spring_X0Y7,OutdoorsSpring.png#Spring_X0Y7,OutdoorsSpring.png#Spring_X0Y7,OutdoorsSpring.png#Spring_X0Y7,OutdoorsSpring.png#Spring_X0Y7,OutdoorsSpring.png#Spring_X0Y7,OutdoorsSpring.png#Spring_X0Y7,OutdoorsSpring.png#Spring_X0Y7,OutdoorsSpring.png#Spring_X0Y7,OutdoorsSpring.png#Spring_X0Y7,OutdoorsSpring.png#Spring_X0Y7,OutdoorsSpring.png#Spring_X0Y7,OutdoorsSpring.png#Spring_X0Y7,OutdoorsSpring.png#Spring_X0Y7,OutdoorsSpring.png#Spring_X0Y7,OutdoorsSpring.png#Spring_X0Y7,OutdoorsSpring.png#Spring_X0Y7,OutdoorsSpring.png#Spring_X0Y7,OutdoorsSpring.png#Spring_X0Y7,OutdoorsSpring.png#Spring_X0Y7,OutdoorsSpring.png#Spring_X0Y7,OutdoorsSpring.png#Spring_X0Y7,OutdoorsSpring.png#Spring_X0Y7,OutdoorsSpring.png#Spring_X0Y7,OutdoorsSpring.png#Spring_X0Y7,OutdoorsSpring.png#Spring_X0Y7,OutdoorsSpring.png#Spring_X0Y7,OutdoorsSpring.png#Spring_X0Y7,OutdoorsSpring.png#Spring_X0Y7,OutdoorsSpring.png#Spring_X0Y7,OutdoorsSpring.png#Spring_X0Y7,OutdoorsSpring.png#Spring_X0Y7,OutdoorsSpring.png#Spring_X0Y7,OutdoorsSpring.png#Spring_X0Y7,OutdoorsSpring.png#Spring_X0Y7,OutdoorsSpring.png#Spring_X0Y7,OutdoorsSpring.png#Spring_X0Y7,OutdoorsSpring.png#Spring_X0Y7,OutdoorsSpring.png#Spring_X0Y7,OutdoorsSpring.png#Spring_X0Y7,OutdoorsSpring.png#Spring_X0Y7,OutdoorsSpring.png#Spring_X0Y7,OutdoorsSpring.png#Spring_X0Y7,OutdoorsSpring.png#Spring_X0Y7,OutdoorsSpring.png#Spring_X0Y7,OutdoorsSpring.png#Spring_X0Y7,OutdoorsSpring.png#Spring_X0Y7,OutdoorsSpring.png#Spring_X0Y7,OutdoorsSpring.png#Spring_X0Y7,OutdoorsSpring.png#Spring_X0Y7,OutdoorsSpring.png#Spring_X0Y7,OutdoorsSpring.png#Spring_X0Y7,OutdoorsSpring.png#Spring_X0Y7,OutdoorsSpring.png#Spring_X0Y7,OutdoorsSpring.png#Spring_X0Y7,OutdoorsSpring.png#Spring_X0Y7,OutdoorsSpring.png#Spring_X0Y7,OutdoorsSpring.png#Spring_X0Y7,OutdoorsSpring.png#Spring_X0Y7,OutdoorsSpring.png#Spring_X0Y7,OutdoorsSpring.png#Spring_X0Y7,OutdoorsSpring.png#Spring_X0Y7,OutdoorsSpring.png#Spring_X0Y7,OutdoorsSpring.png#Spring_X0Y7,OutdoorsSpring.png#Spring_X0Y7,,,,,,,,,,,,,,,,,,,,,,,,,,,,,,
OutdoorsSpring.png#Spring_X0Y7,OutdoorsSpring.png#Spring_X0Y7,OutdoorsSpring.png#Spring_X0Y7,OutdoorsSpring.png#Spring_X0Y7,OutdoorsSpring.png#Spring_X0Y7,OutdoorsSpring.png#Spring_X0Y7,OutdoorsSpring.png#Spring_X0Y7,OutdoorsSpring.png#Spring_X0Y7,OutdoorsSpring.png#Spring_X0Y7,OutdoorsSpring.png#Spring_X0Y7,OutdoorsSpring.png#Spring_X0Y7,OutdoorsSpring.png#Spring_X0Y7,OutdoorsSpring.png#Spring_X0Y7,OutdoorsSpring.png#Spring_X0Y7,OutdoorsSpring.png#Spring_X0Y7,OutdoorsSpring.png#Spring_X0Y7,OutdoorsSpring.png#Spring_X0Y7,OutdoorsSpring.png#Spring_X0Y7,OutdoorsSpring.png#Spring_X0Y7,OutdoorsSpring.png#Spring_X0Y7,OutdoorsSpring.png#Spring_X0Y7,OutdoorsSpring.png#Spring_X0Y7,OutdoorsSpring.png#Spring_X0Y7,OutdoorsSpring.png#Spring_X0Y7,OutdoorsSpring.png#Spring_X0Y7,OutdoorsSpring.png#Spring_X0Y7,OutdoorsSpring.png#Spring_X0Y7,OutdoorsSpring.png#Spring_X0Y7,OutdoorsSpring.png#Spring_X0Y7,OutdoorsSpring.png#Spring_X0Y7,OutdoorsSpring.png#Spring_X0Y7,OutdoorsSpring.png#Spring_X0Y7,OutdoorsSpring.png#Spring_X0Y7,OutdoorsSpring.png#Spring_X0Y7,OutdoorsSpring.png#Spring_X0Y7,OutdoorsSpring.png#Spring_X0Y7,OutdoorsSpring.png#Spring_X0Y7,OutdoorsSpring.png#Spring_X0Y7,OutdoorsSpring.png#Spring_X0Y7,OutdoorsSpring.png#Spring_X0Y7,OutdoorsSpring.png#Spring_X0Y7,OutdoorsSpring.png#Spring_X0Y7,OutdoorsSpring.png#Spring_X0Y7,OutdoorsSpring.png#Spring_X0Y7,OutdoorsSpring.png#Spring_X0Y7,OutdoorsSpring.png#Spring_X0Y7,OutdoorsSpring.png#Spring_X0Y7,OutdoorsSpring.png#Spring_X0Y7,OutdoorsSpring.png#Spring_X0Y7,OutdoorsSpring.png#Spring_X0Y7,OutdoorsSpring.png#Spring_X0Y7,OutdoorsSpring.png#Spring_X0Y7,OutdoorsSpring.png#Spring_X0Y7,OutdoorsSpring.png#Spring_X0Y7,OutdoorsSpring.png#Spring_X0Y7,OutdoorsSpring.png#Spring_X0Y7,OutdoorsSpring.png#Spring_X0Y7,OutdoorsSpring.png#Spring_X0Y7,OutdoorsSpring.png#Spring_X0Y7,OutdoorsSpring.png#Spring_X0Y7,OutdoorsSpring.png#Spring_X0Y7,OutdoorsSpring.png#Spring_X0Y7,OutdoorsSpring.png#Spring_X0Y7,OutdoorsSpring.png#Spring_X0Y7,OutdoorsSpring.png#Spring_X0Y7,OutdoorsSpring.png#Spring_X0Y7,OutdoorsSpring.png#Spring_X0Y7,OutdoorsSpring.png#Spring_X0Y7,OutdoorsSpring.png#Spring_X0Y7,OutdoorsSpring.png#Spring_X0Y7,,,,,,,,,,,,,,,,,,,,,,,,,,,,,,
OutdoorsSpring.png#Spring_X0Y7,OutdoorsSpring.png#Spring_X0Y7,OutdoorsSpring.png#Spring_X0Y7,OutdoorsSpring.png#Spring_X0Y7,OutdoorsSpring.png#Spring_X0Y7,OutdoorsSpring.png#Spring_X0Y7,OutdoorsSpring.png#Spring_X0Y7,OutdoorsSpring.png#Spring_X0Y7,OutdoorsSpring.png#Spring_X0Y7,OutdoorsSpring.png#Spring_X0Y7,OutdoorsSpring.png#Spring_X0Y7,OutdoorsSpring.png#Spring_X0Y7,OutdoorsSpring.png#Spring_X0Y7,OutdoorsSpring.png#Spring_X0Y7,OutdoorsSpring.png#Spring_X0Y7,OutdoorsSpring.png#Spring_X0Y7,OutdoorsSpring.png#Spring_X0Y7,OutdoorsSpring.png#Spring_X0Y7,OutdoorsSpring.png#Spring_X0Y7,OutdoorsSpring.png#Spring_X0Y7,OutdoorsSpring.png#Spring_X0Y7,OutdoorsSpring.png#Spring_X0Y7,OutdoorsSpring.png#Spring_X0Y7,OutdoorsSpring.png#Spring_X0Y7,OutdoorsSpring.png#Spring_X0Y7,OutdoorsSpring.png#Spring_X0Y7,OutdoorsSpring.png#Spring_X0Y7,OutdoorsSpring.png#Spring_X0Y7,OutdoorsSpring.png#Spring_X0Y7,OutdoorsSpring.png#Spring_X0Y7,OutdoorsSpring.png#Spring_X0Y7,OutdoorsSpring.png#Spring_X0Y7,OutdoorsSpring.png#Spring_X0Y7,OutdoorsSpring.png#Spring_X0Y7,OutdoorsSpring.png#Spring_X0Y7,OutdoorsSpring.png#Spring_X0Y7,OutdoorsSpring.png#Spring_X0Y7,OutdoorsSpring.png#Spring_X0Y7,OutdoorsSpring.png#Spring_X0Y7,OutdoorsSpring.png#Spring_X0Y7,OutdoorsSpring.png#Spring_X0Y7,OutdoorsSpring.png#Spring_X0Y7,OutdoorsSpring.png#Spring_X0Y7,OutdoorsSpring.png#Spring_X0Y7,OutdoorsSpring.png#Spring_X0Y7,OutdoorsSpring.png#Spring_X0Y7,OutdoorsSpring.png#Spring_X0Y7,OutdoorsSpring.png#Spring_X0Y7,OutdoorsSpring.png#Spring_X0Y7,OutdoorsSpring.png#Spring_X0Y7,OutdoorsSpring.png#Spring_X0Y7,OutdoorsSpring.png#Spring_X0Y7,OutdoorsSpring.png#Spring_X0Y7,OutdoorsSpring.png#Spring_X0Y7,OutdoorsSpring.png#Spring_X0Y7,OutdoorsSpring.png#Spring_X0Y7,OutdoorsSpring.png#Spring_X0Y7,OutdoorsSpring.png#Spring_X0Y7,OutdoorsSpring.png#Spring_X0Y7,OutdoorsSpring.png#Spring_X0Y7,OutdoorsSpring.png#Spring_X0Y7,OutdoorsSpring.png#Spring_X0Y7,OutdoorsSpring.png#Spring_X0Y7,OutdoorsSpring.png#Spring_X0Y7,OutdoorsSpring.png#Spring_X0Y7,OutdoorsSpring.png#Spring_X0Y7,OutdoorsSpring.png#Spring_X0Y7,OutdoorsSpring.png#Spring_X0Y7,OutdoorsSpring.png#Spring_X0Y7,OutdoorsSpring.png#Spring_X0Y7,,,,,,,,,,,,,,,,,,,,,,,,,,,,,,
OutdoorsSpring.png#Spring_X0Y7,OutdoorsSpring.png#Spring_X0Y7,OutdoorsSpring.png#Spring_X0Y7,OutdoorsSpring.png#Spring_X0Y7,OutdoorsSpring.png#Spring_X0Y7,OutdoorsSpring.png#Spring_X0Y7,OutdoorsSpring.png#Spring_X0Y7,OutdoorsSpring.png#Spring_X0Y7,OutdoorsSpring.png#Spring_X0Y7,OutdoorsSpring.png#Spring_X0Y7,OutdoorsSpring.png#Spring_X0Y6,OutdoorsSpring.png#Spring_X0Y7,OutdoorsSpring.png#Spring_X0Y7,OutdoorsSpring.png#Spring_X0Y7,OutdoorsSpring.png#Spring_X0Y7,OutdoorsSpring.png#Spring_X0Y7,OutdoorsSpring.png#Spring_X0Y7,OutdoorsSpring.png#Spring_X0Y7,OutdoorsSpring.png#Spring_X0Y7,OutdoorsSpring.png#Spring_X0Y7,OutdoorsSpring.png#Spring_X0Y7,OutdoorsSpring.png#Spring_X0Y7,OutdoorsSpring.png#Spring_X0Y7,OutdoorsSpring.png#Spring_X0Y7,OutdoorsSpring.png#Spring_X0Y7,OutdoorsSpring.png#Spring_X0Y7,OutdoorsSpring.png#Spring_X0Y7,OutdoorsSpring.png#Spring_X0Y7,OutdoorsSpring.png#Spring_X0Y7,OutdoorsSpring.png#Spring_X0Y7,OutdoorsSpring.png#Spring_X0Y7,OutdoorsSpring.png#Spring_X0Y7,OutdoorsSpring.png#Spring_X0Y7,OutdoorsSpring.png#Spring_X0Y7,OutdoorsSpring.png#Spring_X0Y7,OutdoorsSpring.png#Spring_X0Y7,OutdoorsSpring.png#Spring_X0Y7,OutdoorsSpring.png#Spring_X0Y7,OutdoorsSpring.png#Spring_X0Y7,OutdoorsSpring.png#Spring_X0Y7,OutdoorsSpring.png#Spring_X0Y7,OutdoorsSpring.png#Spring_X0Y7,OutdoorsSpring.png#Spring_X0Y7,OutdoorsSpring.png#Spring_X0Y7,OutdoorsSpring.png#Spring_X0Y7,OutdoorsSpring.png#Spring_X0Y7,OutdoorsSpring.png#Spring_X0Y7,OutdoorsSpring.png#Spring_X0Y7,OutdoorsSpring.png#Spring_X0Y7,OutdoorsSpring.png#Spring_X0Y7,OutdoorsSpring.png#Spring_X0Y7,OutdoorsSpring.png#Spring_X0Y7,OutdoorsSpring.png#Spring_X0Y7,OutdoorsSpring.png#Spring_X0Y7,OutdoorsSpring.png#Spring_X0Y7,OutdoorsSpring.png#Spring_X0Y7,OutdoorsSpring.png#Spring_X0Y7,OutdoorsSpring.png#Spring_X0Y7,OutdoorsSpring.png#Spring_X0Y7,OutdoorsSpring.png#Spring_X0Y7,OutdoorsSpring.png#Spring_X0Y7,OutdoorsSpring.png#Spring_X0Y7,OutdoorsSpring.png#Spring_X0Y7,OutdoorsSpring.png#Spring_X0Y7,OutdoorsSpring.png#Spring_X0Y7,OutdoorsSpring.png#Spring_X0Y7,OutdoorsSpring.png#Spring_X0Y7,OutdoorsSpring.png#Spring_X0Y7,OutdoorsSpring.png#Spring_X0Y7,OutdoorsSpring.png#Spring_X0Y7,,,,,,,,,,,,,,,,,,,,,,,,,,,,,,
OutdoorsSpring.png#Spring_X0Y7,OutdoorsSpring.png#Spring_X0Y7,OutdoorsSpring.png#Spring_X0Y7,OutdoorsSpring.png#Spring_X0Y7,OutdoorsSpring.png#Spring_X0Y7,OutdoorsSpring.png#Spring_X0Y7,OutdoorsSpring.png#Spring_X0Y7,OutdoorsSpring.png#Spring_X0Y7,OutdoorsSpring.png#Spring_X0Y7,OutdoorsSpring.png#Spring_X0Y7,OutdoorsSpring.png#Spring_X0Y7,OutdoorsSpring.png#Spring_X0Y7,OutdoorsSpring.png#Spring_X0Y7,OutdoorsSpring.png#Spring_X0Y7,OutdoorsSpring.png#Spring_X0Y7,OutdoorsSpring.png#Spring_X0Y7,OutdoorsSpring.png#Spring_X0Y7,OutdoorsSpring.png#Spring_X0Y7,OutdoorsSpring.png#Spring_X0Y7,OutdoorsSpring.png#Spring_X0Y7,OutdoorsSpring.png#Spring_X0Y7,OutdoorsSpring.png#Spring_X0Y7,OutdoorsSpring.png#Spring_X0Y7,OutdoorsSpring.png#Spring_X0Y7,OutdoorsSpring.png#Spring_X0Y7,OutdoorsSpring.png#Spring_X0Y7,OutdoorsSpring.png#Spring_X0Y7,OutdoorsSpring.png#Spring_X0Y7,OutdoorsSpring.png#Spring_X0Y7,OutdoorsSpring.png#Spring_X0Y7,OutdoorsSpring.png#Spring_X0Y7,OutdoorsSpring.png#Spring_X0Y7,OutdoorsSpring.png#Spring_X0Y7,OutdoorsSpring.png#Spring_X0Y7,OutdoorsSpring.png#Spring_X0Y7,OutdoorsSpring.png#Spring_X0Y7,OutdoorsSpring.png#Spring_X0Y7,OutdoorsSpring.png#Spring_X0Y7,OutdoorsSpring.png#Spring_X0Y7,OutdoorsSpring.png#Spring_X0Y7,OutdoorsSpring.png#Spring_X0Y7,OutdoorsSpring.png#Spring_X0Y7,OutdoorsSpring.png#Spring_X0Y7,OutdoorsSpring.png#Spring_X0Y7,OutdoorsSpring.png#Spring_X0Y7,OutdoorsSpring.png#Spring_X0Y7,OutdoorsSpring.png#Spring_X0Y7,OutdoorsSpring.png#Spring_X0Y7,OutdoorsSpring.png#Spring_X0Y7,OutdoorsSpring.png#Spring_X0Y7,OutdoorsSpring.png#Spring_X0Y7,OutdoorsSpring.png#Spring_X0Y7,OutdoorsSpring.png#Spring_X0Y7,OutdoorsSpring.png#Spring_X0Y7,OutdoorsSpring.png#Spring_X0Y7,OutdoorsSpring.png#Spring_X0Y7,OutdoorsSpring.png#Spring_X0Y7,OutdoorsSpring.png#Spring_X0Y7,OutdoorsSpring.png#Spring_X0Y7,OutdoorsSpring.png#Spring_X0Y7,OutdoorsSpring.png#Spring_X0Y7,OutdoorsSpring.png#Spring_X0Y7,OutdoorsSpring.png#Spring_X0Y7,OutdoorsSpring.png#Spring_X0Y7,OutdoorsSpring.png#Spring_X0Y7,OutdoorsSpring.png#Spring_X0Y7,OutdoorsSpring.png#Spring_X0Y7,OutdoorsSpring.png#Spring_X0Y7,OutdoorsSpring.png#Spring_X0Y7,OutdoorsSpring.png#Spring_X0Y7,,,,,,,,,,,,,,,,,,,,,,,,,,,,,,
OutdoorsSpring.png#Spring_X0Y7,OutdoorsSpring.png#Spring_X0Y7,OutdoorsSpring.png#Spring_X0Y7,OutdoorsSpring.png#Spring_X0Y7,OutdoorsSpring.png#Spring_X0Y7,OutdoorsSpring.png#Spring_X0Y7,OutdoorsSpring.png#Spring_X0Y7,OutdoorsSpring.png#Spring_X0Y7,OutdoorsSpring.png#Spring_X0Y7,OutdoorsSpring.png#Spring_X0Y7,OutdoorsSpring.png#Spring_X0Y7,OutdoorsSpring.png#Spring_X0Y7,OutdoorsSpring.png#Spring_X0Y7,OutdoorsSpring.png#Spring_X0Y7,OutdoorsSpring.png#Spring_X0Y7,OutdoorsSpring.png#Spring_X0Y7,OutdoorsSpring.png#Spring_X0Y7,OutdoorsSpring.png#Spring_X0Y7,OutdoorsSpring.png#Spring_X0Y7,OutdoorsSpring.png#Spring_X0Y7,OutdoorsSpring.png#Spring_X0Y7,OutdoorsSpring.png#Spring_X0Y7,OutdoorsSpring.png#Spring_X0Y7,OutdoorsSpring.png#Spring_X0Y7,OutdoorsSpring.png#Spring_X0Y7,OutdoorsSpring.png#Spring_X0Y7,OutdoorsSpring.png#Spring_X0Y7,OutdoorsSpring.png#Spring_X0Y7,OutdoorsSpring.png#Spring_X0Y7,OutdoorsSpring.png#Spring_X0Y7,OutdoorsSpring.png#Spring_X0Y7,OutdoorsSpring.png#Spring_X0Y7,OutdoorsSpring.png#Spring_X0Y7,OutdoorsSpring.png#Spring_X0Y7,OutdoorsSpring.png#Spring_X0Y7,OutdoorsSpring.png#Spring_X0Y7,OutdoorsSpring.png#Spring_X0Y7,OutdoorsSpring.png#Spring_X0Y7,OutdoorsSpring.png#Spring_X0Y7,OutdoorsSpring.png#Spring_X0Y7,OutdoorsSpring.png#Spring_X0Y7,OutdoorsSpring.png#Spring_X0Y7,OutdoorsSpring.png#Spring_X0Y7,OutdoorsSpring.png#Spring_X0Y7,OutdoorsSpring.png#Spring_X0Y7,OutdoorsSpring.png#Spring_X0Y7,OutdoorsSpring.png#Spring_X0Y7,OutdoorsSpring.png#Spring_X0Y7,OutdoorsSpring.png#Spring_X0Y7,OutdoorsSpring.png#Spring_X0Y7,OutdoorsSpring.png#Spring_X0Y7,OutdoorsSpring.png#Spring_X0Y7,OutdoorsSpring.png#Spring_X0Y7,OutdoorsSpring.png#Spring_X0Y7,OutdoorsSpring.png#Spring_X0Y7,OutdoorsSpring.png#Spring_X0Y7,OutdoorsSpring.png#Spring_X0Y7,OutdoorsSpring.png#Spring_X0Y7,OutdoorsSpring.png#Spring_X0Y7,OutdoorsSpring.png#Spring_X0Y7,OutdoorsSpring.png#Spring_X0Y7,OutdoorsSpring.png#Spring_X0Y7,OutdoorsSpring.png#Spring_X0Y7,OutdoorsSpring.png#Spring_X0Y7,OutdoorsSpring.png#Spring_X0Y7,OutdoorsSpring.png#Spring_X0Y7,OutdoorsSpring.png#Spring_X0Y7,OutdoorsSpring.png#Spring_X0Y7,OutdoorsSpring.png#Spring_X0Y7,OutdoorsSpring.png#Spring_X0Y7,,,,,,,,,,,,,,,,,,,,,,,,,,,,,,
OutdoorsSpring.png#Spring_X2Y41,OutdoorsSpring.png#Spring_X3Y41,OutdoorsSpring.png#Spring_X2Y41,OutdoorsSpring.png#Spring_X3Y41,OutdoorsSpring.png#Spring_X2Y41,OutdoorsSpring.png#Spring_X3Y41,OutdoorsSpring.png#Spring_X2Y41,OutdoorsSpring.png#Spring_X3Y41,OutdoorsSpring.png#Spring_X2Y41,OutdoorsSpring.png#Spring_X3Y41,OutdoorsSpring.png#Spring_X2Y41,OutdoorsSpring.png#Spring_X3Y41,OutdoorsSpring.png#Spring_X2Y41,OutdoorsSpring.png#Spring_X3Y41,OutdoorsSpring.png#Spring_X2Y41,OutdoorsSpring.png#Spring_X3Y41,OutdoorsSpring.png#Spring_X2Y41,OutdoorsSpring.png#Spring_X3Y41,OutdoorsSpring.png#Spring_X2Y41,OutdoorsSpring.png#Spring_X3Y41,OutdoorsSpring.png#Spring_X2Y41,OutdoorsSpring.png#Spring_X3Y41,OutdoorsSpring.png#Spring_X2Y41,OutdoorsSpring.png#Spring_X3Y41,OutdoorsSpring.png#Spring_X2Y41,OutdoorsSpring.png#Spring_X3Y41,OutdoorsSpring.png#Spring_X2Y41,OutdoorsSpring.png#Spring_X3Y41,OutdoorsSpring.png#Spring_X2Y41,OutdoorsSpring.png#Spring_X3Y41,OutdoorsSpring.png#Spring_X2Y41,OutdoorsSpring.png#Spring_X3Y41,OutdoorsSpring.png#Spring_X2Y41,OutdoorsSpring.png#Spring_X3Y41,OutdoorsSpring.png#Spring_X2Y41,OutdoorsSpring.png#Spring_X3Y41,OutdoorsSpring.png#Spring_X2Y41,OutdoorsSpring.png#Spring_X3Y41,OutdoorsSpring.png#Spring_X2Y41,OutdoorsSpring.png#Spring_X3Y41,OutdoorsSpring.png#Spring_X2Y41,OutdoorsSpring.png#Spring_X3Y41,OutdoorsSpring.png#Spring_X2Y41,OutdoorsSpring.png#Spring_X3Y41,OutdoorsSpring.png#Spring_X2Y41,OutdoorsSpring.png#Spring_X3Y41,OutdoorsSpring.png#Spring_X2Y41,OutdoorsSpring.png#Spring_X3Y41,OutdoorsSpring.png#Spring_X2Y41,OutdoorsSpring.png#Spring_X3Y41,OutdoorsSpring.png#Spring_X2Y41,OutdoorsSpring.png#Spring_X3Y41,OutdoorsSpring.png#Spring_X2Y41,OutdoorsSpring.png#Spring_X3Y41,OutdoorsSpring.png#Spring_X2Y41,OutdoorsSpring.png#Spring_X3Y41,OutdoorsSpring.png#Spring_X2Y41,OutdoorsSpring.png#Spring_X3Y41,OutdoorsSpring.png#Spring_X2Y41,OutdoorsSpring.png#Spring_X3Y41,OutdoorsSpring.png#Spring_X2Y41,OutdoorsSpring.png#Spring_X3Y41,OutdoorsSpring.png#Spring_X2Y41,OutdoorsSpring.png#Spring_X3Y41,OutdoorsSpring.png#Spring_X2Y41,OutdoorsSpring.png#Spring_X3Y41,OutdoorsSpring.png#Spring_X2Y41,OutdoorsSpring.png#Spring_X3Y41,OutdoorsSpring.png#Spring_X2Y41,OutdoorsSpring.png#Spring_X3Y41,,,,,,,,,,,,,,,,,,,,,,,,,,,,,,
OutdoorsSpring.png#Spring_X4Y42,OutdoorsSpring.png#Spring_X4Y42,OutdoorsSpring.png#Spring_X4Y42,OutdoorsSpring.png#Spring_X4Y42,OutdoorsSpring.png#Spring_X4Y42,OutdoorsSpring.png#Spring_X4Y42,OutdoorsSpring.png#Spring_X4Y42,OutdoorsSpring.png#Spring_X4Y42,OutdoorsSpring.png#Spring_X4Y42,OutdoorsSpring.png#Spring_X5Y41,OutdoorsSpring.png#Spring_X4Y42,OutdoorsSpring.png#Spring_X4Y42,OutdoorsSpring.png#Spring_X4Y42,OutdoorsSpring.png#Spring_X4Y42,OutdoorsSpring.png#Spring_X4Y42,OutdoorsSpring.png#Spring_X4Y42,OutdoorsSpring.png#Spring_X4Y42,OutdoorsSpring.png#Spring_X4Y42,OutdoorsSpring.png#Spring_X4Y42,OutdoorsSpring.png#Spring_X4Y42,OutdoorsSpring.png#Spring_X4Y42,OutdoorsSpring.png#Spring_X4Y42,OutdoorsSpring.png#Spring_X4Y42,OutdoorsSpring.png#Spring_X4Y42,OutdoorsSpring.png#Spring_X4Y42,OutdoorsSpring.png#Spring_X4Y42,OutdoorsSpring.png#Spring_X4Y42,OutdoorsSpring.png#Spring_X4Y42,OutdoorsSpring.png#Spring_X4Y42,OutdoorsSpring.png#Spring_X4Y42,OutdoorsSpring.png#Spring_X4Y42,OutdoorsSpring.png#Spring_X4Y42,OutdoorsSpring.png#Spring_X4Y42,OutdoorsSpring.png#Spring_X4Y42,OutdoorsSpring.png#Spring_X4Y42,OutdoorsSpring.png#Spring_X4Y42,OutdoorsSpring.png#Spring_X4Y42,OutdoorsSpring.png#Spring_X4Y42,OutdoorsSpring.png#Spring_X4Y42,OutdoorsSpring.png#Spring_X4Y42,OutdoorsSpring.png#Spring_X4Y42,OutdoorsSpring.png#Spring_X4Y42,OutdoorsSpring.png#Spring_X4Y42,OutdoorsSpring.png#Spring_X4Y42,OutdoorsSpring.png#Spring_X4Y42,OutdoorsSpring.png#Spring_X4Y42,OutdoorsSpring.png#Spring_X4Y42,OutdoorsSpring.png#Spring_X4Y42,OutdoorsSpring.png#Spring_X4Y42,OutdoorsSpring.png#Spring_X4Y42,OutdoorsSpring.png#Spring_X4Y42,OutdoorsSpring.png#Spring_X4Y42,OutdoorsSpring.png#Spring_X4Y42,OutdoorsSpring.png#Spring_X4Y42,OutdoorsSpring.png#Spring_X4Y42,OutdoorsSpring.png#Spring_X4Y42,OutdoorsSpring.png#Spring_X4Y42,OutdoorsSpring.png#Spring_X4Y42,OutdoorsSpring.png#Spring_X4Y42,OutdoorsSpring.png#Spring_X4Y42,OutdoorsSpring.png#Spring_X4Y42,OutdoorsSpring.png#Spring_X4Y42,OutdoorsSpring.png#Spring_X4Y42,OutdoorsSpring.png#Spring_X4Y42,OutdoorsSpring.png#Spring_X4Y42,OutdoorsSpring.png#Spring_X4Y42,OutdoorsSpring.png#Spring_X4Y42,OutdoorsSpring.png#Spring_X4Y42,OutdoorsSpring.png#Spring_X4Y42,OutdoorsSpring.png#Spring_X4Y42,,,,,,,,,,,,,,,,,,,,,,,,,,,,,,
OutdoorsSpring.png#Spring_X6Y42,OutdoorsSpring.png#Spring_X6Y42,OutdoorsSpring.png#Spring_X6Y42,OutdoorsSpring.png#Spring_X6Y42,OutdoorsSpring.png#Spring_X6Y42,OutdoorsSpring.png#Spring_X6Y42,OutdoorsSpring.png#Spring_X6Y42,OutdoorsSpring.png#Spring_X6Y42,OutdoorsSpring.png#Spring_X6Y42,OutdoorsSpring.png#Spring_X5Y41,OutdoorsSpring.png#Spring_X6Y42,OutdoorsSpring.png#Spring_X6Y42,OutdoorsSpring.png#Spring_X6Y42,OutdoorsSpring.png#Spring_X6Y42,OutdoorsSpring.png#Spring_X6Y42,OutdoorsSpring.png#Spring_X6Y42,OutdoorsSpring.png#Spring_X6Y42,OutdoorsSpring.png#Spring_X6Y42,OutdoorsSpring.png#Spring_X6Y42,OutdoorsSpring.png#Spring_X6Y42,OutdoorsSpring.png#Spring_X6Y42,OutdoorsSpring.png#Spring_X6Y42,OutdoorsSpring.png#Spring_X6Y42,OutdoorsSpring.png#Spring_X6Y42,OutdoorsSpring.png#Spring_X6Y42,OutdoorsSpring.png#Spring_X6Y42,OutdoorsSpring.png#Spring_X6Y42,OutdoorsSpring.png#Spring_X6Y42,OutdoorsSpring.png#Spring_X6Y42,OutdoorsSpring.png#Spring_X6Y42,OutdoorsSpring.png#Spring_X6Y42,OutdoorsSpring.png#Spring_X6Y42,OutdoorsSpring.png#Spring_X6Y42,OutdoorsSpring.png#Spring_X6Y42,OutdoorsSpring.png#Spring_X6Y42,OutdoorsSpring.png#Spring_X6Y42,OutdoorsSpring.png#Spring_X6Y42,OutdoorsSpring.png#Spring_X6Y42,OutdoorsSpring.png#Spring_X6Y42,OutdoorsSpring.png#Spring_X6Y42,OutdoorsSpring.png#Spring_X6Y42,OutdoorsSpring.png#Spring_X6Y42,OutdoorsSpring.png#Spring_X6Y42,OutdoorsSpring.png#Spring_X6Y42,OutdoorsSpring.png#Spring_X6Y42,OutdoorsSpring.png#Spring_X6Y42,OutdoorsSpring.png#Spring_X6Y42,OutdoorsSpring.png#Spring_X6Y42,OutdoorsSpring.png#Spring_X6Y42,OutdoorsSpring.png#Spring_X6Y42,OutdoorsSpring.png#Spring_X6Y42,OutdoorsSpring.png#Spring_X6Y42,OutdoorsSpring.png#Spring_X6Y42,OutdoorsSpring.png#Spring_X6Y42,OutdoorsSpring.png#Spring_X6Y42,OutdoorsSpring.png#Spring_X6Y42,OutdoorsSpring.png#Spring_X6Y42,OutdoorsSpring.png#Spring_X6Y42,OutdoorsSpring.png#Spring_X6Y42,OutdoorsSpring.png#Spring_X6Y42,OutdoorsSpring.png#Spring_X6Y42,OutdoorsSpring.png#Spring_X6Y42,OutdoorsSpring.png#Spring_X6Y42,OutdoorsSpring.png#Spring_X6Y42,OutdoorsSpring.png#Spring_X6Y42,OutdoorsSpring.png#Spring_X6Y42,OutdoorsSpring.png#Spring_X6Y42,OutdoorsSpring.png#Spring_X6Y42,OutdoorsSpring.png#Spring_X6Y42,OutdoorsSpring.png#Spring_X6Y42,,,,,,,,,,,,,,,,,,,,,,,,,,,,,,
OutdoorsSpring.png#Spring_X4Y42,OutdoorsSpring.png#Spring_X4Y42,OutdoorsSpring.png#Spring_X4Y42,OutdoorsSpring.png#Spring_X4Y42,OutdoorsSpring.png#Spring_X4Y42,OutdoorsSpring.png#Spring_X4Y42,OutdoorsSpring.png#Spring_X4Y42,OutdoorsSpring.png#Spring_X4Y42,OutdoorsSpring.png#Spring_X4Y42,OutdoorsSpring.png#Spring_X5Y41,OutdoorsSpring.png#Spring_X4Y42,OutdoorsSpring.png#Spring_X4Y42,OutdoorsSpring.png#Spring_X4Y42,OutdoorsSpring.png#Spring_X4Y42,OutdoorsSpring.png#Spring_X4Y42,OutdoorsSpring.png#Spring_X4Y42,OutdoorsSpring.png#Spring_X4Y42,OutdoorsSpring.png#Spring_X4Y42,OutdoorsSpring.png#Spring_X4Y42,OutdoorsSpring.png#Spring_X4Y42,OutdoorsSpring.png#Spring_X4Y42,OutdoorsSpring.png#Spring_X4Y42,OutdoorsSpring.png#Spring_X4Y42,OutdoorsSpring.png#Spring_X4Y42,OutdoorsSpring.png#Spring_X4Y42,OutdoorsSpring.png#Spring_X4Y42,OutdoorsSpring.png#Spring_X4Y42,OutdoorsSpring.png#Spring_X4Y42,OutdoorsSpring.png#Spring_X4Y42,OutdoorsSpring.png#Spring_X4Y42,OutdoorsSpring.png#Spring_X4Y42,OutdoorsSpring.png#Spring_X4Y42,OutdoorsSpring.png#Spring_X4Y42,OutdoorsSpring.png#Spring_X4Y42,OutdoorsSpring.png#Spring_X4Y42,OutdoorsSpring.png#Spring_X4Y42,OutdoorsSpring.png#Spring_X4Y42,OutdoorsSpring.png#Spring_X4Y42,OutdoorsSpring.png#Spring_X4Y42,OutdoorsSpring.png#Spring_X4Y42,OutdoorsSpring.png#Spring_X4Y42,OutdoorsSpring.png#Spring_X4Y42,OutdoorsSpring.png#Spring_X4Y42,OutdoorsSpring.png#Spring_X4Y42,OutdoorsSpring.png#Spring_X4Y42,OutdoorsSpring.png#Spring_X4Y42,OutdoorsSpring.png#Spring_X4Y42,OutdoorsSpring.png#Spring_X4Y42,OutdoorsSpring.png#Spring_X4Y42,OutdoorsSpring.png#Spring_X4Y42,OutdoorsSpring.png#Spring_X4Y42,OutdoorsSpring.png#Spring_X4Y42,OutdoorsSpring.png#Spring_X4Y42,OutdoorsSpring.png#Spring_X4Y42,OutdoorsSpring.png#Spring_X4Y42,OutdoorsSpring.png#Spring_X4Y42,OutdoorsSpring.png#Spring_X4Y42,OutdoorsSpring.png#Spring_X4Y42,OutdoorsSpring.png#Spring_X4Y42,OutdoorsSpring.png#Spring_X4Y42,OutdoorsSpring.png#Spring_X4Y42,OutdoorsSpring.png#Spring_X4Y42,OutdoorsSpring.png#Spring_X4Y42,OutdoorsSpring.png#Spring_X4Y42,OutdoorsSpring.png#Spring_X4Y42,OutdoorsSpring.png#Spring_X4Y42,OutdoorsSpring.png#Spring_X4Y42,OutdoorsSpring.png#Spring_X4Y42,OutdoorsSpring.png#Spring_X4Y42,OutdoorsSpring.png#Spring_X4Y42,,,,,,,,,,,,,,,,,,,,,,,,,,,,,,
OutdoorsSpring.png#Spring_X3Y42,OutdoorsSpring.png#Spring_X3Y42,OutdoorsSpring.png#Spring_X3Y42,OutdoorsSpring.png#Spring_X3Y42,OutdoorsSpring.png#Spring_X3Y42,OutdoorsSpring.png#Spring_X3Y42,OutdoorsSpring.png#Spring_X3Y42,OutdoorsSpring.png#Spring_X3Y42,OutdoorsSpring.png#Spring_X3Y42,OutdoorsSpring.png#Spring_X3Y43,OutdoorsSpring.png#Spring_X3Y42,OutdoorsSpring.png#Spring_X3Y42,OutdoorsSpring.png#Spring_X3Y42,OutdoorsSpring.png#Spring_X3Y42,OutdoorsSpring.png#Spring_X3Y42,OutdoorsSpring.png#Spring_X3Y42,OutdoorsSpring.png#Spring_X3Y42,OutdoorsSpring.png#Spring_X3Y42,OutdoorsSpring.png#Spring_X3Y42,OutdoorsSpring.png#Spring_X3Y42,OutdoorsSpring.png#Spring_X3Y42,OutdoorsSpring.png#Spring_X3Y42,OutdoorsSpring.png#Spring_X3Y42,OutdoorsSpring.png#Spring_X3Y42,OutdoorsSpring.png#Spring_X3Y42,OutdoorsSpring.png#Spring_X3Y42,OutdoorsSpring.png#Spring_X3Y42,OutdoorsSpring.png#Spring_X3Y42,OutdoorsSpring.png#Spring_X3Y42,OutdoorsSpring.png#Spring_X3Y42,OutdoorsSpring.png#Spring_X3Y42,OutdoorsSpring.png#Spring_X3Y42,OutdoorsSpring.png#Spring_X3Y42,OutdoorsSpring.png#Spring_X3Y42,OutdoorsSpring.png#Spring_X3Y42,OutdoorsSpring.png#Spring_X3Y42,OutdoorsSpring.png#Spring_X3Y42,OutdoorsSpring.png#Spring_X3Y42,OutdoorsSpring.png#Spring_X3Y42,OutdoorsSpring.png#Spring_X3Y42,OutdoorsSpring.png#Spring_X3Y42,OutdoorsSpring.png#Spring_X3Y42,OutdoorsSpring.png#Spring_X3Y42,OutdoorsSpring.png#Spring_X3Y42,OutdoorsSpring.png#Spring_X3Y42,OutdoorsSpring.png#Spring_X3Y42,OutdoorsSpring.png#Spring_X3Y42,OutdoorsSpring.png#Spring_X3Y42,OutdoorsSpring.png#Spring_X3Y42,OutdoorsSpring.png#Spring_X3Y42,OutdoorsSpring.png#Spring_X3Y42,OutdoorsSpring.png#Spring_X3Y42,OutdoorsSpring.png#Spring_X3Y42,OutdoorsSpring.png#Spring_X3Y42,OutdoorsSpring.png#Spring_X3Y42,OutdoorsSpring.png#Spring_X3Y42,OutdoorsSpring.png#Spring_X3Y42,OutdoorsSpring.png#Spring_X3Y42,OutdoorsSpring.png#Spring_X3Y42,OutdoorsSpring.png#Spring_X3Y42,OutdoorsSpring.png#Spring_X3Y42,OutdoorsSpring.png#Spring_X3Y42,OutdoorsSpring.png#Spring_X3Y42,OutdoorsSpring.png#Spring_X3Y42,OutdoorsSpring.png#Spring_X3Y42,OutdoorsSpring.png#Spring_X3Y42,OutdoorsSpring.png#Spring_X3Y42,OutdoorsSpring.png#Spring_X3Y42,OutdoorsSpring.png#Spring_X3Y42,OutdoorsSpring.png#Spring_X3Y42,,,,,,,,,,,,,,,,,,,,,,,,,,,,,,
OutdoorsSpring.png#Spring_X0Y7,OutdoorsSpring.png#Spring_X0Y7,OutdoorsSpring.png#Spring_X0Y7,OutdoorsSpring.png#Spring_X0Y7,OutdoorsSpring.png#Spring_X0Y42,OutdoorsSpring.png#Spring_X1Y42,OutdoorsSpring.png#Spring_X1Y42,OutdoorsSpring.png#Spring_X1Y42,OutdoorsSpring.png#Spring_X1Y42,OutdoorsSpring.png#Spring_X1Y42,OutdoorsSpring.png#Spring_X1Y42,OutdoorsSpring.png#Spring_X1Y42,OutdoorsSpring.png#Spring_X1Y42,OutdoorsSpring.png#Spring_X1Y42,OutdoorsSpring.png#Spring_X1Y42,OutdoorsSpring.png#Spring_X1Y42,OutdoorsSpring.png#Spring_X1Y42,OutdoorsSpring.png#Spring_X1Y42,OutdoorsSpring.png#Spring_X2Y42,OutdoorsSpring.png#Spring_X0Y7,OutdoorsSpring.png#Spring_X0Y7,OutdoorsSpring.png#Spring_X0Y7,OutdoorsSpring.png#Spring_X0Y7,OutdoorsSpring.png#Spring_X0Y7,OutdoorsSpring.png#Spring_X0Y7,OutdoorsSpring.png#Spring_X0Y7,OutdoorsSpring.png#Spring_X0Y7,OutdoorsSpring.png#Spring_X0Y7,OutdoorsSpring.png#Spring_X0Y7,OutdoorsSpring.png#Spring_X0Y7,OutdoorsSpring.png#Spring_X0Y7,OutdoorsSpring.png#Spring_X0Y7,OutdoorsSpring.png#Spring_X0Y7,OutdoorsSpring.png#Spring_X0Y7,OutdoorsSpring.png#Spring_X0Y7,OutdoorsSpring.png#Spring_X0Y7,OutdoorsSpring.png#Spring_X0Y7,OutdoorsSpring.png#Spring_X0Y7,OutdoorsSpring.png#Spring_X0Y7,OutdoorsSpring.png#Spring_X0Y7,OutdoorsSpring.png#Spring_X0Y7,OutdoorsSpring.png#Spring_X0Y7,OutdoorsSpring.png#Spring_X0Y7,OutdoorsSpring.png#Spring_X0Y7,OutdoorsSpring.png#Spring_X0Y7,OutdoorsSpring.png#Spring_X0Y7,OutdoorsSpring.png#Spring_X0Y7,OutdoorsSpring.png#Spring_X0Y7,OutdoorsSpring.png#Spring_X0Y7,OutdoorsSpring.png#Spring_X0Y7,OutdoorsSpring.png#Spring_X0Y7,OutdoorsSpring.png#Spring_X0Y7,OutdoorsSpring.png#Spring_X0Y7,OutdoorsSpring.png#Spring_X0Y7,OutdoorsSpring.png#Spring_X0Y7,OutdoorsSpring.png#Spring_X0Y7,OutdoorsSpring.png#Spring_X0Y7,OutdoorsSpring.png#Spring_X0Y7,OutdoorsSpring.png#Spring_X0Y7,OutdoorsSpring.png#Spring_X0Y7,OutdoorsSpring.png#Spring_X0Y7,OutdoorsSpring.png#Spring_X0Y7,OutdoorsSpring.png#Spring_X0Y7,OutdoorsSpring.png#Spring_X0Y7,OutdoorsSpring.png#Spring_X0Y7,OutdoorsSpring.png#Spring_X0Y7,OutdoorsSpring.png#Spring_X0Y7,OutdoorsSpring.png#Spring_X0Y7,OutdoorsSpring.png#Spring_X0Y7,OutdoorsSpring.png#Spring_X0Y7,,,,,,,,,,,,,,,,,,,,,,,,,,,,,,
OutdoorsSpring.png#Spring_X0Y7,OutdoorsSpring.png#Spring_X0Y7,OutdoorsSpring.png#Spring_X0Y7,OutdoorsSpring.png#Spring_X0Y7,OutdoorsSpring.png#Spring_X0Y7,OutdoorsSpring.png#Spring_X0Y7,OutdoorsSpring.png#Spring_X0Y7,OutdoorsSpring.png#Spring_X0Y7,OutdoorsSpring.png#Spring_X0Y7,OutdoorsSpring.png#Spring_X0Y7,OutdoorsSpring.png#Spring_X0Y7,OutdoorsSpring.png#Spring_X0Y7,OutdoorsSpring.png#Spring_X0Y7,OutdoorsSpring.png#Spring_X0Y7,OutdoorsSpring.png#Spring_X0Y7,OutdoorsSpring.png#Spring_X0Y7,OutdoorsSpring.png#Spring_X0Y7,OutdoorsSpring.png#Spring_X0Y7,OutdoorsSpring.png#Spring_X0Y7,OutdoorsSpring.png#Spring_X0Y6,OutdoorsSpring.png#Spring_X0Y7,OutdoorsSpring.png#Spring_X0Y7,OutdoorsSpring.png#Spring_X0Y7,OutdoorsSpring.png#Spring_X0Y7,OutdoorsSpring.png#Spring_X0Y7,OutdoorsSpring.png#Spring_X0Y7,OutdoorsSpring.png#Spring_X0Y7,OutdoorsSpring.png#Spring_X0Y7,OutdoorsSpring.png#Spring_X0Y7,OutdoorsSpring.png#Spring_X0Y7,OutdoorsSpring.png#Spring_X0Y7,OutdoorsSpring.png#Spring_X0Y7,OutdoorsSpring.png#Spring_X0Y7,OutdoorsSpring.png#Spring_X0Y7,OutdoorsSpring.png#Spring_X0Y7,OutdoorsSpring.png#Spring_X0Y7,OutdoorsSpring.png#Spring_X0Y7,OutdoorsSpring.png#Spring_X0Y7,OutdoorsSpring.png#Spring_X0Y7,OutdoorsSpring.png#Spring_X0Y7,OutdoorsSpring.png#Spring_X0Y7,OutdoorsSpring.png#Spring_X0Y7,OutdoorsSpring.png#Spring_X0Y7,OutdoorsSpring.png#Spring_X0Y7,OutdoorsSpring.png#Spring_X0Y7,OutdoorsSpring.png#Spring_X0Y7,OutdoorsSpring.png#Spring_X0Y7,OutdoorsSpring.png#Spring_X0Y7,OutdoorsSpring.png#Spring_X0Y7,OutdoorsSpring.png#Spring_X0Y7,OutdoorsSpring.png#Spring_X0Y7,OutdoorsSpring.png#Spring_X0Y7,OutdoorsSpring.png#Spring_X0Y7,OutdoorsSpring.png#Spring_X0Y7,OutdoorsSpring.png#Spring_X0Y7,OutdoorsSpring.png#Spring_X0Y7,OutdoorsSpring.png#Spring_X0Y7,OutdoorsSpring.png#Spring_X0Y7,OutdoorsSpring.png#Spring_X0Y7,OutdoorsSpring.png#Spring_X0Y7,OutdoorsSpring.png#Spring_X0Y7,OutdoorsSpring.png#Spring_X0Y7,OutdoorsSpring.png#Spring_X0Y7,OutdoorsSpring.png#Spring_X0Y7,OutdoorsSpring.png#Spring_X0Y7,OutdoorsSpring.png#Spring_X0Y7,OutdoorsSpring.png#Spring_X0Y7,OutdoorsSpring.png#Spring_X0Y7,OutdoorsSpring.png#Spring_X0Y7,OutdoorsSpring.png#Spring_X0Y7,,,,,,,,,,,,,,,,,,,,,,,,,,,,,,
OutdoorsSpring.png#Spring_X0Y7,OutdoorsSpring.png#Spring_X0Y7,OutdoorsSpring.png#Spring_X0Y7,OutdoorsSpring.png#Spring_X0Y7,OutdoorsSpring.png#Spring_X0Y7,OutdoorsSpring.png#Spring_X0Y7,OutdoorsSpring.png#Spring_X0Y7,OutdoorsSpring.png#Spring_X0Y7,OutdoorsSpring.png#Spring_X0Y8,OutdoorsSpring.png#Spring_X4Y7,OutdoorsSpring.png#Spring_X5Y7,OutdoorsSpring.png#Spring_X5Y7,OutdoorsSpring.png#Spring_X5Y7,OutdoorsSpring.png#Spring_X4Y7,OutdoorsSpring.png#Spring_X5Y7,OutdoorsSpring.png#Spring_X5Y7,OutdoorsSpring.png#Spring_X5Y7,OutdoorsSpring.png#Spring_X1Y8,OutdoorsSpring.png#Spring_X3Y8,OutdoorsSpring.png#Spring_X0Y7,OutdoorsSpring.png#Spring_X0Y7,OutdoorsSpring.png#Spring_X0Y7,OutdoorsSpring.png#Spring_X0Y7,OutdoorsSpring.png#Spring_X0Y7,OutdoorsSpring.png#Spring_X0Y7,OutdoorsSpring.png#Spring_X0Y7,OutdoorsSpring.png#Spring_X0Y7,OutdoorsSpring.png#Spring_X0Y7,OutdoorsSpring.png#Spring_X0Y7,OutdoorsSpring.png#Spring_X0Y7,OutdoorsSpring.png#Spring_X0Y7,OutdoorsSpring.png#Spring_X0Y7,OutdoorsSpring.png#Spring_X0Y7,OutdoorsSpring.png#Spring_X0Y7,OutdoorsSpring.png#Spring_X0Y7,OutdoorsSpring.png#Spring_X0Y7,OutdoorsSpring.png#Spring_X0Y7,OutdoorsSpring.png#Spring_X0Y7,OutdoorsSpring.png#Spring_X0Y7,OutdoorsSpring.png#Spring_X0Y7,OutdoorsSpring.png#Spring_X0Y7,OutdoorsSpring.png#Spring_X0Y7,OutdoorsSpring.png#Spring_X0Y7,OutdoorsSpring.png#Spring_X0Y7,OutdoorsSpring.png#Spring_X0Y7,OutdoorsSpring.png#Spring_X0Y7,OutdoorsSpring.png#Spring_X0Y7,OutdoorsSpring.png#Spring_X0Y7,OutdoorsSpring.png#Spring_X0Y7,OutdoorsSpring.png#Spring_X0Y7,OutdoorsSpring.png#Spring_X0Y7,OutdoorsSpring.png#Spring_X0Y7,OutdoorsSpring.png#Spring_X0Y7,OutdoorsSpring.png#Spring_X0Y7,OutdoorsSpring.png#Spring_X0Y7,OutdoorsSpring.png#Spring_X0Y7,OutdoorsSpring.png#Spring_X0Y7,OutdoorsSpring.png#Spring_X0Y7,OutdoorsSpring.png#Spring_X0Y7,OutdoorsSpring.png#Spring_X0Y7,OutdoorsSpring.png#Spring_X0Y7,OutdoorsSpring.png#Spring_X0Y7,OutdoorsSpring.png#Spring_X0Y7,OutdoorsSpring.png#Spring_X0Y7,OutdoorsSpring.png#Spring_X0Y7,OutdoorsSpring.png#Spring_X0Y7,OutdoorsSpring.png#Spring_X0Y7,OutdoorsSpring.png#Spring_X0Y7,OutdoorsSpring.png#Spring_X0Y7,OutdoorsSpring.png#Spring_X0Y7,,,,,,,,,,,,,,,,,,,,,,,,,,,,,,
OutdoorsSpring.png#Spring_X0Y7,OutdoorsSpring.png#Spring_X0Y7,OutdoorsSpring.png#Spring_X0Y7,OutdoorsSpring.png#Spring_X0Y7,OutdoorsSpring.png#Spring_X0Y7,OutdoorsSpring.png#Spring_X0Y7,OutdoorsSpring.png#Spring_X0Y7,OutdoorsSpring.png#Spring_X0Y7,OutdoorsSpring.png#Spring_X0Y9,OutdoorsSpring.png#Spring_X2Y9,OutdoorsSpring.png#Spring_X2Y9,OutdoorsSpring.png#Spring_X1Y9,OutdoorsSpring.png#Spring_X2Y9,OutdoorsSpring.png#Spring_X1Y9,OutdoorsSpring.png#Spring_X1Y9,OutdoorsSpring.png#Spring_X1Y7,OutdoorsSpring.png#Spring_X1Y9,OutdoorsSpring.png#Spring_X2Y9,OutdoorsSpring.png#Spring_X2Y7,OutdoorsSpring.png#Spring_X3Y8,OutdoorsSpring.png#Spring_X0Y7,OutdoorsSpring.png#Spring_X0Y7,OutdoorsSpring.png#Spring_X0Y7,OutdoorsSpring.png#Spring_X0Y7,OutdoorsSpring.png#Spring_X0Y7,OutdoorsSpring.png#Spring_X0Y7,OutdoorsSpring.png#Spring_X0Y7,OutdoorsSpring.png#Spring_X0Y7,OutdoorsSpring.png#Spring_X0Y7,OutdoorsSpring.png#Spring_X0Y7,OutdoorsSpring.png#Spring_X0Y7,OutdoorsSpring.png#Spring_X0Y7,OutdoorsSpring.png#Spring_X0Y7,OutdoorsSpring.png#Spring_X0Y7,OutdoorsSpring.png#Spring_X0Y7,OutdoorsSpring.png#Spring_X0Y7,OutdoorsSpring.png#Spring_X0Y7,OutdoorsSpring.png#Spring_X0Y7,OutdoorsSpring.png#Spring_X0Y7,OutdoorsSpring.png#Spring_X0Y7,OutdoorsSpring.png#Spring_X0Y7,OutdoorsSpring.png#Spring_X0Y7,OutdoorsSpring.png#Spring_X0Y7,OutdoorsSpring.png#Spring_X0Y7,OutdoorsSpring.png#Spring_X0Y7,OutdoorsSpring.png#Spring_X0Y7,OutdoorsSpring.png#Spring_X0Y7,OutdoorsSpring.png#Spring_X0Y7,OutdoorsSpring.png#Spring_X0Y7,OutdoorsSpring.png#Spring_X0Y7,OutdoorsSpring.png#Spring_X0Y7,OutdoorsSpring.png#Spring_X0Y7,OutdoorsSpring.png#Spring_X0Y7,OutdoorsSpring.png#Spring_X0Y7,OutdoorsSpring.png#Spring_X0Y7,OutdoorsSpring.png#Spring_X0Y7,OutdoorsSpring.png#Spring_X0Y7,OutdoorsSpring.png#Spring_X0Y7,OutdoorsSpring.png#Spring_X0Y7,OutdoorsSpring.png#Spring_X0Y7,OutdoorsSpring.png#Spring_X0Y7,OutdoorsSpring.png#Spring_X0Y7,OutdoorsSpring.png#Spring_X0Y7,OutdoorsSpring.png#Spring_X0Y7,OutdoorsSpring.png#Spring_X0Y7,OutdoorsSpring.png#Spring_X0Y7,OutdoorsSpring.png#Spring_X0Y7,OutdoorsSpring.png#Spring_X0Y7,OutdoorsSpring.png#Spring_X0Y7,OutdoorsSpring.png#Spring_X0Y7,,,,,,,,,,,,,,,,,,,,,,,,,,,,,,
OutdoorsSpring.png#Spring_X0Y7,OutdoorsSpring.png#Spring_X0Y7,OutdoorsSpring.png#Spring_X0Y7,OutdoorsSpring.png#Spring_X0Y7,OutdoorsSpring.png#Spring_X0Y7,OutdoorsSpring.png#Spring_X0Y7,OutdoorsSpring.png#Spring_X0Y7,OutdoorsSpring.png#Spring_X0Y7,OutdoorsSpring.png#Spring_X0Y10,OutdoorsSpring.png#Spring_X2Y10,OutdoorsSpring.png#Spring_X1Y9,OutdoorsSpring.png#Spring_X2Y9,OutdoorsSpring.png#Spring_X1Y9,OutdoorsSpring.png#Spring_X2Y9,OutdoorsSpring.png#Spring_X1Y9,OutdoorsSpring.png#Spring_X1Y9,OutdoorsSpring.png#Spring_X1Y9,OutdoorsSpring.png#Spring_X2Y9,OutdoorsSpring.png#Spring_X3Y7,OutdoorsSpring.png#Spring_X3Y10,OutdoorsSpring.png#Spring_X0Y7,OutdoorsSpring.png#Spring_X0Y7,OutdoorsSpring.png#Spring_X0Y7,OutdoorsSpring.png#Spring_X0Y7,OutdoorsSpring.png#Spring_X0Y7,OutdoorsSpring.png#Spring_X0Y7,OutdoorsSpring.png#Spring_X0Y7,OutdoorsSpring.png#Spring_X0Y7,OutdoorsSpring.png#Spring_X0Y7,OutdoorsSpring.png#Spring_X0Y7,OutdoorsSpring.png#Spring_X0Y7,OutdoorsSpring.png#Spring_X0Y7,OutdoorsSpring.png#Spring_X0Y7,OutdoorsSpring.png#Spring_X0Y7,OutdoorsSpring.png#Spring_X0Y7,OutdoorsSpring.png#Spring_X0Y7,OutdoorsSpring.png#Spring_X0Y7,OutdoorsSpring.png#Spring_X0Y7,OutdoorsSpring.png#Spring_X0Y7,OutdoorsSpring.png#Spring_X0Y7,OutdoorsSpring.png#Spring_X0Y7,OutdoorsSpring.png#Spring_X0Y7,OutdoorsSpring.png#Spring_X0Y7,OutdoorsSpring.png#Spring_X0Y7,OutdoorsSpring.png#Spring_X0Y7,OutdoorsSpring.png#Spring_X0Y7,OutdoorsSpring.png#Spring_X0Y7,OutdoorsSpring.png#Spring_X0Y7,OutdoorsSpring.png#Spring_X0Y7,OutdoorsSpring.png#Spring_X0Y7,OutdoorsSpring.png#Spring_X0Y7,OutdoorsSpring.png#Spring_X0Y7,OutdoorsSpring.png#Spring_X0Y7,OutdoorsSpring.png#Spring_X0Y7,OutdoorsSpring.png#Spring_X0Y7,OutdoorsSpring.png#Spring_X0Y7,OutdoorsSpring.png#Spring_X0Y7,OutdoorsSpring.png#Spring_X0Y7,OutdoorsSpring.png#Spring_X0Y7,OutdoorsSpring.png#Spring_X0Y7,OutdoorsSpring.png#Spring_X0Y7,OutdoorsSpring.png#Spring_X0Y7,OutdoorsSpring.png#Spring_X0Y7,OutdoorsSpring.png#Spring_X0Y7,OutdoorsSpring.png#Spring_X0Y7,OutdoorsSpring.png#Spring_X0Y7,OutdoorsSpring.png#Spring_X0Y7,OutdoorsSpring.png#Spring_X0Y7,OutdoorsSpring.png#Spring_X0Y7,OutdoorsSpring.png#Spring_X0Y7,,,,,,,,,,,,,,,,,,,,,,,,,,,,,,
OutdoorsSpring.png#Spring_X0Y7,OutdoorsSpring.png#Spring_X0Y7,OutdoorsSpring.png#Spring_X0Y7,OutdoorsSpring.png#Spring_X0Y7,OutdoorsSpring.png#Spring_X0Y7,OutdoorsSpring.png#Spring_X0Y7,OutdoorsSpring.png#Spring_X0Y7,OutdoorsSpring.png#Spring_X0Y7,OutdoorsSpring.png#Spring_X0Y7,OutdoorsSpring.png#Spring_X0Y10,OutdoorsSpring.png#Spring_X1Y10,OutdoorsSpring.png#Spring_X1Y10,OutdoorsSpring.png#Spring_X2Y10,OutdoorsSpring.png#Spring_X2Y9,OutdoorsSpring.png#Spring_X1Y9,OutdoorsSpring.png#Spring_X1Y9,OutdoorsSpring.png#Spring_X1Y9,OutdoorsSpring.png#Spring_X2Y9,OutdoorsSpring.png#Spring_X3Y9,OutdoorsSpring.png#Spring_X0Y7,OutdoorsSpring.png#Spring_X0Y7,OutdoorsSpring.png#Spring_X0Y7,OutdoorsSpring.png#Spring_X0Y7,OutdoorsSpring.png#Spring_X0Y7,OutdoorsSpring.png#Spring_X0Y7,OutdoorsSpring.png#Spring_X0Y7,OutdoorsSpring.png#Spring_X0Y7,OutdoorsSpring.png#Spring_X0Y7,OutdoorsSpring.png#Spring_X0Y7,OutdoorsSpring.png#Spring_X0Y7,OutdoorsSpring.png#Spring_X0Y7,OutdoorsSpring.png#Spring_X0Y7,OutdoorsSpring.png#Spring_X0Y7,OutdoorsSpring.png#Spring_X0Y7,OutdoorsSpring.png#Spring_X0Y7,OutdoorsSpring.png#Spring_X0Y7,OutdoorsSpring.png#Spring_X0Y7,OutdoorsSpring.png#Spring_X0Y7,OutdoorsSpring.png#Spring_X0Y7,OutdoorsSpring.png#Spring_X0Y7,OutdoorsSpring.png#Spring_X0Y7,OutdoorsSpring.png#Spring_X0Y7,OutdoorsSpring.png#Spring_X0Y7,OutdoorsSpring.png#Spring_X0Y7,OutdoorsSpring.png#Spring_X0Y7,OutdoorsSpring.png#Spring_X0Y7,OutdoorsSpring.png#Spring_X0Y7,OutdoorsSpring.png#Spring_X0Y7,OutdoorsSpring.png#Spring_X0Y7,OutdoorsSpring.png#Spring_X0Y7,OutdoorsSpring.png#Spring_X0Y7,OutdoorsSpring.png#Spring_X0Y7,OutdoorsSpring.png#Spring_X0Y7,OutdoorsSpring.png#Spring_X0Y7,OutdoorsSpring.png#Spring_X0Y7,OutdoorsSpring.png#Spring_X0Y7,OutdoorsSpring.png#Spring_X0Y7,OutdoorsSpring.png#Spring_X0Y7,OutdoorsSpring.png#Spring_X0Y7,OutdoorsSpring.png#Spring_X0Y7,OutdoorsSpring.png#Spring_X0Y7,OutdoorsSpring.png#Spring_X0Y7,OutdoorsSpring.png#Spring_X0Y7,OutdoorsSpring.png#Spring_X0Y7,OutdoorsSpring.png#Spring_X0Y7,OutdoorsSpring.png#Spring_X0Y7,OutdoorsSpring.png#Spring_X0Y7,OutdoorsSpring.png#Spring_X0Y7,OutdoorsSpring.png#Spring_X0Y7,OutdoorsSpring.png#Spring_X0Y7,,,,,,,,,,,,,,,,,,,,,,,,,,,,,,
OutdoorsSpring.png#Spring_X0Y7,OutdoorsSpring.png#Spring_X0Y7,OutdoorsSpring.png#Spring_X0Y7,OutdoorsSpring.png#Spring_X0Y7,OutdoorsSpring.png#Spring_X0Y7,OutdoorsSpring.png#Spring_X0Y7,OutdoorsSpring.png#Spring_X0Y7,OutdoorsSpring.png#Spring_X0Y7,OutdoorsSpring.png#Spring_X0Y7,OutdoorsSpring.png#Spring_X0Y7,OutdoorsSpring.png#Spring_X0Y7,OutdoorsSpring.png#Spring_X0Y7,OutdoorsSpring.png#Spring_X0Y10,OutdoorsSpring.png#Spring_X2Y10,OutdoorsSpring.png#Spring_X2Y9,OutdoorsSpring.png#Spring_X1Y9,OutdoorsSpring.png#Spring_X1Y9,OutdoorsSpring.png#Spring_X2Y9,OutdoorsSpring.png#Spring_X3Y9,OutdoorsSpring.png#Spring_X0Y7,OutdoorsSpring.png#Spring_X0Y7,OutdoorsSpring.png#Spring_X0Y7,OutdoorsSpring.png#Spring_X0Y7,OutdoorsSpring.png#Spring_X0Y7,OutdoorsSpring.png#Spring_X0Y7,OutdoorsSpring.png#Spring_X0Y7,OutdoorsSpring.png#Spring_X0Y7,OutdoorsSpring.png#Spring_X0Y7,OutdoorsSpring.png#Spring_X0Y7,OutdoorsSpring.png#Spring_X0Y7,OutdoorsSpring.png#Spring_X0Y7,OutdoorsSpring.png#Spring_X0Y7,OutdoorsSpring.png#Spring_X0Y7,OutdoorsSpring.png#Spring_X0Y7,OutdoorsSpring.png#Spring_X0Y7,OutdoorsSpring.png#Spring_X0Y7,OutdoorsSpring.png#Spring_X0Y7,OutdoorsSpring.png#Spring_X0Y7,OutdoorsSpring.png#Spring_X0Y7,OutdoorsSpring.png#Spring_X0Y7,OutdoorsSpring.png#Spring_X0Y7,OutdoorsSpring.png#Spring_X0Y7,OutdoorsSpring.png#Spring_X0Y7,OutdoorsSpring.png#Spring_X0Y7,OutdoorsSpring.png#Spring_X0Y7,OutdoorsSpring.png#Spring_X0Y7,OutdoorsSpring.png#Spring_X0Y7,OutdoorsSpring.png#Spring_X0Y7,OutdoorsSpring.png#Spring_X0Y7,OutdoorsSpring.png#Spring_X0Y7,OutdoorsSpring.png#Spring_X0Y7,OutdoorsSpring.png#Spring_X0Y7,OutdoorsSpring.png#Spring_X0Y7,OutdoorsSpring.png#Spring_X0Y7,OutdoorsSpring.png#Spring_X0Y7,OutdoorsSpring.png#Spring_X0Y7,OutdoorsSpring.png#Spring_X0Y7,OutdoorsSpring.png#Spring_X0Y7,OutdoorsSpring.png#Spring_X0Y7,OutdoorsSpring.png#Spring_X0Y7,OutdoorsSpring.png#Spring_X0Y7,OutdoorsSpring.png#Spring_X0Y7,OutdoorsSpring.png#Spring_X0Y7,OutdoorsSpring.png#Spring_X0Y7,OutdoorsSpring.png#Spring_X0Y7,OutdoorsSpring.png#Spring_X0Y7,OutdoorsSpring.png#Spring_X0Y7,OutdoorsSpring.png#Spring_X0Y7,OutdoorsSpring.png#Spring_X0Y7,OutdoorsSpring.png#Spring_X0Y7,,,,,,,,,,,,,,,,,,,,,,,,,,,,,,
OutdoorsSpring.png#Spring_X0Y7,OutdoorsSpring.png#Spring_X0Y7,OutdoorsSpring.png#Spring_X0Y7,OutdoorsSpring.png#Spring_X0Y7,OutdoorsSpring.png#Spring_X0Y7,OutdoorsSpring.png#Spring_X0Y7,OutdoorsSpring.png#Spring_X0Y7,OutdoorsSpring.png#Spring_X0Y7,OutdoorsSpring.png#Spring_X0Y7,OutdoorsSpring.png#Spring_X0Y7,OutdoorsSpring.png#Spring_X0Y7,OutdoorsSpring.png#Spring_X0Y7,OutdoorsSpring.png#Spring_X0Y7,OutdoorsSpring.png#Spring_X0Y9,OutdoorsSpring.png#Spring_X2Y9,OutdoorsSpring.png#Spring_X1Y9,OutdoorsSpring.png#Spring_X3Y7,OutdoorsSpring.png#Spring_X1Y10,OutdoorsSpring.png#Spring_X3Y10,OutdoorsSpring.png#Spring_X0Y7,OutdoorsSpring.png#Spring_X0Y7,OutdoorsSpring.png#Spring_X0Y7,OutdoorsSpring.png#Spring_X0Y7,OutdoorsSpring.png#Spring_X0Y7,OutdoorsSpring.png#Spring_X0Y7,OutdoorsSpring.png#Spring_X0Y7,OutdoorsSpring.png#Spring_X0Y7,OutdoorsSpring.png#Spring_X0Y7,OutdoorsSpring.png#Spring_X0Y7,OutdoorsSpring.png#Spring_X0Y7,OutdoorsSpring.png#Spring_X0Y7,OutdoorsSpring.png#Spring_X0Y7,OutdoorsSpring.png#Spring_X0Y7,OutdoorsSpring.png#Spring_X0Y7,OutdoorsSpring.png#Spring_X0Y7,OutdoorsSpring.png#Spring_X0Y7,OutdoorsSpring.png#Spring_X0Y7,OutdoorsSpring.png#Spring_X0Y7,OutdoorsSpring.png#Spring_X0Y7,OutdoorsSpring.png#Spring_X0Y7,OutdoorsSpring.png#Spring_X0Y7,OutdoorsSpring.png#Spring_X0Y7,OutdoorsSpring.png#Spring_X0Y7,OutdoorsSpring.png#Spring_X0Y7,OutdoorsSpring.png#Spring_X0Y7,OutdoorsSpring.png#Spring_X0Y7,OutdoorsSpring.png#Spring_X0Y7,OutdoorsSpring.png#Spring_X0Y7,OutdoorsSpring.png#Spring_X0Y7,OutdoorsSpring.png#Spring_X0Y7,OutdoorsSpring.png#Spring_X0Y7,OutdoorsSpring.png#Spring_X0Y7,OutdoorsSpring.png#Spring_X0Y7,OutdoorsSpring.png#Spring_X0Y7,OutdoorsSpring.png#Spring_X0Y7,OutdoorsSpring.png#Spring_X0Y7,OutdoorsSpring.png#Spring_X0Y7,OutdoorsSpring.png#Spring_X0Y7,OutdoorsSpring.png#Spring_X0Y7,OutdoorsSpring.png#Spring_X0Y7,OutdoorsSpring.png#Spring_X0Y7,OutdoorsSpring.png#Spring_X0Y7,OutdoorsSpring.png#Spring_X0Y7,OutdoorsSpring.png#Spring_X0Y7,OutdoorsSpring.png#Spring_X0Y7,OutdoorsSpring.png#Spring_X0Y7,OutdoorsSpring.png#Spring_X0Y7,OutdoorsSpring.png#Spring_X0Y7,OutdoorsSpring.png#Spring_X0Y7,OutdoorsSpring.png#Spring_X0Y7,,,,,,,,,,,,,,,,,,,,,,,,,,,,,,
OutdoorsSpring.png#Spring_X0Y7,OutdoorsSpring.png#Spring_X0Y7,OutdoorsSpring.png#Spring_X0Y7,OutdoorsSpring.png#Spring_X0Y7,OutdoorsSpring.png#Spring_X0Y7,OutdoorsSpring.png#Spring_X0Y7,OutdoorsSpring.png#Spring_X0Y7,OutdoorsSpring.png#Spring_X0Y7,OutdoorsSpring.png#Spring_X0Y7,OutdoorsSpring.png#Spring_X0Y7,OutdoorsSpring.png#Spring_X0Y7,OutdoorsSpring.png#Spring_X0Y7,OutdoorsSpring.png#Spring_X0Y7,OutdoorsSpring.png#Spring_X0Y9,OutdoorsSpring.png#Spring_X2Y9,OutdoorsSpring.png#Spring_X1Y9,OutdoorsSpring.png#Spring_X3Y9,OutdoorsSpring.png#Spring_X0Y7,OutdoorsSpring.png#Spring_X0Y7,OutdoorsSpring.png#Spring_X0Y7,OutdoorsSpring.png#Spring_X0Y7,OutdoorsSpring.png#Spring_X0Y7,OutdoorsSpring.png#Spring_X0Y7,OutdoorsSpring.png#Spring_X0Y7,OutdoorsSpring.png#Spring_X0Y7,OutdoorsSpring.png#Spring_X0Y7,OutdoorsSpring.png#Spring_X0Y7,OutdoorsSpring.png#Spring_X0Y7,OutdoorsSpring.png#Spring_X0Y7,OutdoorsSpring.png#Spring_X0Y7,OutdoorsSpring.png#Spring_X0Y7,OutdoorsSpring.png#Spring_X0Y7,OutdoorsSpring.png#Spring_X0Y7,OutdoorsSpring.png#Spring_X0Y7,OutdoorsSpring.png#Spring_X0Y7,OutdoorsSpring.png#Spring_X0Y7,OutdoorsSpring.png#Spring_X0Y7,OutdoorsSpring.png#Spring_X0Y7,OutdoorsSpring.png#Spring_X0Y7,OutdoorsSpring.png#Spring_X0Y7,OutdoorsSpring.png#Spring_X0Y7,OutdoorsSpring.png#Spring_X0Y7,OutdoorsSpring.png#Spring_X0Y7,OutdoorsSpring.png#Spring_X0Y7,OutdoorsSpring.png#Spring_X0Y7,OutdoorsSpring.png#Spring_X0Y7,OutdoorsSpring.png#Spring_X0Y7,OutdoorsSpring.png#Spring_X0Y7,OutdoorsSpring.png#Spring_X0Y7,OutdoorsSpring.png#Spring_X0Y7,OutdoorsSpring.png#Spring_X0Y7,OutdoorsSpring.png#Spring_X0Y7,OutdoorsSpring.png#Spring_X0Y7,OutdoorsSpring.png#Spring_X0Y7,OutdoorsSpring.png#Spring_X0Y7,OutdoorsSpring.png#Spring_X0Y7,OutdoorsSpring.png#Spring_X0Y7,OutdoorsSpring.png#Spring_X0Y7,OutdoorsSpring.png#Spring_X0Y7,OutdoorsSpring.png#Spring_X0Y7,OutdoorsSpring.png#Spring_X0Y7,OutdoorsSpring.png#Spring_X0Y7,OutdoorsSpring.png#Spring_X0Y7,OutdoorsSpring.png#Spring_X0Y7,OutdoorsSpring.png#Spring_X0Y7,OutdoorsSpring.png#Spring_X0Y7,OutdoorsSpring.png#Spring_X0Y7,OutdoorsSpring.png#Spring_X0Y7,OutdoorsSpring.png#Spring_X0Y7,OutdoorsSpring.png#Spring_X0Y7,,,,,,,,,,,,,,,,,,,,,,,,,,,,,,
OutdoorsSpring.png#Spring_X0Y7,OutdoorsSpring.png#Spring_X0Y7,OutdoorsSpring.png#Spring_X0Y7,OutdoorsSpring.png#Spring_X0Y7,OutdoorsSpring.png#Spring_X0Y7,OutdoorsSpring.png#Spring_X0Y7,OutdoorsSpring.png#Spring_X0Y7,OutdoorsSpring.png#Spring_X0Y7,OutdoorsSpring.png#Spring_X0Y7,OutdoorsSpring.png#Spring_X0Y7,OutdoorsSpring.png#Spring_X0Y7,OutdoorsSpring.png#Spring_X0Y7,OutdoorsSpring.png#Spring_X0Y8,OutdoorsSpring.png#Spring_X2Y8,OutdoorsSpring.png#Spring_X1Y9,OutdoorsSpring.png#Spring_X2Y9,OutdoorsSpring.png#Spring_X3Y9,OutdoorsSpring.png#Spring_X0Y7,OutdoorsSpring.png#Spring_X0Y7,OutdoorsSpring.png#Spring_X0Y7,OutdoorsSpring.png#Spring_X0Y7,OutdoorsSpring.png#Spring_X0Y7,OutdoorsSpring.png#Spring_X0Y7,OutdoorsSpring.png#Spring_X0Y7,OutdoorsSpring.png#Spring_X0Y7,OutdoorsSpring.png#Spring_X0Y7,OutdoorsSpring.png#Spring_X0Y7,OutdoorsSpring.png#Spring_X0Y7,OutdoorsSpring.png#Spring_X0Y7,OutdoorsSpring.png#Spring_X0Y7,OutdoorsSpring.png#Spring_X0Y7,OutdoorsSpring.png#Spring_X0Y7,OutdoorsSpring.png#Spring_X0Y7,OutdoorsSpring.png#Spring_X0Y7,OutdoorsSpring.png#Spring_X0Y7,OutdoorsSpring.png#Spring_X0Y7,OutdoorsSpring.png#Spring_X0Y7,OutdoorsSpring.png#Spring_X0Y7,OutdoorsSpring.png#Spring_X0Y7,OutdoorsSpring.png#Spring_X0Y7,OutdoorsSpring.png#Spring_X0Y7,OutdoorsSpring.png#Spring_X0Y7,OutdoorsSpring.png#Spring_X0Y7,OutdoorsSpring.png#Spring_X0Y7,OutdoorsSpring.png#Spring_X0Y7,OutdoorsSpring.png#Spring_X0Y7,OutdoorsSpring.png#Spring_X0Y7,OutdoorsSpring.png#Spring_X0Y7,OutdoorsSpring.png#Spring_X0Y7,OutdoorsSpring.png#Spring_X0Y7,OutdoorsSpring.png#Spring_X0Y7,OutdoorsSpring.png#Spring_X0Y7,OutdoorsSpring.png#Spring_X0Y7,OutdoorsSpring.png#Spring_X0Y7,OutdoorsSpring.png#Spring_X0Y7,OutdoorsSpring.png#Spring_X0Y7,OutdoorsSpring.png#Spring_X0Y7,OutdoorsSpring.png#Spring_X0Y7,OutdoorsSpring.png#Spring_X0Y7,OutdoorsSpring.png#Spring_X0Y7,OutdoorsSpring.png#Spring_X0Y7,OutdoorsSpring.png#Spring_X0Y7,OutdoorsSpring.png#Spring_X0Y7,OutdoorsSpring.png#Spring_X0Y7,OutdoorsSpring.png#Spring_X0Y7,OutdoorsSpring.png#Spring_X0Y7,OutdoorsSpring.png#Spring_X0Y7,OutdoorsSpring.png#Spring_X0Y7,OutdoorsSpring.png#Spring_X0Y7,OutdoorsSpring.png#Spring_X0Y7,,,,,,,,,,,,,,,,,,,,,,,,,,,,,,
OutdoorsSpring.png#Spring_X0Y7,OutdoorsSpring.png#Spring_X0Y7,OutdoorsSpring.png#Spring_X0Y7,OutdoorsSpring.png#Spring_X0Y7,OutdoorsSpring.png#Spring_X0Y7,OutdoorsSpring.png#Spring_X0Y7,OutdoorsSpring.png#Spring_X0Y7,OutdoorsSpring.png#Spring_X0Y7,OutdoorsSpring.png#Spring_X0Y7,OutdoorsSpring.png#Spring_X0Y7,OutdoorsSpring.png#Spring_X0Y7,OutdoorsSpring.png#Spring_X0Y7,OutdoorsSpring.png#Spring_X0Y9,OutdoorsSpring.png#Spring_X2Y9,OutdoorsSpring.png#Spring_X2Y9,OutdoorsSpring.png#Spring_X2Y9,OutdoorsSpring.png#Spring_X3Y9,OutdoorsSpring.png#Spring_X0Y7,OutdoorsSpring.png#Spring_X0Y7,OutdoorsSpring.png#Spring_X0Y7,OutdoorsSpring.png#Spring_X0Y7,OutdoorsSpring.png#Spring_X0Y7,OutdoorsSpring.png#Spring_X0Y7,OutdoorsSpring.png#Spring_X0Y7,OutdoorsSpring.png#Spring_X0Y7,OutdoorsSpring.png#Spring_X0Y7,OutdoorsSpring.png#Spring_X0Y7,OutdoorsSpring.png#Spring_X0Y7,OutdoorsSpring.png#Spring_X0Y7,OutdoorsSpring.png#Spring_X0Y7,OutdoorsSpring.png#Spring_X0Y7,OutdoorsSpring.png#Spring_X0Y7,OutdoorsSpring.png#Spring_X0Y7,OutdoorsSpring.png#Spring_X0Y7,OutdoorsSpring.png#Spring_X0Y7,OutdoorsSpring.png#Spring_X0Y7,OutdoorsSpring.png#Spring_X0Y7,OutdoorsSpring.png#Spring_X0Y7,OutdoorsSpring.png#Spring_X0Y7,OutdoorsSpring.png#Spring_X0Y7,OutdoorsSpring.png#Spring_X0Y7,OutdoorsSpring.png#Spring_X0Y7,OutdoorsSpring.png#Spring_X0Y7,OutdoorsSpring.png#Spring_X0Y7,OutdoorsSpring.png#Spring_X0Y7,OutdoorsSpring.png#Spring_X0Y7,OutdoorsSpring.png#Spring_X0Y7,OutdoorsSpring.png#Spring_X0Y7,OutdoorsSpring.png#Spring_X0Y7,OutdoorsSpring.png#Spring_X0Y7,OutdoorsSpring.png#Spring_X0Y7,OutdoorsSpring.png#Spring_X0Y7,OutdoorsSpring.png#Spring_X0Y7,OutdoorsSpring.png#Spring_X0Y7,OutdoorsSpring.png#Spring_X0Y7,OutdoorsSpring.png#Spring_X0Y7,OutdoorsSpring.png#Spring_X0Y7,OutdoorsSpring.png#Spring_X0Y7,OutdoorsSpring.png#Spring_X0Y7,OutdoorsSpring.png#Spring_X0Y7,OutdoorsSpring.png#Spring_X0Y7,OutdoorsSpring.png#Spring_X0Y7,OutdoorsSpring.png#Spring_X0Y7,OutdoorsSpring.png#Spring_X0Y7,OutdoorsSpring.png#Spring_X0Y7,OutdoorsSpring.png#Spring_X0Y7,OutdoorsSpring.png#Spring_X0Y7,OutdoorsSpring.png#Spring_X0Y7,OutdoorsSpring.png#Spring_X0Y7,OutdoorsSpring.png#Spring_X0Y7,,,,,,,,,,,,,,,,,,,,,,,,,,,,,,
OutdoorsSpring.png#Spring_X0Y7,OutdoorsSpring.png#Spring_X0Y7,OutdoorsSpring.png#Spring_X0Y7,OutdoorsSpring.png#Spring_X0Y7,OutdoorsSpring.png#Spring_X0Y7,OutdoorsSpring.png#Spring_X0Y7,OutdoorsSpring.png#Spring_X0Y7,OutdoorsSpring.png#Spring_X0Y7,OutdoorsSpring.png#Spring_X0Y7,OutdoorsSpring.png#Spring_X0Y7,OutdoorsSpring.png#Spring_X0Y7,OutdoorsSpring.png#Spring_X0Y7,OutdoorsSpring.png#Spring_X0Y10,OutdoorsSpring.png#Spring_X2Y10,OutdoorsSpring.png#Spring_X1Y9,OutdoorsSpring.png#Spring_X3Y7,OutdoorsSpring.png#Spring_X3Y10,OutdoorsSpring.png#Spring_X0Y7,OutdoorsSpring.png#Spring_X0Y7,OutdoorsSpring.png#Spring_X0Y7,OutdoorsSpring.png#Spring_X0Y7,OutdoorsSpring.png#Spring_X0Y7,OutdoorsSpring.png#Spring_X0Y7,OutdoorsSpring.png#Spring_X0Y7,OutdoorsSpring.png#Spring_X0Y7,OutdoorsSpring.png#Spring_X0Y7,OutdoorsSpring.png#Spring_X0Y7,OutdoorsSpring.png#Spring_X0Y7,OutdoorsSpring.png#Spring_X0Y7,OutdoorsSpring.png#Spring_X0Y7,OutdoorsSpring.png#Spring_X0Y7,OutdoorsSpring.png#Spring_X0Y7,OutdoorsSpring.png#Spring_X0Y7,OutdoorsSpring.png#Spring_X0Y7,OutdoorsSpring.png#Spring_X0Y7,OutdoorsSpring.png#Spring_X0Y7,OutdoorsSpring.png#Spring_X0Y7,OutdoorsSpring.png#Spring_X0Y7,OutdoorsSpring.png#Spring_X0Y7,OutdoorsSpring.png#Spring_X0Y7,OutdoorsSpring.png#Spring_X0Y7,OutdoorsSpring.png#Spring_X0Y7,OutdoorsSpring.png#Spring_X0Y7,OutdoorsSpring.png#Spring_X0Y7,OutdoorsSpring.png#Spring_X0Y7,OutdoorsSpring.png#Spring_X0Y7,OutdoorsSpring.png#Spring_X0Y7,OutdoorsSpring.png#Spring_X0Y7,OutdoorsSpring.png#Spring_X0Y7,OutdoorsSpring.png#Spring_X0Y7,OutdoorsSpring.png#Spring_X0Y7,OutdoorsSpring.png#Spring_X0Y7,OutdoorsSpring.png#Spring_X0Y7,OutdoorsSpring.png#Spring_X0Y7,OutdoorsSpring.png#Spring_X0Y7,OutdoorsSpring.png#Spring_X0Y7,OutdoorsSpring.png#Spring_X0Y7,OutdoorsSpring.png#Spring_X0Y7,OutdoorsSpring.png#Spring_X0Y7,OutdoorsSpring.png#Spring_X0Y7,OutdoorsSpring.png#Spring_X0Y7,OutdoorsSpring.png#Spring_X0Y7,OutdoorsSpring.png#Spring_X0Y7,OutdoorsSpring.png#Spring_X0Y7,OutdoorsSpring.png#Spring_X0Y7,OutdoorsSpring.png#Spring_X0Y7,OutdoorsSpring.png#Spring_X0Y7,OutdoorsSpring.png#Spring_X0Y7,OutdoorsSpring.png#Spring_X0Y7,OutdoorsSpring.png#Spring_X0Y7,,,,,,,,,,,,,,,,,,,,,,,,,,,,,,
OutdoorsSpring.png#Spring_X4Y7,OutdoorsSpring.png#Spring_X5Y7,OutdoorsSpring.png#Spring_X5Y7,OutdoorsSpring.png#Spring_X5Y7,OutdoorsSpring.png#Spring_X4Y7,OutdoorsSpring.png#Spring_X5Y7,OutdoorsSpring.png#Spring_X4Y7,OutdoorsSpring.png#Spring_X5Y7,OutdoorsSpring.png#Spring_X5Y7,OutdoorsSpring.png#Spring_X5Y7,OutdoorsSpring.png#Spring_X4Y7,OutdoorsSpring.png#Spring_X5Y7,OutdoorsSpring.png#Spring_X5Y8,OutdoorsSpring.png#Spring_X2Y8,OutdoorsSpring.png#Spring_X2Y9,OutdoorsSpring.png#Spring_X2Y7,OutdoorsSpring.png#Spring_X4Y7,OutdoorsSpring.png#Spring_X5Y7,OutdoorsSpring.png#Spring_X5Y7,OutdoorsSpring.png#Spring_X5Y7,OutdoorsSpring.png#Spring_X4Y7,OutdoorsSpring.png#Spring_X5Y7,OutdoorsSpring.png#Spring_X4Y7,OutdoorsSpring.png#Spring_X5Y7,OutdoorsSpring.png#Spring_X5Y7,OutdoorsSpring.png#Spring_X5Y7,OutdoorsSpring.png#Spring_X4Y7,OutdoorsSpring.png#Spring_X5Y7,OutdoorsSpring.png#Spring_X4Y7,OutdoorsSpring.png#Spring_X5Y7,OutdoorsSpring.png#Spring_X4Y7,OutdoorsSpring.png#Spring_X5Y7,OutdoorsSpring.png#Spring_X4Y7,OutdoorsSpring.png#Spring_X5Y7,OutdoorsSpring.png#Spring_X4Y7,OutdoorsSpring.png#Spring_X5Y7,OutdoorsSpring.png#Spring_X5Y7,OutdoorsSpring.png#Spring_X5Y7,OutdoorsSpring.png#Spring_X4Y7,OutdoorsSpring.png#Spring_X5Y7,OutdoorsSpring.png#Spring_X4Y7,OutdoorsSpring.png#Spring_X5Y7,OutdoorsSpring.png#Spring_X4Y7,OutdoorsSpring.png#Spring_X5Y7,OutdoorsSpring.png#Spring_X5Y7,OutdoorsSpring.png#Spring_X5Y7,OutdoorsSpring.png#Spring_X0Y7,OutdoorsSpring.png#Spring_X0Y7,OutdoorsSpring.png#Spring_X0Y7,OutdoorsSpring.png#Spring_X0Y7,OutdoorsSpring.png#Spring_X0Y7,OutdoorsSpring.png#Spring_X0Y7,OutdoorsSpring.png#Spring_X0Y7,OutdoorsSpring.png#Spring_X0Y7,OutdoorsSpring.png#Spring_X0Y7,OutdoorsSpring.png#Spring_X0Y7,OutdoorsSpring.png#Spring_X0Y7,OutdoorsSpring.png#Spring_X0Y7,OutdoorsSpring.png#Spring_X0Y7,OutdoorsSpring.png#Spring_X0Y7,OutdoorsSpring.png#Spring_X0Y7,OutdoorsSpring.png#Spring_X0Y7,OutdoorsSpring.png#Spring_X0Y7,OutdoorsSpring.png#Spring_X0Y7,OutdoorsSpring.png#Spring_X0Y7,OutdoorsSpring.png#Spring_X0Y7,OutdoorsSpring.png#Spring_X0Y7,OutdoorsSpring.png#Spring_X0Y7,OutdoorsSpring.png#Spring_X0Y7,OutdoorsSpring.png#Spring_X0Y7,,,,,,,,,,,,,,,,,,,,,,,,,,,,,,
OutdoorsSpring.png#Spring_X1Y9,OutdoorsSpring.png#Spring_X2Y9,OutdoorsSpring.png#Spring_X1Y9,OutdoorsSpring.png#Spring_X2Y9,OutdoorsSpring.png#Spring_X1Y9,OutdoorsSpring.png#Spring_X2Y9,OutdoorsSpring.png#Spring_X1Y9,OutdoorsSpring.png#Spring_X2Y9,OutdoorsSpring.png#Spring_X1Y9,OutdoorsSpring.png#Spring_X2Y9,OutdoorsSpring.png#Spring_X1Y9,OutdoorsSpring.png#Spring_X2Y9,OutdoorsSpring.png#Spring_X1Y9,OutdoorsSpring.png#Spring_X2Y9,OutdoorsSpring.png#Spring_X1Y9,OutdoorsSpring.png#Spring_X2Y9,OutdoorsSpring.png#Spring_X2Y9,OutdoorsSpring.png#Spring_X2Y9,OutdoorsSpring.png#Spring_X1Y9,OutdoorsSpring.png#Spring_X2Y9,OutdoorsSpring.png#Spring_X1Y9,OutdoorsSpring.png#Spring_X2Y9,OutdoorsSpring.png#Spring_X1Y9,OutdoorsSpring.png#Spring_X2Y9,OutdoorsSpring.png#Spring_X1Y9,OutdoorsSpring.png#Spring_X2Y9,OutdoorsSpring.png#Spring_X1Y9,OutdoorsSpring.png#Spring_X2Y9,OutdoorsSpring.png#Spring_X1Y9,OutdoorsSpring.png#Spring_X2Y9,OutdoorsSpring.png#Spring_X1Y9,OutdoorsSpring.png#Spring_X2Y9,OutdoorsSpring.png#Spring_X1Y9,OutdoorsSpring.png#Spring_X2Y9,OutdoorsSpring.png#Spring_X1Y9,OutdoorsSpring.png#Spring_X2Y9,OutdoorsSpring.png#Spring_X1Y9,OutdoorsSpring.png#Spring_X2Y9,OutdoorsSpring.png#Spring_X1Y9,OutdoorsSpring.png#Spring_X2Y9,OutdoorsSpring.png#Spring_X1Y9,OutdoorsSpring.png#Spring_X2Y9,OutdoorsSpring.png#Spring_X1Y9,OutdoorsSpring.png#Spring_X2Y9,OutdoorsSpring.png#Spring_X1Y9,OutdoorsSpring.png#Spring_X2Y9,OutdoorsSpring.png#Spring_X0Y7,OutdoorsSpring.png#Spring_X0Y7,OutdoorsSpring.png#Spring_X0Y7,OutdoorsSpring.png#Spring_X0Y7,OutdoorsSpring.png#Spring_X0Y7,OutdoorsSpring.png#Spring_X0Y7,OutdoorsSpring.png#Spring_X0Y7,OutdoorsSpring.png#Spring_X0Y7,OutdoorsSpring.png#Spring_X0Y7,OutdoorsSpring.png#Spring_X0Y7,OutdoorsSpring.png#Spring_X0Y7,OutdoorsSpring.png#Spring_X0Y7,OutdoorsSpring.png#Spring_X0Y7,OutdoorsSpring.png#Spring_X0Y7,OutdoorsSpring.png#Spring_X0Y7,OutdoorsSpring.png#Spring_X0Y7,OutdoorsSpring.png#Spring_X0Y7,OutdoorsSpring.png#Spring_X0Y7,OutdoorsSpring.png#Spring_X0Y7,OutdoorsSpring.png#Spring_X0Y7,OutdoorsSpring.png#Spring_X0Y7,OutdoorsSpring.png#Spring_X0Y7,OutdoorsSpring.png#Spring_X0Y7,OutdoorsSpring.png#Spring_X0Y7,,,,,,,,,,,,,,,,,,,,,,,,,,,,,,
OutdoorsSpring.png#Spring_X5Y9,OutdoorsSpring.png#Spring_X5Y9,OutdoorsSpring.png#Spring_X5Y9,OutdoorsSpring.png#Spring_X5Y9,OutdoorsSpring.png#Spring_X5Y9,OutdoorsSpring.png#Spring_X5Y9,OutdoorsSpring.png#Spring_X5Y9,OutdoorsSpring.png#Spring_X4Y9,OutdoorsSpring.png#Spring_X5Y9,OutdoorsSpring.png#Spring_X5Y9,OutdoorsSpring.png#Spring_X5Y9,OutdoorsSpring.png#Spring_X4Y9,OutdoorsSpring.png#Spring_X5Y9,OutdoorsSpring.png#Spring_X5Y9,OutdoorsSpring.png#Spring_X5Y9,OutdoorsSpring.png#Spring_X4Y9,OutdoorsSpring.png#Spring_X5Y9,OutdoorsSpring.png#Spring_X5Y9,OutdoorsSpring.png#Spring_X5Y9,OutdoorsSpring.png#Spring_X5Y9,OutdoorsSpring.png#Spring_X5Y9,OutdoorsSpring.png#Spring_X4Y9,OutdoorsSpring.png#Spring_X5Y9,OutdoorsSpring.png#Spring_X5Y9,OutdoorsSpring.png#Spring_X5Y9,OutdoorsSpring.png#Spring_X4Y9,OutdoorsSpring.png#Spring_X5Y9,OutdoorsSpring.png#Spring_X5Y9,OutdoorsSpring.png#Spring_X5Y9,OutdoorsSpring.png#Spring_X5Y9,OutdoorsSpring.png#Spring_X5Y9,OutdoorsSpring.png#Spring_X4Y9,OutdoorsSpring.png#Spring_X5Y9,OutdoorsSpring.png#Spring_X5Y9,OutdoorsSpring.png#Spring_X5Y9,OutdoorsSpring.png#Spring_X4Y9,OutdoorsSpring.png#Spring_X5Y9,OutdoorsSpring.png#Spring_X5Y9,OutdoorsSpring.png#Spring_X5Y9,OutdoorsSpring.png#Spring_X5Y9,OutdoorsSpring.png#Spring_X5Y9,OutdoorsSpring.png#Spring_X4Y9,OutdoorsSpring.png#Spring_X5Y9,OutdoorsSpring.png#Spring_X5Y9,OutdoorsSpring.png#Spring_X5Y9,OutdoorsSpring.png#Spring_X5Y9,OutdoorsSpring.png#Spring_X5Y9,OutdoorsSpring.png#Spring_X0Y7,OutdoorsSpring.png#Spring_X0Y7,OutdoorsSpring.png#Spring_X0Y7,OutdoorsSpring.png#Spring_X0Y7,OutdoorsSpring.png#Spring_X0Y7,OutdoorsSpring.png#Spring_X0Y7,OutdoorsSpring.png#Spring_X0Y7,OutdoorsSpring.png#Spring_X0Y7,OutdoorsSpring.png#Spring_X0Y7,OutdoorsSpring.png#Spring_X0Y7,OutdoorsSpring.png#Spring_X0Y7,OutdoorsSpring.png#Spring_X0Y7,OutdoorsSpring.png#Spring_X0Y7,OutdoorsSpring.png#Spring_X0Y7,OutdoorsSpring.png#Spring_X0Y7,OutdoorsSpring.png#Spring_X0Y7,OutdoorsSpring.png#Spring_X0Y7,OutdoorsSpring.png#Spring_X0Y7,OutdoorsSpring.png#Spring_X0Y7,OutdoorsSpring.png#Spring_X0Y7,OutdoorsSpring.png#Spring_X0Y7,OutdoorsSpring.png#Spring_X0Y7,OutdoorsSpring.png#Spring_X0Y7,,,,,,,,,,,,,,,,,,,,,,,,,,,,,,
OutdoorsSpring.png#Spring_X0Y7,OutdoorsSpring.png#Spring_X0Y7,OutdoorsSpring.png#Spring_X0Y7,OutdoorsSpring.png#Spring_X0Y7,OutdoorsSpring.png#Spring_X0Y7,OutdoorsSpring.png#Spring_X0Y7,OutdoorsSpring.png#Spring_X0Y7,OutdoorsSpring.png#Spring_X0Y7,OutdoorsSpring.png#Spring_X0Y7,OutdoorsSpring.png#Spring_X0Y7,OutdoorsSpring.png#Spring_X0Y7,OutdoorsSpring.png#Spring_X0Y7,OutdoorsSpring.png#Spring_X0Y7,OutdoorsSpring.png#Spring_X0Y7,OutdoorsSpring.png#Spring_X0Y7,OutdoorsSpring.png#Spring_X0Y7,OutdoorsSpring.png#Spring_X0Y7,OutdoorsSpring.png#Spring_X0Y7,OutdoorsSpring.png#Spring_X0Y7,OutdoorsSpring.png#Spring_X0Y7,OutdoorsSpring.png#Spring_X0Y7,OutdoorsSpring.png#Spring_X0Y7,OutdoorsSpring.png#Spring_X0Y7,OutdoorsSpring.png#Spring_X0Y7,OutdoorsSpring.png#Spring_X0Y7,OutdoorsSpring.png#Spring_X0Y7,OutdoorsSpring.png#Spring_X0Y7,OutdoorsSpring.png#Spring_X0Y7,OutdoorsSpring.png#Spring_X0Y7,OutdoorsSpring.png#Spring_X0Y7,OutdoorsSpring.png#Spring_X0Y7,OutdoorsSpring.png#Spring_X0Y7,OutdoorsSpring.png#Spring_X0Y7,OutdoorsSpring.png#Spring_X0Y7,OutdoorsSpring.png#Spring_X0Y7,OutdoorsSpring.png#Spring_X0Y7,OutdoorsSpring.png#Spring_X0Y7,OutdoorsSpring.png#Spring_X0Y7,OutdoorsSpring.png#Spring_X0Y7,OutdoorsSpring.png#Spring_X0Y7,OutdoorsSpring.png#Spring_X0Y7,OutdoorsSpring.png#Spring_X0Y7,OutdoorsSpring.png#Spring_X0Y7,OutdoorsSpring.png#Spring_X0Y7,OutdoorsSpring.png#Spring_X0Y7,OutdoorsSpring.png#Spring_X0Y7,OutdoorsSpring.png#Spring_X0Y7,OutdoorsSpring.png#Spring_X0Y7,OutdoorsSpring.png#Spring_X0Y7,OutdoorsSpring.png#Spring_X0Y7,OutdoorsSpring.png#Spring_X0Y7,OutdoorsSpring.png#Spring_X0Y7,OutdoorsSpring.png#Spring_X0Y7,OutdoorsSpring.png#Spring_X0Y7,OutdoorsSpring.png#Spring_X0Y7,OutdoorsSpring.png#Spring_X0Y7,OutdoorsSpring.png#Spring_X0Y7,OutdoorsSpring.png#Spring_X0Y7,OutdoorsSpring.png#Spring_X0Y7,OutdoorsSpring.png#Spring_X0Y7,OutdoorsSpring.png#Spring_X0Y7,OutdoorsSpring.png#Spring_X0Y7,OutdoorsSpring.png#Spring_X0Y7,OutdoorsSpring.png#Spring_X0Y7,OutdoorsSpring.png#Spring_X0Y7,OutdoorsSpring.png#Spring_X0Y7,OutdoorsSpring.png#Spring_X0Y7,OutdoorsSpring.png#Spring_X0Y7,OutdoorsSpring.png#Spring_X0Y7,OutdoorsSpring.png#Spring_X0Y7,,,,,,,,,,,,,,,,,,,,,,,,,,,,,,
OutdoorsSpring.png#Spring_X0Y7,OutdoorsSpring.png#Spring_X0Y7,OutdoorsSpring.png#Spring_X0Y7,OutdoorsSpring.png#Spring_X0Y7,OutdoorsSpring.png#Spring_X0Y7,OutdoorsSpring.png#Spring_X0Y7,OutdoorsSpring.png#Spring_X0Y7,OutdoorsSpring.png#Spring_X0Y7,OutdoorsSpring.png#Spring_X0Y7,OutdoorsSpring.png#Spring_X0Y7,OutdoorsSpring.png#Spring_X0Y7,OutdoorsSpring.png#Spring_X0Y7,OutdoorsSpring.png#Spring_X0Y7,OutdoorsSpring.png#Spring_X0Y7,OutdoorsSpring.png#Spring_X0Y7,OutdoorsSpring.png#Spring_X0Y7,OutdoorsSpring.png#Spring_X0Y7,OutdoorsSpring.png#Spring_X0Y7,OutdoorsSpring.png#Spring_X0Y7,OutdoorsSpring.png#Spring_X0Y7,OutdoorsSpring.png#Spring_X0Y7,OutdoorsSpring.png#Spring_X0Y7,OutdoorsSpring.png#Spring_X0Y7,OutdoorsSpring.png#Spring_X0Y7,OutdoorsSpring.png#Spring_X0Y7,OutdoorsSpring.png#Spring_X0Y7,OutdoorsSpring.png#Spring_X0Y7,OutdoorsSpring.png#Spring_X0Y7,OutdoorsSpring.png#Spring_X0Y7,OutdoorsSpring.png#Spring_X0Y7,OutdoorsSpring.png#Spring_X0Y7,OutdoorsSpring.png#Spring_X0Y7,OutdoorsSpring.png#Spring_X0Y7,OutdoorsSpring.png#Spring_X0Y7,OutdoorsSpring.png#Spring_X0Y7,OutdoorsSpring.png#Spring_X0Y7,OutdoorsSpring.png#Spring_X0Y7,OutdoorsSpring.png#Spring_X0Y7,OutdoorsSpring.png#Spring_X0Y7,OutdoorsSpring.png#Spring_X0Y7,OutdoorsSpring.png#Spring_X0Y7,OutdoorsSpring.png#Spring_X0Y7,OutdoorsSpring.png#Spring_X0Y7,OutdoorsSpring.png#Spring_X0Y7,OutdoorsSpring.png#Spring_X0Y7,OutdoorsSpring.png#Spring_X0Y7,OutdoorsSpring.png#Spring_X0Y7,OutdoorsSpring.png#Spring_X0Y7,OutdoorsSpring.png#Spring_X0Y7,OutdoorsSpring.png#Spring_X0Y7,OutdoorsSpring.png#Spring_X0Y7,OutdoorsSpring.png#Spring_X0Y7,OutdoorsSpring.png#Spring_X0Y7,OutdoorsSpring.png#Spring_X0Y7,OutdoorsSpring.png#Spring_X0Y7,OutdoorsSpring.png#Spring_X0Y7,OutdoorsSpring.png#Spring_X0Y7,OutdoorsSpring.png#Spring_X0Y7,OutdoorsSpring.png#Spring_X0Y7,OutdoorsSpring.png#Spring_X0Y7,OutdoorsSpring.png#Spring_X0Y7,OutdoorsSpring.png#Spring_X0Y7,OutdoorsSpring.png#Spring_X0Y7,OutdoorsSpring.png#Spring_X0Y7,OutdoorsSpring.png#Spring_X0Y7,OutdoorsSpring.png#Spring_X0Y7,OutdoorsSpring.png#Spring_X0Y7,OutdoorsSpring.png#Spring_X0Y7,OutdoorsSpring.png#Spring_X0Y7,OutdoorsSpring.png#Spring_X0Y7,,,,,,,,,,,,,,,,,,,,,,,,,,,,,,
OutdoorsSpring.png#Spring_X0Y7,OutdoorsSpring.png#Spring_X0Y7,OutdoorsSpring.png#Spring_X0Y7,OutdoorsSpring.png#Spring_X0Y7,OutdoorsSpring.png#Spring_X0Y7,OutdoorsSpring.png#Spring_X0Y7,OutdoorsSpring.png#Spring_X0Y7,OutdoorsSpring.png#Spring_X0Y7,OutdoorsSpring.png#Spring_X0Y7,OutdoorsSpring.png#Spring_X0Y7,OutdoorsSpring.png#Spring_X0Y7,OutdoorsSpring.png#Spring_X0Y7,OutdoorsSpring.png#Spring_X0Y7,OutdoorsSpring.png#Spring_X0Y7,OutdoorsSpring.png#Spring_X0Y7,OutdoorsSpring.png#Spring_X0Y7,OutdoorsSpring.png#Spring_X0Y7,OutdoorsSpring.png#Spring_X0Y7,OutdoorsSpring.png#Spring_X0Y7,OutdoorsSpring.png#Spring_X0Y7,OutdoorsSpring.png#Spring_X0Y7,OutdoorsSpring.png#Spring_X0Y7,OutdoorsSpring.png#Spring_X0Y7,OutdoorsSpring.png#Spring_X0Y7,OutdoorsSpring.png#Spring_X0Y7,OutdoorsSpring.png#Spring_X0Y7,OutdoorsSpring.png#Spring_X0Y7,OutdoorsSpring.png#Spring_X0Y7,OutdoorsSpring.png#Spring_X0Y7,OutdoorsSpring.png#Spring_X0Y7,OutdoorsSpring.png#Spring_X0Y7,OutdoorsSpring.png#Spring_X0Y7,OutdoorsSpring.png#Spring_X0Y7,OutdoorsSpring.png#Spring_X0Y7,OutdoorsSpring.png#Spring_X0Y7,OutdoorsSpring.png#Spring_X0Y7,OutdoorsSpring.png#Spring_X0Y7,OutdoorsSpring.png#Spring_X0Y7,OutdoorsSpring.png#Spring_X0Y7,OutdoorsSpring.png#Spring_X0Y7,OutdoorsSpring.png#Spring_X0Y7,OutdoorsSpring.png#Spring_X0Y7,OutdoorsSpring.png#Spring_X0Y7,OutdoorsSpring.png#Spring_X0Y7,OutdoorsSpring.png#Spring_X0Y7,OutdoorsSpring.png#Spring_X0Y7,OutdoorsSpring.png#Spring_X0Y7,OutdoorsSpring.png#Spring_X0Y7,OutdoorsSpring.png#Spring_X0Y7,OutdoorsSpring.png#Spring_X0Y7,OutdoorsSpring.png#Spring_X0Y7,OutdoorsSpring.png#Spring_X0Y7,OutdoorsSpring.png#Spring_X0Y7,OutdoorsSpring.png#Spring_X0Y7,OutdoorsSpring.png#Spring_X0Y7,OutdoorsSpring.png#Spring_X0Y7,OutdoorsSpring.png#Spring_X0Y7,OutdoorsSpring.png#Spring_X0Y7,OutdoorsSpring.png#Spring_X0Y7,OutdoorsSpring.png#Spring_X0Y7,OutdoorsSpring.png#Spring_X0Y7,OutdoorsSpring.png#Spring_X0Y7,OutdoorsSpring.png#Spring_X0Y7,OutdoorsSpring.png#Spring_X0Y7,OutdoorsSpring.png#Spring_X0Y7,OutdoorsSpring.png#Spring_X0Y7,OutdoorsSpring.png#Spring_X0Y7,OutdoorsSpring.png#Spring_X0Y7,OutdoorsSpring.png#Spring_X0Y7,OutdoorsSpring.png#Spring_X0Y7,,,,,,,,,,,,,,,,,,,,,,,,,,,,,,
OutdoorsSpring.png#Spring_X0Y7,OutdoorsSpring.png#Spring_X0Y7,OutdoorsSpring.png#Spring_X0Y7,OutdoorsSpring.png#Spring_X0Y7,OutdoorsSpring.png#Spring_X0Y7,OutdoorsSpring.png#Spring_X0Y7,OutdoorsSpring.png#Spring_X0Y7,OutdoorsSpring.png#Spring_X0Y7,OutdoorsSpring.png#Spring_X0Y7,OutdoorsSpring.png#Spring_X0Y7,OutdoorsSpring.png#Spring_X0Y7,OutdoorsSpring.png#Spring_X0Y7,OutdoorsSpring.png#Spring_X0Y7,OutdoorsSpring.png#Spring_X0Y7,OutdoorsSpring.png#Spring_X0Y7,OutdoorsSpring.png#Spring_X0Y7,OutdoorsSpring.png#Spring_X0Y7,OutdoorsSpring.png#Spring_X0Y7,OutdoorsSpring.png#Spring_X0Y7,OutdoorsSpring.png#Spring_X0Y7,OutdoorsSpring.png#Spring_X0Y7,OutdoorsSpring.png#Spring_X0Y7,OutdoorsSpring.png#Spring_X0Y7,OutdoorsSpring.png#Spring_X0Y7,OutdoorsSpring.png#Spring_X0Y7,OutdoorsSpring.png#Spring_X0Y7,OutdoorsSpring.png#Spring_X0Y7,OutdoorsSpring.png#Spring_X0Y7,OutdoorsSpring.png#Spring_X0Y7,OutdoorsSpring.png#Spring_X0Y7,OutdoorsSpring.png#Spring_X0Y7,OutdoorsSpring.png#Spring_X0Y7,OutdoorsSpring.png#Spring_X0Y7,OutdoorsSpring.png#Spring_X0Y7,OutdoorsSpring.png#Spring_X0Y7,OutdoorsSpring.png#Spring_X0Y7,OutdoorsSpring.png#Spring_X0Y7,OutdoorsSpring.png#Spring_X0Y7,OutdoorsSpring.png#Spring_X0Y7,OutdoorsSpring.png#Spring_X0Y7,OutdoorsSpring.png#Spring_X0Y7,OutdoorsSpring.png#Spring_X0Y7,OutdoorsSpring.png#Spring_X0Y7,OutdoorsSpring.png#Spring_X0Y7,OutdoorsSpring.png#Spring_X0Y7,OutdoorsSpring.png#Spring_X0Y7,OutdoorsSpring.png#Spring_X0Y7,OutdoorsSpring.png#Spring_X0Y7,OutdoorsSpring.png#Spring_X0Y7,OutdoorsSpring.png#Spring_X0Y7,OutdoorsSpring.png#Spring_X0Y7,OutdoorsSpring.png#Spring_X0Y7,OutdoorsSpring.png#Spring_X0Y7,OutdoorsSpring.png#Spring_X0Y7,OutdoorsSpring.png#Spring_X0Y7,OutdoorsSpring.png#Spring_X0Y7,OutdoorsSpring.png#Spring_X0Y7,OutdoorsSpring.png#Spring_X0Y7,OutdoorsSpring.png#Spring_X0Y7,OutdoorsSpring.png#Spring_X0Y7,OutdoorsSpring.png#Spring_X0Y7,OutdoorsSpring.png#Spring_X0Y7,OutdoorsSpring.png#Spring_X0Y7,OutdoorsSpring.png#Spring_X0Y7,OutdoorsSpring.png#Spring_X0Y7,OutdoorsSpring.png#Spring_X0Y7,OutdoorsSpring.png#Spring_X0Y7,OutdoorsSpring.png#Spring_X0Y7,OutdoorsSpring.png#Spring_X0Y7,OutdoorsSpring.png#Spring_X0Y7,,,,,,,,,,,,,,,,,,,,,,,,,,,,,,
OutdoorsSpring.png#Spring_X0Y7,OutdoorsSpring.png#Spring_X0Y7,OutdoorsSpring.png#Spring_X0Y7,OutdoorsSpring.png#Spring_X0Y7,OutdoorsSpring.png#Spring_X0Y7,OutdoorsSpring.png#Spring_X0Y7,OutdoorsSpring.png#Spring_X0Y7,OutdoorsSpring.png#Spring_X0Y7,OutdoorsSpring.png#Spring_X0Y7,OutdoorsSpring.png#Spring_X0Y7,OutdoorsSpring.png#Spring_X0Y7,OutdoorsSpring.png#Spring_X0Y7,OutdoorsSpring.png#Spring_X0Y7,OutdoorsSpring.png#Spring_X0Y7,OutdoorsSpring.png#Spring_X0Y7,OutdoorsSpring.png#Spring_X0Y7,OutdoorsSpring.png#Spring_X0Y7,OutdoorsSpring.png#Spring_X0Y7,OutdoorsSpring.png#Spring_X0Y7,OutdoorsSpring.png#Spring_X0Y7,OutdoorsSpring.png#Spring_X0Y7,OutdoorsSpring.png#Spring_X0Y7,OutdoorsSpring.png#Spring_X0Y7,OutdoorsSpring.png#Spring_X0Y7,OutdoorsSpring.png#Spring_X0Y7,OutdoorsSpring.png#Spring_X0Y7,OutdoorsSpring.png#Spring_X0Y7,OutdoorsSpring.png#Spring_X0Y7,OutdoorsSpring.png#Spring_X0Y7,OutdoorsSpring.png#Spring_X0Y7,OutdoorsSpring.png#Spring_X0Y7,OutdoorsSpring.png#Spring_X0Y7,OutdoorsSpring.png#Spring_X0Y7,OutdoorsSpring.png#Spring_X0Y7,OutdoorsSpring.png#Spring_X0Y7,OutdoorsSpring.png#Spring_X0Y7,OutdoorsSpring.png#Spring_X0Y7,OutdoorsSpring.png#Spring_X0Y7,OutdoorsSpring.png#Spring_X0Y7,OutdoorsSpring.png#Spring_X0Y7,OutdoorsSpring.png#Spring_X0Y7,OutdoorsSpring.png#Spring_X0Y7,OutdoorsSpring.png#Spring_X0Y7,OutdoorsSpring.png#Spring_X0Y7,OutdoorsSpring.png#Spring_X0Y7,OutdoorsSpring.png#Spring_X0Y7,OutdoorsSpring.png#Spring_X0Y7,OutdoorsSpring.png#Spring_X0Y7,OutdoorsSpring.png#Spring_X0Y7,OutdoorsSpring.png#Spring_X0Y7,OutdoorsSpring.png#Spring_X0Y7,OutdoorsSpring.png#Spring_X0Y7,OutdoorsSpring.png#Spring_X0Y7,OutdoorsSpring.png#Spring_X0Y7,OutdoorsSpring.png#Spring_X0Y7,OutdoorsSpring.png#Spring_X0Y7,OutdoorsSpring.png#Spring_X0Y7,OutdoorsSpring.png#Spring_X0Y7,OutdoorsSpring.png#Spring_X0Y7,OutdoorsSpring.png#Spring_X0Y7,OutdoorsSpring.png#Spring_X0Y7,OutdoorsSpring.png#Spring_X0Y7,OutdoorsSpring.png#Spring_X0Y7,OutdoorsSpring.png#Spring_X0Y7,OutdoorsSpring.png#Spring_X0Y7,OutdoorsSpring.png#Spring_X0Y7,OutdoorsSpring.png#Spring_X0Y7,OutdoorsSpring.png#Spring_X0Y7,OutdoorsSpring.png#Spring_X0Y7,OutdoorsSpring.png#Spring_X0Y7,,,,,,,,,,,,,,,,,,,,,,,,,,,,,,
OutdoorsSpring.png#Spring_X0Y7,OutdoorsSpring.png#Spring_X0Y7,OutdoorsSpring.png#Spring_X0Y7,OutdoorsSpring.png#Spring_X0Y7,OutdoorsSpring.png#Spring_X0Y7,OutdoorsSpring.png#Spring_X0Y7,OutdoorsSpring.png#Spring_X0Y7,OutdoorsSpring.png#Spring_X0Y7,OutdoorsSpring.png#Spring_X0Y7,OutdoorsSpring.png#Spring_X0Y7,OutdoorsSpring.png#Spring_X0Y7,OutdoorsSpring.png#Spring_X0Y7,OutdoorsSpring.png#Spring_X0Y7,OutdoorsSpring.png#Spring_X0Y7,OutdoorsSpring.png#Spring_X0Y7,OutdoorsSpring.png#Spring_X0Y7,OutdoorsSpring.png#Spring_X0Y7,OutdoorsSpring.png#Spring_X0Y7,OutdoorsSpring.png#Spring_X0Y7,OutdoorsSpring.png#Spring_X0Y7,OutdoorsSpring.png#Spring_X0Y7,OutdoorsSpring.png#Spring_X0Y7,OutdoorsSpring.png#Spring_X0Y7,OutdoorsSpring.png#Spring_X0Y7,OutdoorsSpring.png#Spring_X0Y7,OutdoorsSpring.png#Spring_X0Y7,OutdoorsSpring.png#Spring_X0Y7,OutdoorsSpring.png#Spring_X0Y7,OutdoorsSpring.png#Spring_X0Y7,OutdoorsSpring.png#Spring_X0Y7,OutdoorsSpring.png#Spring_X0Y7,OutdoorsSpring.png#Spring_X0Y7,OutdoorsSpring.png#Spring_X0Y7,OutdoorsSpring.png#Spring_X0Y7,OutdoorsSpring.png#Spring_X0Y7,OutdoorsSpring.png#Spring_X0Y7,OutdoorsSpring.png#Spring_X0Y7,OutdoorsSpring.png#Spring_X0Y7,OutdoorsSpring.png#Spring_X0Y7,OutdoorsSpring.png#Spring_X0Y7,OutdoorsSpring.png#Spring_X0Y7,OutdoorsSpring.png#Spring_X0Y7,OutdoorsSpring.png#Spring_X0Y7,OutdoorsSpring.png#Spring_X0Y7,OutdoorsSpring.png#Spring_X0Y7,OutdoorsSpring.png#Spring_X0Y7,OutdoorsSpring.png#Spring_X0Y7,OutdoorsSpring.png#Spring_X0Y7,OutdoorsSpring.png#Spring_X0Y7,OutdoorsSpring.png#Spring_X0Y7,OutdoorsSpring.png#Spring_X0Y7,OutdoorsSpring.png#Spring_X0Y7,OutdoorsSpring.png#Spring_X0Y7,OutdoorsSpring.png#Spring_X0Y7,OutdoorsSpring.png#Spring_X0Y7,OutdoorsSpring.png#Spring_X0Y7,OutdoorsSpring.png#Spring_X0Y7,OutdoorsSpring.png#Spring_X0Y7,OutdoorsSpring.png#Spring_X0Y7,OutdoorsSpring.png#Spring_X0Y7,OutdoorsSpring.png#Spring_X0Y7,OutdoorsSpring.png#Spring_X0Y7,OutdoorsSpring.png#Spring_X0Y7,OutdoorsSpring.png#Spring_X0Y7,OutdoorsSpring.png#Spring_X0Y7,OutdoorsSpring.png#Spring_X0Y7,OutdoorsSpring.png#Spring_X0Y7,OutdoorsSpring.png#Spring_X0Y7,OutdoorsSpring.png#Spring_X0Y7,OutdoorsSpring.png#Spring_X0Y7,,,,,,,,,,,,,,,,,,,,,,,,,,,,,,
OutdoorsSpring.png#Spring_X0Y7,OutdoorsSpring.png#Spring_X0Y7,OutdoorsSpring.png#Spring_X0Y7,OutdoorsSpring.png#Spring_X0Y7,OutdoorsSpring.png#Spring_X0Y7,OutdoorsSpring.png#Spring_X0Y7,OutdoorsSpring.png#Spring_X0Y7,OutdoorsSpring.png#Spring_X0Y7,OutdoorsSpring.png#Spring_X0Y7,OutdoorsSpring.png#Spring_X0Y7,OutdoorsSpring.png#Spring_X0Y7,OutdoorsSpring.png#Spring_X0Y7,OutdoorsSpring.png#Spring_X0Y7,OutdoorsSpring.png#Spring_X0Y7,OutdoorsSpring.png#Spring_X0Y7,OutdoorsSpring.png#Spring_X0Y7,OutdoorsSpring.png#Spring_X0Y7,OutdoorsSpring.png#Spring_X0Y7,OutdoorsSpring.png#Spring_X0Y7,OutdoorsSpring.png#Spring_X0Y7,OutdoorsSpring.png#Spring_X0Y7,OutdoorsSpring.png#Spring_X0Y7,OutdoorsSpring.png#Spring_X0Y7,OutdoorsSpring.png#Spring_X0Y7,OutdoorsSpring.png#Spring_X0Y7,OutdoorsSpring.png#Spring_X0Y7,OutdoorsSpring.png#Spring_X0Y7,OutdoorsSpring.png#Spring_X0Y7,OutdoorsSpring.png#Spring_X0Y7,OutdoorsSpring.png#Spring_X0Y7,OutdoorsSpring.png#Spring_X0Y7,OutdoorsSpring.png#Spring_X0Y7,OutdoorsSpring.png#Spring_X0Y7,OutdoorsSpring.png#Spring_X0Y7,OutdoorsSpring.png#Spring_X0Y7,OutdoorsSpring.png#Spring_X0Y7,OutdoorsSpring.png#Spring_X0Y7,OutdoorsSpring.png#Spring_X0Y7,OutdoorsSpring.png#Spring_X0Y7,OutdoorsSpring.png#Spring_X0Y7,OutdoorsSpring.png#Spring_X0Y7,OutdoorsSpring.png#Spring_X0Y7,OutdoorsSpring.png#Spring_X0Y7,OutdoorsSpring.png#Spring_X0Y7,OutdoorsSpring.png#Spring_X0Y7,OutdoorsSpring.png#Spring_X0Y7,OutdoorsSpring.png#Spring_X0Y7,OutdoorsSpring.png#Spring_X0Y7,OutdoorsSpring.png#Spring_X0Y7,OutdoorsSpring.png#Spring_X0Y7,OutdoorsSpring.png#Spring_X0Y7,OutdoorsSpring.png#Spring_X0Y7,OutdoorsSpring.png#Spring_X0Y7,OutdoorsSpring.png#Spring_X0Y7,OutdoorsSpring.png#Spring_X0Y7,OutdoorsSpring.png#Spring_X0Y7,OutdoorsSpring.png#Spring_X0Y7,,,,,,,,,,,,,,,,,,,,,,,,,,,,,,,,,,,,,,,,,,,
OutdoorsSpring.png#Spring_X0Y7,OutdoorsSpring.png#Spring_X0Y7,OutdoorsSpring.png#Spring_X0Y7,OutdoorsSpring.png#Spring_X0Y7,OutdoorsSpring.png#Spring_X0Y7,OutdoorsSpring.png#Spring_X0Y7,OutdoorsSpring.png#Spring_X0Y7,OutdoorsSpring.png#Spring_X0Y7,OutdoorsSpring.png#Spring_X0Y7,OutdoorsSpring.png#Spring_X0Y7,OutdoorsSpring.png#Spring_X0Y7,OutdoorsSpring.png#Spring_X0Y7,OutdoorsSpring.png#Spring_X0Y7,OutdoorsSpring.png#Spring_X0Y7,OutdoorsSpring.png#Spring_X0Y7,OutdoorsSpring.png#Spring_X0Y7,OutdoorsSpring.png#Spring_X0Y7,OutdoorsSpring.png#Spring_X0Y7,OutdoorsSpring.png#Spring_X0Y7,OutdoorsSpring.png#Spring_X0Y7,OutdoorsSpring.png#Spring_X0Y7,OutdoorsSpring.png#Spring_X0Y7,OutdoorsSpring.png#Spring_X0Y7,OutdoorsSpring.png#Spring_X0Y7,OutdoorsSpring.png#Spring_X0Y7,OutdoorsSpring.png#Spring_X0Y7,OutdoorsSpring.png#Spring_X0Y7,OutdoorsSpring.png#Spring_X0Y7,OutdoorsSpring.png#Spring_X0Y7,OutdoorsSpring.png#Spring_X0Y7,OutdoorsSpring.png#Spring_X0Y7,OutdoorsSpring.png#Spring_X0Y7,OutdoorsSpring.png#Spring_X0Y7,OutdoorsSpring.png#Spring_X0Y7,OutdoorsSpring.png#Spring_X0Y7,OutdoorsSpring.png#Spring_X0Y7,OutdoorsSpring.png#Spring_X0Y7,OutdoorsSpring.png#Spring_X0Y7,OutdoorsSpring.png#Spring_X0Y7,OutdoorsSpring.png#Spring_X0Y7,OutdoorsSpring.png#Spring_X0Y7,OutdoorsSpring.png#Spring_X0Y7,OutdoorsSpring.png#Spring_X0Y7,OutdoorsSpring.png#Spring_X0Y7,OutdoorsSpring.png#Spring_X0Y7,OutdoorsSpring.png#Spring_X0Y7,OutdoorsSpring.png#Spring_X0Y7,OutdoorsSpring.png#Spring_X0Y7,OutdoorsSpring.png#Spring_X0Y7,OutdoorsSpring.png#Spring_X0Y7,OutdoorsSpring.png#Spring_X0Y7,OutdoorsSpring.png#Spring_X0Y7,OutdoorsSpring.png#Spring_X0Y7,OutdoorsSpring.png#Spring_X0Y7,OutdoorsSpring.png#Spring_X0Y7,OutdoorsSpring.png#Spring_X0Y7,OutdoorsSpring.png#Spring_X0Y7,,,,,,,,,,,,,,,,,,,,,,,,,,,,,,,,,,,,,,,,,,,
OutdoorsSpring.png#Spring_X0Y7,OutdoorsSpring.png#Spring_X0Y7,OutdoorsSpring.png#Spring_X0Y7,OutdoorsSpring.png#Spring_X0Y7,OutdoorsSpring.png#Spring_X0Y7,OutdoorsSpring.png#Spring_X0Y7,OutdoorsSpring.png#Spring_X0Y7,OutdoorsSpring.png#Spring_X0Y7,OutdoorsSpring.png#Spring_X0Y7,OutdoorsSpring.png#Spring_X0Y7,OutdoorsSpring.png#Spring_X0Y7,OutdoorsSpring.png#Spring_X0Y7,OutdoorsSpring.png#Spring_X0Y7,OutdoorsSpring.png#Spring_X0Y7,OutdoorsSpring.png#Spring_X0Y7,OutdoorsSpring.png#Spring_X0Y7,OutdoorsSpring.png#Spring_X0Y7,OutdoorsSpring.png#Spring_X0Y7,OutdoorsSpring.png#Spring_X0Y7,OutdoorsSpring.png#Spring_X0Y7,OutdoorsSpring.png#Spring_X0Y7,OutdoorsSpring.png#Spring_X0Y7,OutdoorsSpring.png#Spring_X0Y7,OutdoorsSpring.png#Spring_X0Y7,OutdoorsSpring.png#Spring_X0Y7,OutdoorsSpring.png#Spring_X0Y7,OutdoorsSpring.png#Spring_X0Y7,OutdoorsSpring.png#Spring_X0Y7,OutdoorsSpring.png#Spring_X0Y7,OutdoorsSpring.png#Spring_X0Y7,OutdoorsSpring.png#Spring_X0Y7,OutdoorsSpring.png#Spring_X0Y7,OutdoorsSpring.png#Spring_X0Y7,OutdoorsSpring.png#Spring_X0Y7,OutdoorsSpring.png#Spring_X0Y7,OutdoorsSpring.png#Spring_X0Y7,OutdoorsSpring.png#Spring_X0Y7,OutdoorsSpring.png#Spring_X0Y7,OutdoorsSpring.png#Spring_X0Y7,OutdoorsSpring.png#Spring_X0Y7,OutdoorsSpring.png#Spring_X0Y7,OutdoorsSpring.png#Spring_X0Y7,OutdoorsSpring.png#Spring_X0Y7,OutdoorsSpring.png#Spring_X0Y7,OutdoorsSpring.png#Spring_X0Y7,OutdoorsSpring.png#Spring_X0Y7,OutdoorsSpring.png#Spring_X0Y7,OutdoorsSpring.png#Spring_X0Y7,OutdoorsSpring.png#Spring_X0Y7,OutdoorsSpring.png#Spring_X0Y7,OutdoorsSpring.png#Spring_X0Y7,OutdoorsSpring.png#Spring_X0Y7,OutdoorsSpring.png#Spring_X0Y7,OutdoorsSpring.png#Spring_X0Y7,OutdoorsSpring.png#Spring_X0Y7,OutdoorsSpring.png#Spring_X0Y7,OutdoorsSpring.png#Spring_X0Y7,,,,,,,,,,,,,,,,,,,,,,,,,,,,,,,,,,,,,,,,,,,
OutdoorsSpring.png#Spring_X0Y7,OutdoorsSpring.png#Spring_X0Y7,OutdoorsSpring.png#Spring_X0Y7,OutdoorsSpring.png#Spring_X0Y7,OutdoorsSpring.png#Spring_X0Y7,OutdoorsSpring.png#Spring_X0Y7,OutdoorsSpring.png#Spring_X0Y7,OutdoorsSpring.png#Spring_X0Y7,OutdoorsSpring.png#Spring_X0Y7,OutdoorsSpring.png#Spring_X0Y7,OutdoorsSpring.png#Spring_X0Y7,OutdoorsSpring.png#Spring_X0Y7,OutdoorsSpring.png#Spring_X0Y7,OutdoorsSpring.png#Spring_X0Y7,OutdoorsSpring.png#Spring_X0Y7,OutdoorsSpring.png#Spring_X0Y7,OutdoorsSpring.png#Spring_X0Y7,OutdoorsSpring.png#Spring_X0Y7,OutdoorsSpring.png#Spring_X0Y7,OutdoorsSpring.png#Spring_X0Y7,OutdoorsSpring.png#Spring_X0Y7,OutdoorsSpring.png#Spring_X0Y7,OutdoorsSpring.png#Spring_X0Y7,OutdoorsSpring.png#Spring_X0Y7,OutdoorsSpring.png#Spring_X0Y7,OutdoorsSpring.png#Spring_X0Y7,OutdoorsSpring.png#Spring_X0Y7,OutdoorsSpring.png#Spring_X0Y7,OutdoorsSpring.png#Spring_X0Y7,OutdoorsSpring.png#Spring_X0Y7,OutdoorsSpring.png#Spring_X0Y7,OutdoorsSpring.png#Spring_X0Y7,OutdoorsSpring.png#Spring_X0Y7,OutdoorsSpring.png#Spring_X0Y7,OutdoorsSpring.png#Spring_X0Y7,OutdoorsSpring.png#Spring_X0Y7,OutdoorsSpring.png#Spring_X0Y7,OutdoorsSpring.png#Spring_X0Y7,OutdoorsSpring.png#Spring_X0Y7,OutdoorsSpring.png#Spring_X0Y7,OutdoorsSpring.png#Spring_X0Y7,OutdoorsSpring.png#Spring_X0Y7,OutdoorsSpring.png#Spring_X0Y7,OutdoorsSpring.png#Spring_X0Y7,OutdoorsSpring.png#Spring_X0Y7,OutdoorsSpring.png#Spring_X0Y7,OutdoorsSpring.png#Spring_X0Y7,OutdoorsSpring.png#Spring_X0Y7,OutdoorsSpring.png#Spring_X0Y7,OutdoorsSpring.png#Spring_X0Y7,OutdoorsSpring.png#Spring_X0Y7,OutdoorsSpring.png#Spring_X0Y7,OutdoorsSpring.png#Spring_X0Y7,OutdoorsSpring.png#Spring_X0Y7,OutdoorsSpring.png#Spring_X0Y7,OutdoorsSpring.png#Spring_X0Y7,OutdoorsSpring.png#Spring_X0Y7,,,,,,,,,,,,,,,,,,,,,,,,,,,,,,,,,,,,,,,,,,,
OutdoorsSpring.png#Spring_X0Y7,OutdoorsSpring.png#Spring_X0Y7,OutdoorsSpring.png#Spring_X0Y7,OutdoorsSpring.png#Spring_X0Y7,OutdoorsSpring.png#Spring_X0Y7,OutdoorsSpring.png#Spring_X0Y7,OutdoorsSpring.png#Spring_X0Y7,OutdoorsSpring.png#Spring_X0Y7,OutdoorsSpring.png#Spring_X0Y7,OutdoorsSpring.png#Spring_X0Y7,OutdoorsSpring.png#Spring_X0Y7,OutdoorsSpring.png#Spring_X0Y7,OutdoorsSpring.png#Spring_X0Y7,OutdoorsSpring.png#Spring_X0Y7,OutdoorsSpring.png#Spring_X0Y7,OutdoorsSpring.png#Spring_X0Y7,OutdoorsSpring.png#Spring_X0Y7,OutdoorsSpring.png#Spring_X0Y7,OutdoorsSpring.png#Spring_X0Y7,OutdoorsSpring.png#Spring_X0Y7,OutdoorsSpring.png#Spring_X0Y7,OutdoorsSpring.png#Spring_X0Y7,OutdoorsSpring.png#Spring_X0Y7,OutdoorsSpring.png#Spring_X0Y7,OutdoorsSpring.png#Spring_X0Y7,OutdoorsSpring.png#Spring_X0Y7,OutdoorsSpring.png#Spring_X0Y7,OutdoorsSpring.png#Spring_X0Y7,OutdoorsSpring.png#Spring_X0Y7,OutdoorsSpring.png#Spring_X0Y7,OutdoorsSpring.png#Spring_X0Y7,OutdoorsSpring.png#Spring_X0Y7,OutdoorsSpring.png#Spring_X0Y7,OutdoorsSpring.png#Spring_X0Y7,OutdoorsSpring.png#Spring_X0Y7,OutdoorsSpring.png#Spring_X0Y7,OutdoorsSpring.png#Spring_X0Y7,OutdoorsSpring.png#Spring_X0Y7,OutdoorsSpring.png#Spring_X0Y7,OutdoorsSpring.png#Spring_X0Y7,OutdoorsSpring.png#Spring_X0Y7,OutdoorsSpring.png#Spring_X0Y7,OutdoorsSpring.png#Spring_X0Y7,OutdoorsSpring.png#Spring_X0Y7,OutdoorsSpring.png#Spring_X0Y7,OutdoorsSpring.png#Spring_X0Y7,OutdoorsSpring.png#Spring_X0Y7,OutdoorsSpring.png#Spring_X0Y7,OutdoorsSpring.png#Spring_X0Y7,OutdoorsSpring.png#Spring_X0Y7,OutdoorsSpring.png#Spring_X0Y7,OutdoorsSpring.png#Spring_X0Y7,OutdoorsSpring.png#Spring_X0Y7,OutdoorsSpring.png#Spring_X0Y7,OutdoorsSpring.png#Spring_X0Y7,OutdoorsSpring.png#Spring_X0Y7,OutdoorsSpring.png#Spring_X0Y7,,,,,,,,,,,,,,,,,,,,,,,,,,,,,,,,,,,,,,,,,,,
,,,,,,,,,,,,,,,,,,,,,,,,,,,,,,,,,,,,,,,,,,,,,,,,,,,,,,,,,,,,,,,,,,,,,,,,,,,,,,,,,,,,,,,,,,,,,,,,,,,
,,,,,,,,,,,,,,,,,,,,,,,,,,,,,,,,,,,,,,,,,,,,,,,,,,,,,,,,,,,,,,,,,,,,,,,,,,,,,,,,,,,,,,,,,,,,,,,,,,,
,,,,,,,,,,,,,,,,,,,,,,,,,,,,,,,,,,,,,,,,,,,,,,,,,,,,,,,,,,,,,,,,,,,,,,,,,,,,,,,,,,,,,,,,,,,,,,,,,,,
,,,,,,,,,,,,,,,,,,,,,,,,,,,,,,,,,,,,,,,,,,,,,,,,,,,,,,,,,,,,,,,,,,,,,,,,,,,,,,,,,,,,,,,,,,,,,,,,,,,
,,,,,,,,,,,,,,,,,,,,,,,,,,,,,,,,,,,,,,,,,,,,,,,,,,,,,,,,,,,,,,,,,,,,,,,,,,,,,,,,,,,,,,,,,,,,,,,,,,,
,,,,,,,,,,,,,,,,,,,,,,,,,,,,,,,,,,,,,,,,,,,,,,,,,,,,,,,,,,,,,,,,,,,,,,,,,,,,,,,,,,,,,,,,,,,,,,,,,,,
,,,,,,,,,,,,,,,,,,,,,,,,,,,,,,,,,,,,,,,,,,,,,,,,,,,,,,,,,,,,,,,,,,,,,,,,,,,,,,,,,,,,,,,,,,,,,,,,,,,
,,,,,,,,,,,,,,,,,,,,,,,,,,,,,,,,,,,,,,,,,,,,,,,,,,,,,,,,,,,,,,,,,,,,,,,,,,,,,,,,,,,,,,,,,,,,,,,,,,,
,,,,,,,,,,,,,,,,,,,,,,,,,,,,,,,,,,,,,,,,,,,,,,,,,,,,,,,,,,,,,,,,,,,,,,,,,,,,,,,,,,,,,,,,,,,,,,,,,,,
,,,,,,,,,,,,,,,,,,,,,,,,,,,,,,,,,,,,,,,,,,,,,,,,,,,,,,,,,,,,,,,,,,,,,,,,,,,,,,,,,,,,,,,,,,,,,,,,,,,
,,,,,,,,,,,,,,,,,,,,,,,,,,,,,,,,,,,,,,,,,,,,,,,,,,,,,,,,,,,,,,,,,,,,,,,,,,,,,,,,,,,,,,,,,,,,,,,,,,,
,,,,,,,,,,,,,,,,,,,,,,,,,,,,,,,,,,,,,,,,,,,,,,,,,,,,,,,,,,,,,,,,,,,,,,,,,,,,,,,,,,,,,,,,,,,,,,,,,,,
,,,,,,,,,,,,,,,,,,,,,,,,,,,,,,,,,,,,,,,,,,,,,,,,,,,,,,,,,,,,,,,,,,,,,,,,,,,,,,,,,,,,,,,,,,,,,,,,,,,
,,,,,,,,,,,,,,,,,,,,,,,,,,,,,,,,,,,,,,,,,,,,,,,,,,,,,,,,,,,,,,,,,,,,,,,,,,,,,,,,,,,,,,,,,,,,,,,,,,,
,,,,,,,,,,,,,,,,,,,,,,,,,,,,,,,,,,,,,,,,,,,,,,,,,,,,,,,,,,,,,,,,,,,,,,,,,,,,,,,,,,,,,,,,,,,,,,,,,,,
,,,,,,,,,,,,,,,,,,,,,,,,,,,,,,,,,,,,,,,,,,,,,,,,,,,,,,,,,,,,,,,,,,,,,,,,,,,,,,,,,,,,,,,,,,,,,,,,,,,
,,,,,,,,,,,,,,,,,,,,,,,,,,,,,,,,,,,,,,,,,,,,,,,,,,,,,,,,,,,,,,,,,,,,,,,,,,,,,,,,,,,,,,,,,,,,,,,,,,,
,,,,,,,,,,,,,,,,,,,,,,,,,,,,,,,,,,,,,,,,,,,,,,,,,,,,,,,,,,,,,,,,,,,,,,,,,,,,,,,,,,,,,,,,,,,,,,,,,,,
,,,,,,,,,,,,,,,,,,,,,,,,,,,,,,,,,,,,,,,,,,,,,,,,,,,,,,,,,,,,,,,,,,,,,,,,,,,,,,,,,,,,,,,,,,,,,,,,,,,
,,,,,,,,,,,,,,,,,,,,,,,,,,,,,,,,,,,,,,,,,,,,,,,,,,,,,,,,,,,,,,,,,,,,,,,,,,,,,,,,,,,,,,,,,,,,,,,,,,,
,,,,,,,,,,,,,,,,,,,,,,,,,,,,,,,,,,,,,,,,,,,,,,,,,,,,,,,,,,,,,,,,,,,,,,,,,,,,,,,,,,,,,,,,,,,,,,,,,,,
,,,,,,,,,,,,,,,,,,,,,,,,,,,,,,,,,,,,,,,,,,,,,,,,,,,,,,,,,,,,,,,,,,,,,,,,,,,,,,,,,,,,,,,,,,,,,,,,,,,
,,,,,,,,,,,,,,,,,,,,,,,,,,,,,,,,,,,,,,,,,,,,,,,,,,,,,,,,,,,,,,,,,,,,,,,,,,,,,,,,,,,,,,,,,,,,,,,,,,,
,,,,,,,,,,,,,,,,,,,,,,,,,,,,,,,,,,,,,,,,,,,,,,,,,,,,,,,,,,,,,,,,,,,,,,,,,,,,,,,,,,,,,,,,,,,,,,,,,,,
,,,,,,,,,,,,,,,,,,,,,,,,,,,,,,,,,,,,,,,,,,,,,,,,,,,,,,,,,,,,,,,,,,,,,,,,,,,,,,,,,,,,,,,,,,,,,,,,,,,
,,,,,,,,,,,,,,,,,,,,,,,,,,,,,,,,,,,,,,,,,,,,,,,,,,,,,,,,,,,,,,,,,,,,,,,,,,,,,,,,,,,,,,,,,,,,,,,,,,,
,,,,,,,,,,,,,,,,,,,,,,,,,,,,,,,,,,,,,,,,,,,,,,,,,,,,,,,,,,,,,,,,,,,,,,,,,,,,,,,,,,,,,,,,,,,,,,,,,,,
,,,,,,,,,,,,,,,,,,,,,,,,,,,,,,,,,,,,,,,,,,,,,,,,,,,,,,,,,,,,,,,,,,,,,,,,,,,,,,,,,,,,,,,,,,,,,,,,,,,
,,,,,,,,,,,,,,,,,,,,,,,,,,,,,,,,,,,,,,,,,,,,,,,,,,,,,,,,,,,,,,,,,,,,,,,,,,,,,,,,,,,,,,,,,,,,,,,,,,,
,,,,,,,,,,,,,,,,,,,,,,,,,,,,,,,,,,,,,,,,,,,,,,,,,,,,,,,,,,,,,,,,,,,,,,,,,,,,,,,,,,,,,,,,,,,,,,,,,,,
,,,,,,,,,,,,,,,,,,,,,,,,,,,,,,,,,,,,,,,,,,,,,,,,,,,,,,,,,,,,,,,,,,,,,,,,,,,,,,,,,,,,,,,,,,,,,,,,,,,
,,,,,,,,,,,,,,,,,,,,,,,,,,,,,,,,,,,,,,,,,,,,,,,,,,,,,,,,,,,,,,,,,,,,,,,,,,,,,,,,,,,,,,,,,,,,,,,,,,,
,,,,,,,,,,,,,,,,,,,,,,,,,,,,,,,,,,,,,,,,,,,,,,,,,,,,,,,,,,,,,,,,,,,,,,,,,,,,,,,,,,,,,,,,,,,,,,,,,,,
,,,,,,,,,,,,,,,,,,,,,,,,,,,,,,,,,,,,,,,,,,,,,,,,,,,,,,,,,,,,,,,,,,,,,,,,,,,,,,,,,,,,,,,,,,,,,,,,,,,
,,,,,,,,,,,,,,,,,,,,,,,,,,,,,,,,,,,,,,,,,,,,,,,,,,,,,,,,,,,,,,,,,,,,,,,,,,,,,,,,,,,,,,,,,,,,,,,,,,,
,,,,,,,,,,,,,,,,,,,,,,,,,,,,,,,,,,,,,,,,,,,,,,,,,,,,,,,,,,,,,,,,,,,,,,,,,,,,,,,,,,,,,,,,,,,,,,,,,,,
,,,,,,,,,,,,,,,,,,,,,,,,,,,,,,,,,,,,,,,,,,,,,,,,,,,,,,,,,,,,,,,,,,,,,,,,,,,,,,,,,,,,,,,,,,,,,,,,,,,
,,,,,,,,,,,,,,,,,,,,,,,,,,,,,,,,,,,,,,,,,,,,,,,,,,,,,,,,,,,,,,,,,,,,,,,,,,,,,,,,,,,,,,,,,,,,,,,,,,,
,,,,,,,,,,,,,,,,,,,,,,,,,,,,,,,,,,,,,,,,,,,,,,,,,,,,,,,,,,,,,,,,,,,,,,,,,,,,,,,,,,,,,,,,,,,,,,,,,,,
,,,,,,,,,,,,,,,,,,,,,,,,,,,,,,,,,,,,,,,,,,,,,,,,,,,,,,,,,,,,,,,,,,,,,,,,,,,,,,,,,,,,,,,,,,,,,,,,,,,
,,,,,,,,,,,,,,,,,,,,,,,,,,,,,,,,,,,,,,,,,,,,,,,,,,,,,,,,,,,,,,,,,,,,,,,,,,,,,,,,,,,,,,,,,,,,,,,,,,,
,,,,,,,,,,,,,,,,,,,,,,,,,,,,,,,,,,,,,,,,,,,,,,,,,,,,,,,,,,,,,,,,,,,,,,,,,,,,,,,,,,,,,,,,,,,,,,,,,,,
,,,,,,,,,,,,,,,,,,,,,,,,,,,,,,,,,,,,,,,,,,,,,,,,,,,,,,,,,,,,,,,,,,,,,,,,,,,,,,,,,,,,,,,,,,,,,,,,,,,
,,,,,,,,,,,,,,,,,,,,,,,,,,,,,,,,,,,,,,,,,,,,,,,,,,,,,,,,,,,,,,,,,,,,,,,,,,,,,,,,,,,,,,,,,,,,,,,,,,,
,,,,,,,,,,,,,,,,,,,,,,,,,,,,,,,,,,,,,,,,,,,,,,,,,,,,,,,,,,,,,,,,,,,,,,,,,,,,,,,,,,,,,,,,,,,,,,,,,,,
,,,,,,,,,,,,,,,,,,,,,,,,,,,,,,,,,,,,,,,,,,,,,,,,,,,,,,,,,,,,,,,,,,,,,,,,,,,,,,,,,,,,,,,,,,,,,,,,,,,
,,,,,,,,,,,,,,,,,,,,,,,,,,,,,,,,,,,,,,,,,,,,,,,,,,,,,,,,,,,,,,,,,,,,,,,,,,,,,,,,,,,,,,,,,,,,,,,,,,,
,,,,,,,,,,,,,,,,,,,,,,,,,,,,,,,,,,,,,,,,,,,,,,,,,,,,,,,,,,,,,,,,,,,,,,,,,,,,,,,,,,,,,,,,,,,,,,,,,,,
,,,,,,,,,,,,,,,,,,,,,,,,,,,,,,,,,,,,,,,,,,,,,,,,,,,,,,,,,,,,,,,,,,,,,,,,,,,,,,,,,,,,,,,,,,,,,,,,,,,
,,,,,,,,,,,,,,,,,,,,,,,,,,,,,,,,,,,,,,,,,,,,,,,,,,,,,,,,,,,,,,,,,,,,,,,,,,,,,,,,,,,,,,,,,,,,,,,,,,,
,,,,,,,,,,,,,,,,,,,,,,,,,,,,,,,,,,,,,,,,,,,,,,,,,,,,,,,,,,,,,,,,,,,,,,,,,,,,,,,,,,,,,,,,,,,,,,,,,,,
,,,,,,,,,,,,,,,,,,,,,,,,,,,,,,,,,,,,,,,,,,,,,,,,,,,,,,,,,,,,,,,,,,,,,,,,,,,,,,,,,,,,,,,,,,,,,,,,,,,
,,,,,,,,,,,,,,,,,,,,,,,,,,,,,,,,,,,,,,,,,,,,,,,,,,,,,,,,,,,,,,,,,,,,,,,,,,,,,,,,,,,,,,,,,,,,,,,,,,,
,,,,,,,,,,,,,,,,,,,,,,,,,,,,,,,,,,,,,,,,,,,,,,,,,,,,,,,,,,,,,,,,,,,,,,,,,,,,,,,,,,,,,,,,,,,,,,,,,,,
,,,,,,,,,,,,,,,,,,,,,,,,,,,,,,,,,,,,,,,,,,,,,,,,,,,,,,,,,,,,,,,,,,,,,,,,,,,,,,,,,,,,,,,,,,,,,,,,,,,
,,,,,,,,,,,,,,,,,,,,,,,,,,,,,,,,,,,,,,,,,,,,,,,,,,,,,,,,,,,,,,,,,,,,,,,,,,,,,,,,,,,,,,,,,,,,,,,,,,,
,,,,,,,,,,,,,,,,,,,,,,,,,,,,,,,,,,,,,,,,,,,,,,,,,,,,,,,,,,,,,,,,,,,,,,,,,,,,,,,,,,,,,,,,,,,,,,,,,,,
,,,,,,,,,,,,,,,,,,,,,,,,,,,,,,,,,,,,,,,,,,,,,,,,,,,,,,,,,,,,,,,,,,,,,,,,,,,,,,,,,,,,,,,,,,,,,,,,,,,
,,,,,,,,,,,,,,,,,,,,,,,,,,,,,,,,,,,,,,,,,,,,,,,,,,,,,,,,,,,,,,,,,,,,,,,,,,,,,,,,,,,,,,,,,,,,,,,,,,,
,,,,,,,,,,,,,,,,,,,,,,,,,,,,,,,,,,,,,,,,,,,,,,,,,,,,,,,,,,,,,,,,,,,,,,,,,,,,,,,,,,,,,,,,,,,,,,,,,,,
,,,,,,,,,,,,,,,,,,,,,,,,,,,,,,,,,,,,,,,,,,,,,,,,,,,,,,,,,,,,,,,,,,,,,,,,,,,,,,,,,,,,,,,,,,,,,,,,,,,
,,,,,,,,,,,,,,,,,,,,,,,,,,,,,,,,,,,,,,,,,,,,,,,,,,,,,,,,,,,,,,,,,,,,,,,,,,,,,,,,,,,,,,,,,,,,,,,,,,,
,,,,,,,,,,,,,,,,,,,,,,,,,,,,,,,,,,,,,,,,,,,,,,,,,,,,,,,,,,,,,,,,,,,,,,,,,,,,,,,,,,,,,,,,,,,,,,,,,,,
