id,sc2k_type,filename,image,animated,frames,type,subtype,name,description,randomize,density,zone,lot_size,rotate_0,rotate_1,rotate_2,rotate_3,flip_h,flip_alt_tile,slopes,polygon,lines
0,DEFAULT,1256.png,1256,N,0,terrain,terrain,land,land,N,,,1x1,0,0,0,0,N,N,"[0,0,0,0]","[{ x: 0, y: 0 }, { x: 32, y: 16 }, { x: 0, y: 32 }, { x: -32, y: 16 }, { x: 0, y: 0 }]",
1,XBLD,1001.png,1001,N,0,building,rubble,rubble_1,Rubble,Y,,,1x1,1,1,1,1,N,N,,,
2,XBLD,1002.png,1002,N,0,building,rubble,rubble_2,Rubble,Y,,,1x1,2,2,2,2,N,N,,,
3,XBLD,1003.png,1003,N,0,building,rubble,rubble_3,Rubble,Y,,,1x1,3,3,3,3,N,N,,,
4,XBLD,1004.png,1004,N,0,building,rubble,rubble_4,Rubble,Y,,,1x1,4,4,4,4,N,N,,,
5,XBLD,1005.png,1005,Y,24,building,fallout,radioactive,Radioactive waste,N,,,1x1,5,5,5,5,N,N,,,
6,XBLD,1006.png,1006,N,0,building,trees,tree_1,Trees,N,,,1x1,6,6,6,6,N,N,,,
7,XBLD,1007.png,1007,N,0,building,trees,tree_2,Trees,N,,,1x1,7,7,7,7,N,N,,,
8,XBLD,1008.png,1008,N,0,building,trees,tree_3,Trees,N,,,1x1,8,8,8,8,N,N,,,
9,XBLD,1009.png,1009,N,0,building,trees,tree_4,Trees,N,,,1x1,9,9,9,9,N,N,,,
10,XBLD,1010.png,1010,N,0,building,trees,tree_5,Trees,N,,,1x1,10,10,10,10,N,N,,,
11,XBLD,1011.png,1011,N,0,building,trees,tree_6,Trees,N,,,1x1,11,11,11,11,N,N,,,
12,XBLD,1012.png,1012,N,0,building,trees,tree_7,Trees,N,,,1x1,12,12,12,12,N,N,,,
13,XBLD,1013.png,1013,N,0,building,recreation,small_park,Small park,N,,,1x1,13,13,13,13,N,N,,,
14,XBLD,1014.png,1014,N,0,powerline,powerline,powerline_1,Power lines,N,,,1x1,15,14,15,14,N,N,,,
15,XBLD,1015.png,1015,N,0,powerline,powerline,powerline_2,Power lines,N,,,1x1,14,15,14,15,N,N,,,
16,XBLD,1016.png,1016,N,0,powerline,powerline,powerline_3,Power lines,N,,,1x1,19,16,17,18,N,N,"[1,0,0,1]",,
17,XBLD,1017.png,1017,N,0,powerline,powerline,powerline_4,Power lines,N,,,1x1,16,17,18,19,N,N,"[1,1,0,0]",,
18,XBLD,1018.png,1018,N,0,powerline,powerline,powerline_5,Power lines,N,,,1x1,17,18,19,16,N,N,"[0,1,1,0]",,
19,XBLD,1019.png,1019,N,0,powerline,powerline,powerline_6,Power lines,N,,,1x1,18,19,16,17,N,N,"[0,0,1,1]",,
20,XBLD,1020.png,1020,N,0,powerline,powerline,powerline_7,Power lines,N,,,1x1,23,20,21,22,N,N,,,
21,XBLD,1021.png,1021,N,0,powerline,powerline,powerline_8,Power lines,N,,,1x1,20,21,22,23,N,N,,,
22,XBLD,1022.png,1022,N,0,powerline,powerline,powerline_9,Power lines,N,,,1x1,21,22,23,20,N,N,,,
23,XBLD,1023.png,1023,N,0,powerline,powerline,powerline_10,Power lines,N,,,1x1,22,23,20,21,N,N,,,
24,XBLD,1024.png,1024,N,0,powerline,powerline,powerline_11,Power lines,N,,,1x1,27,24,25,26,N,N,,,
25,XBLD,1025.png,1025,N,0,powerline,powerline,powerline_12,Power lines,N,,,1x1,24,25,26,27,N,N,,,
26,XBLD,1026.png,1026,N,0,powerline,powerline,powerline_13,Power lines,N,,,1x1,25,26,27,24,N,N,,,
27,XBLD,1027.png,1027,N,0,powerline,powerline,powerline_14,Power lines,N,,,1x1,26,27,24,25,N,N,,,
28,XBLD,1028.png,1028,N,0,powerline,powerline,powerline_15,Power lines,N,,,1x1,28,28,28,28,N,N,,,
29,XBLD,1029.png,1029,N,0,road,road,road_1,Road,N,,,1x1,30,29,30,29,N,N,,,
30,XBLD,1030.png,1030,N,0,road,road,road_2,Road,N,,,1x1,29,30,29,30,N,N,,,
31,XBLD,1031.png,1031,N,0,road,road,road_3,Road,N,,,1x1,34,31,32,33,N,N,"[1,0,0,1]",,
32,XBLD,1032.png,1032,N,0,road,road,road_4,Road,N,,,1x1,31,32,33,34,N,N,"[1,1,0,0]",,
33,XBLD,1033.png,1033,N,0,road,road,road_5,Road,N,,,1x1,32,33,34,31,N,N,"[0,1,1,0]",,
34,XBLD,1034.png,1034,N,0,road,road,road_6,Road,N,,,1x1,33,34,31,32,N,N,"[0,0,1,1]",,
35,XBLD,1035.png,1035,N,0,road,road,road_7,Road,N,,,1x1,38,35,36,37,N,N,,,
36,XBLD,1036.png,1036,N,0,road,road,road_8,Road,N,,,1x1,35,36,37,38,N,N,,,
37,XBLD,1037.png,1037,N,0,road,road,road_9,Road,N,,,1x1,36,37,38,35,N,N,,,
38,XBLD,1038.png,1038,N,0,road,road,road_10,Road,N,,,1x1,37,38,35,36,N,N,,,
39,XBLD,1039.png,1039,N,0,road,road,road_11,Road,N,,,1x1,42,39,40,41,N,N,,,
40,XBLD,1040.png,1040,N,0,road,road,road_12,Road,N,,,1x1,39,40,41,42,N,N,,,
41,XBLD,1041.png,1041,N,0,road,road,road_13,Road,N,,,1x1,40,41,42,39,N,N,,,
42,XBLD,1042.png,1042,N,0,road,road,road_14,Road,N,,,1x1,41,42,39,40,N,N,,,
43,XBLD,1043.png,1043,Y,24,road,road,road_15,Road,N,,,1x1,43,43,43,43,N,N,,,
44,XBLD,1044.png,1044,N,0,rail,rail,rail_1,Rails,N,,,1x1,45,44,45,44,N,N,,,
45,XBLD,1045.png,1045,N,0,rail,rail,rail_2,Rails,N,,,1x1,44,45,44,45,N,N,,,
46,XBLD,1046.png,1046,N,0,rail,rail,rail_3,Rails,N,,,1x1,46,47,48,49,N,N,"[1,0,0,1]",,
47,XBLD,1047.png,1047,N,0,rail,rail,rail_4,Rails,N,,,1x1,47,48,49,46,N,N,"[1,1,0,0]",,
48,XBLD,1048.png,1048,N,0,rail,rail,rail_5,Rails,N,,,1x1,48,49,46,47,N,N,"[0,1,1,0]",,
49,XBLD,1049.png,1049,N,0,rail,rail,rail_6,Rails,N,,,1x1,49,46,47,48,N,N,"[0,0,1,1]",,
50,XBLD,1050.png,1050,N,0,rail,rail,rail_7,Rails,N,,,1x1,53,50,51,52,N,N,,,
51,XBLD,1051.png,1051,N,0,rail,rail,rail_8,Rails,N,,,1x1,50,51,52,53,N,N,,,
52,XBLD,1052.png,1052,N,0,rail,rail,rail_9,Rails,N,,,1x1,51,52,53,50,N,N,,,
53,XBLD,1053.png,1053,N,0,rail,rail,rail_10,Rails,N,,,1x1,52,53,50,51,N,N,,,
54,XBLD,1054.png,1054,N,0,rail,rail,rail_11,Rails,N,,,1x1,57,54,55,56,N,N,"[1,0,0,1]",,
55,XBLD,1055.png,1055,N,0,rail,rail,rail_12,Rails,N,,,1x1,54,55,56,57,N,N,"[1,1,0,0]",,
56,XBLD,1056.png,1056,N,0,rail,rail,rail_13,Rails,N,,,1x1,55,56,57,54,N,N,"[0,1,1,0]",,
57,XBLD,1057.png,1057,N,0,rail,rail,rail_14,Rails,N,,,1x1,56,57,54,55,N,N,"[0,0,1,1]",,
58,XBLD,1058.png,1058,N,0,rail,rail,rail_15,Rails,N,,,1x1,58,58,58,58,N,N,,,
59,XBLD,1059.png,1059,N,0,rail,rail,rail_16,Rails,N,,,1x1,60,59,60,59,N,N,,,
60,XBLD,1060.png,1060,N,0,rail,rail,rail_17,Rails,N,,,1x1,59,60,59,60,N,N,,,
61,XBLD,1061.png,1061,N,0,rail,rail,rail_18,Rails,N,,,1x1,62,61,62,61,N,N,,,
62,XBLD,1062.png,1062,N,0,rail,rail,rail_19,Rails,N,,,1x1,61,62,61,62,N,N,,,
63,XBLD,1063.png,1063,N,0,tunnel,tunnel,tunnel_1,Tunnel entrance,N,,,1x1,63,64,65,66,N,N,,,
64,XBLD,1064.png,1064,N,0,tunnel,tunnel,tunnel_2,Tunnel entrance,N,,,1x1,64,65,66,63,N,N,,,
65,XBLD,1065.png,1065,N,0,tunnel,tunnel,tunnel_3,Tunnel entrance,N,,,1x1,65,66,63,64,N,N,,,
66,XBLD,1066.png,1066,N,0,tunnel,tunnel,tunnel_4,Tunnel entrance,N,,,1x1,66,63,64,65,N,N,,,
67,XBLD,1067.png,1067,N,0,road,powerline,road_powerline_1,Road / power lines,N,,,1x1,68,67,68,67,N,N,,,
68,XBLD,1068.png,1068,N,0,road,powerline,road_powerline_2,Road / power lines,N,,,1x1,67,68,67,68,N,N,,,
69,XBLD,1069.png,1069,N,0,road,rail,road_rail_1,Road / rails,N,,,1x1,70,69,70,69,N,N,,,
70,XBLD,1070.png,1070,N,0,road,rail,road_rail_2,Road / rails,N,,,1x1,69,70,69,70,N,N,,,
71,XBLD,1071.png,1071,N,0,rail,powerline,rail_powerline_1,Rails / power lines,N,,,1x1,72,71,72,71,N,N,,,
72,XBLD,1072.png,1072,N,0,rail,powerline,rail_powerline_2,Rails / power lines,N,,,1x1,71,72,71,72,N,N,,,
73,XBLD,1073.png,1073,N,0,road,,road_bridge_1,Highway,N,,,1x1,74,73,74,73,N,N,,,
74,XBLD,1074.png,1074,N,0,road,,road_bridge_2,Highway,N,,,1x1,73,74,73,74,N,N,,,
75,XBLD,1075.png,1075,N,0,road,,road_bridge_road_1,Highway / road,N,,,1x1,76,75,76,75,N,N,,,
76,XBLD,1076.png,1076,N,0,road,,road_bridge_road_2,Highway / road,N,,,1x1,75,76,75,76,N,N,,,
77,XBLD,1077.png,1077,N,0,road,,road_bridge_rail_1,Highway / rails,N,,,1x1,78,77,78,77,N,N,,,
78,XBLD,1078.png,1078,N,0,road,,road_bridge_rail_2,Highway / rails,N,,,1x1,77,78,77,78,N,N,,,
79,XBLD,1079.png,1079,N,0,road,,road_bridge_power_1,Highway / power lines,N,,,1x1,80,79,80,79,N,N,,,
80,XBLD,1080.png,1080,N,0,road,,road_bridge_power_2,Highway / power lines,N,,,1x1,79,80,79,80,N,N,,,
81,XBLD,1081.png,1081,N,0,road,,suspension_bridge_1,Suspension bridge,N,,,1x1,85,81,85,81,Y,Y,,,
82,XBLD,1082.png,1082,N,0,road,,suspension_bridge_2,Suspension bridge,N,,,1x1,84,82,84,82,Y,Y,,,
83,XBLD,1083.png,1083,Y,24,road,,suspension_bridge_3,Suspension bridge,N,,,1x1,83,83,83,83,Y,N,,,
84,XBLD,1084.png,1084,N,0,road,,suspension_bridge_4,Suspension bridge,N,,,1x1,82,84,82,84,Y,Y,,,
85,XBLD,1085.png,1085,N,0,road,,suspension_bridge_5,Suspension bridge,N,,,1x1,81,85,81,85,Y,Y,,,
86,XBLD,1086.png,1086,N,0,road,,road_causeway_support,Road bridge,N,,,1x1,86,86,86,86,Y,N,,,
87,XBLD,1087.png,1087,Y,24,road,,road_causeway_pillar,Road bridge,N,,,1x1,87,87,87,87,Y,N,,,
88,XBLD,1088.png,1088,N,0,road,,road_causeway_bridge_low,Road bridge,N,,,1x1,88,88,88,88,Y,N,,,
89,XBLD,1089.png,1089,N,0,road,,road_causeway_bridge_high,Road bridge,N,,,1x1,89,89,89,89,Y,N,,,
90,XBLD,1090.png,1090,Y,24,rail,,rail_bridge_support,Rail bridge,N,,,1x1,90,90,90,90,Y,N,,,
91,XBLD,1091.png,1091,N,0,rail,,rail_bridge,Rail bridge,N,,,1x1,91,91,91,91,Y,N,,,
92,XBLD,1092.png,1092,Y,7,powerline,,powerline_bridge,Elevated power lines,N,,,1x1,92,92,92,92,Y,N,,,
93,XBLD,1093.png,1093,N,0,highway,,highway_ramp_1,Onramp,N,,,1x1,93,94,95,96,N,N,,,
94,XBLD,1094.png,1094,N,0,highway,,highway_ramp_2,Onramp,N,,,1x1,94,95,96,93,N,N,,,
95,XBLD,1095.png,1095,N,0,highway,,highway_ramp_3,Onramp,N,,,1x1,95,96,93,94,N,N,,,
96,XBLD,1096.png,1096,N,0,highway,,highway_ramp_4,Onramp,N,,,1x1,96,93,94,95,N,N,,,
97,XBLD,1097.png,1097,N,0,highway,,highway_1,Highway,N,,,2x2,97,98,99,100,N,N,,,
98,XBLD,1098.png,1098,N,0,highway,,highway_2,Highway,N,,,2x2,98,99,100,97,N,N,,,
99,XBLD,1099.png,1099,N,0,highway,,highway_3,Highway,N,,,2x2,99,100,97,98,N,N,,,
100,XBLD,1100.png,1100,N,0,highway,,highway_4,Highway,N,,,2x2,100,97,98,99,N,N,,,
101,XBLD,1101.png,1101,N,0,highway,,highway_5,Highway,N,,,2x2,104,101,102,103,N,N,,,
102,XBLD,1102.png,1102,N,0,highway,,highway_6,Highway,N,,,2x2,103,104,101,102,N,N,,,
103,XBLD,1103.png,1103,N,0,highway,,highway_7,Highway,N,,,2x2,102,103,104,101,N,N,,,
104,XBLD,1104.png,1104,N,0,highway,,highway_8,Highway,N,,,2x2,101,102,103,104,N,N,,,
105,XBLD,1105.png,1105,N,0,highway,,highway_9,Cloverleaf intersection,N,,,2x2,105,105,105,105,N,N,,,
106,XBLD,1106.png,1106,N,0,highway,,highway_bridge_1,Highway bridges,N,,,2x2,106,106,106,106,Y,N,,,
107,XBLD,1107.png,1107,N,0,highway,,highway_bridge_2,Highway bridges,N,,,2x2,107,107,107,107,Y,N,,,
108,XBLD,1108.png,1108,Y,13,rail,,subway_transition_1,Subway / rails,N,,,1x1,108,109,110,111,N,N,,,
109,XBLD,1109.png,1109,Y,13,rail,,subway_transition_2,Subway / rails,N,,,1x1,109,110,111,108,N,N,,,
110,XBLD,1110.png,1110,N,0,rail,,subway_transition_3,Subway / rails,N,,,1x1,110,111,108,109,N,N,,,
111,XBLD,1111.png,1111,N,0,rail,,subway_transition_4,Subway / rails,N,,,1x1,111,108,109,110,N,N,,,
112,XBLD,1112.png,1112,N,0,building,,lower_class_homes_1,Lower-class homes,Y,,residential,1x1,112,112,112,112,Y,N,,,
113,XBLD,1113.png,1113,N,0,building,,lower_class_homes_2,Lower-class homes,Y,,residential,1x1,113,113,113,113,Y,N,,,
114,XBLD,1114.png,1114,N,0,building,,lower_class_homes_3,Lower-class homes,Y,,residential,1x1,114,114,114,114,Y,N,,,
115,XBLD,1115.png,1115,N,0,building,,lower_class_homes_4,Lower-class homes,Y,,residential,1x1,115,115,115,115,Y,N,,,
116,XBLD,1116.png,1116,N,0,building,,middle_class_homes_1,Middle-class homes,Y,,residential,1x1,116,116,116,116,Y,N,,,
117,XBLD,1117.png,1117,N,0,building,,middle_class_homes_2,Middle-class homes,Y,,residential,1x1,117,117,117,117,Y,N,,,
118,XBLD,1118.png,1118,N,0,building,,middle_class_homes_3,Middle-class homes,Y,,residential,1x1,118,118,118,118,Y,N,,,
119,XBLD,1119.png,1119,N,0,building,,middle_class_homes_4,Middle-class homes,Y,,residential,1x1,119,119,119,119,Y,N,,,
120,XBLD,1120.png,1120,N,0,building,,upper_class_homes_1,Luxury homes,Y,,residential,1x1,120,120,120,120,Y,N,,,
121,XBLD,1121.png,1121,N,0,building,,upper_class_homes_2,Luxury homes,Y,,residential,1x1,121,121,121,121,Y,N,,,
122,XBLD,1122.png,1122,N,0,building,,upper_class_homes_3,Luxury homes,Y,,residential,1x1,122,122,122,122,Y,N,,,
123,XBLD,1123.png,1123,N,0,building,,upper_class_homes_4,Luxury homes,Y,,residential,1x1,123,123,123,123,Y,N,,,
124,XBLD,1124.png,1124,N,0,building,,gas_station_1,Gas station,Y,,commercial,1x1,124,124,124,124,Y,N,,,
125,XBLD,1125.png,1125,N,0,building,,bed_and_breakfast_inn,Bed & breakfast inn,Y,,commercial,1x1,125,125,125,125,Y,N,,,
126,XBLD,1126.png,1126,N,0,building,,convenience_store,Convenience store,Y,,commercial,1x1,126,126,126,126,Y,N,,,
127,XBLD,1127.png,1127,N,0,building,,gas_station_2,Gas station,Y,,commercial,1x1,127,127,127,127,Y,N,,,
128,XBLD,1128.png,1128,N,0,building,,small_office_building,Small office building,Y,,commercial,1x1,128,128,128,128,Y,N,,,
129,XBLD,1129.png,1129,N,0,building,,office_building,Office building,Y,,commercial,1x1,129,129,129,129,Y,N,,,
130,XBLD,1130.png,1130,N,0,building,,commercial_warehouse,Warehouse,Y,,commercial,1x1,130,130,130,130,Y,N,,,
131,XBLD,1131.png,1131,N,0,building,,cassidys_toystore,Cassidy's Toy Store,Y,,commercial,1x1,131,131,131,131,Y,N,,,
132,XBLD,1132.png,1132,N,0,building,,warehouse_1,Warehouse,Y,,industrial,1x1,132,132,132,132,Y,N,,,
133,XBLD,1133.png,1133,N,0,building,,chemical_storage,Chemical storage,Y,,industrial,1x1,133,133,133,133,Y,N,,,
134,XBLD,1134.png,1134,N,0,building,,warehouse_2,Warehouse,Y,,industrial,1x1,134,134,134,134,Y,N,,,
135,XBLD,1135.png,1135,N,0,building,,industrial_substation,Industrial substation,Y,,industrial,1x1,135,135,135,135,Y,N,,,
136,XBLD,1136.png,1136,N,0,building,,construction_1,Construction,Y,,,1x1,136,136,136,136,Y,N,,,
137,XBLD,1137.png,1137,N,0,building,,construction_2,Construction,Y,,,1x1,137,137,137,137,Y,N,,,
138,XBLD,1138.png,1138,N,0,building,,abandoned_1,Abandoned building,Y,,,1x1,138,138,138,138,Y,N,,,
139,XBLD,1139.png,1139,N,0,building,,abandoned_2,Abandoned building,Y,,,1x1,139,139,139,139,Y,N,,,
140,XBLD,1140.png,1140,N,0,building,,cheap_apartments,Cheap apartments,Y,,residential,2x2,140,140,140,140,Y,N,,,
141,XBLD,1141.png,1141,N,0,building,,apartments_1,Apartments,Y,,residential,2x2,141,141,141,141,Y,N,,,
142,XBLD,1142.png,1142,N,0,building,,apartments_2,Apartments,Y,,residential,2x2,142,142,142,142,Y,N,,,
143,XBLD,1143.png,1143,N,0,building,,nice_apartments_1,Nice apartments,Y,,residential,2x2,143,143,143,143,Y,N,,,
144,XBLD,1144.png,1144,N,0,building,,nice_apartments_2,Nice apartments,Y,,residential,2x2,144,144,144,144,Y,N,,,
145,XBLD,1145.png,1145,N,0,building,,condos_1,Condominium,Y,,residential,2x2,145,145,145,145,Y,N,,,
146,XBLD,1146.png,1146,N,0,building,,condos_2,Condominium,Y,,residential,2x2,146,146,146,146,Y,N,,,
147,XBLD,1147.png,1147,N,0,building,,condos_3,Condominium,Y,,residential,2x2,147,147,147,147,Y,N,,,
148,XBLD,1148.png,1148,N,0,building,,shopping_center,Shopping center,Y,,commercial,2x2,148,148,148,148,Y,N,,,
149,XBLD,1149.png,1149,N,0,building,,grocery_store,Grocery store,Y,,commercial,2x2,149,149,149,149,Y,N,,,
150,XBLD,1150.png,1150,N,0,building,,office_building_1,Office building,Y,,commercial,2x2,150,150,150,150,Y,N,,,
151,XBLD,1151.png,1151,N,0,building,,resort_hotel,Resort hotel,Y,,commercial,2x2,151,151,151,151,Y,N,,,
152,XBLD,1152.png,1152,N,0,building,,office_building_2,Office building,Y,,commercial,2x2,152,152,152,152,Y,N,,,
153,XBLD,1153.png,1153,N,0,building,,office_and_retail,Office / Retail,Y,,commercial,2x2,153,153,153,153,Y,N,,,
154,XBLD,1154.png,1154,N,0,building,,office_building_3,Office building,Y,,commercial,2x2,154,154,154,154,Y,N,,,
155,XBLD,1155.png,1155,N,0,building,,office_building_4,Office building,Y,,commercial,2x2,155,155,155,155,Y,N,,,
156,XBLD,1156.png,1156,N,0,building,,office_building_5,Office building,Y,,commercial,2x2,156,156,156,156,Y,N,,,
157,XBLD,1157.png,1157,N,0,building,,office_building_6,Office building,Y,,commercial,2x2,157,157,157,157,Y,N,,,
158,XBLD,1158.png,1158,N,0,building,,warehouse_3,Warehouse,Y,,industrial,2x2,158,158,158,158,Y,N,,,
159,XBLD,1159.png,1159,N,0,building,,chemical_processing,Chemical processing,Y,,industrial,2x2,159,159,159,159,Y,N,,,
160,XBLD,1160.png,1160,Y,24,building,,factory_1,Factory,Y,,industrial,2x2,160,160,160,160,Y,N,,,
161,XBLD,1161.png,1161,N,0,building,,factory_2,Factory,Y,,industrial,2x2,161,161,161,161,Y,N,,,
162,XBLD,1162.png,1162,Y,24,building,,factory_3,Factory,Y,,industrial,2x2,162,162,162,162,Y,N,,,
163,XBLD,1163.png,1163,Y,24,building,,factory_4,Factory,Y,,industrial,2x2,163,163,163,163,Y,N,,,
164,XBLD,1164.png,1164,Y,24,building,,factory_5,Factory,Y,,industrial,2x2,164,164,164,164,Y,N,,,
165,XBLD,1165.png,1165,Y,24,building,,factory_6,Factory,Y,,industrial,2x2,165,165,165,165,Y,N,,,
166,XBLD,1166.png,1166,N,0,building,,construction_1,Construction,Y,,,2x2,166,166,166,166,Y,N,,,
167,XBLD,1167.png,1167,N,0,building,,construction_2,Construction,Y,,,2x2,167,167,167,167,Y,N,,,
168,XBLD,1168.png,1168,N,0,building,,construction_3,Construction,Y,,,2x2,168,168,168,168,Y,N,,,
169,XBLD,1169.png,1169,N,0,building,,construction_4,Construction,Y,,,2x2,169,169,169,169,Y,N,,,
170,XBLD,1170.png,1170,N,0,building,,abandoned_1,Abandoned building,Y,,,2x2,170,170,170,170,Y,N,,,
171,XBLD,1171.png,1171,N,0,building,,abandoned_2,Abandoned building,Y,,,2x2,171,171,171,171,Y,N,,,
172,XBLD,1172.png,1172,N,0,building,,abandoned_3,Abandoned building,Y,,,2x2,172,172,172,172,Y,N,,,
173,XBLD,1173.png,1173,N,0,building,,abandoned_4,Abandoned building,Y,,,2x2,173,173,173,173,Y,N,,,
174,XBLD,1174.png,1174,N,0,building,,large_apartments_1,Large apartment building,Y,,residential,3x3,174,174,174,174,Y,N,,,
175,XBLD,1175.png,1175,N,0,building,,large_apartments_2,Large apartment building,Y,,residential,3x3,175,175,175,175,Y,N,,,
176,XBLD,1176.png,1176,N,0,building,,large_condo_1,Condominium,Y,,residential,3x3,176,176,176,176,Y,N,,,
177,XBLD,1177.png,1177,N,0,building,,large_condo_2,Condominium,Y,,residential,3x3,177,177,177,177,Y,N,,,
178,XBLD,1178.png,1178,Y,7,building,,office_park,Office park,Y,,commercial,3x3,178,178,178,178,Y,N,,,
179,XBLD,1179.png,1179,N,0,building,,office_tower,Office tower,Y,,commercial,3x3,179,179,179,179,Y,N,,,
180,XBLD,1180.png,1180,Y,7,building,,mini_mall,Mini-mall,Y,,commercial,3x3,180,180,180,180,Y,N,,,
181,XBLD,1181.png,1181,Y,24,building,,theater_square,Theater square,Y,,commercial,3x3,181,181,181,181,Y,N,,,
182,XBLD,1182.png,1182,Y,12,building,,drive_in_theater,Drive-in theater,Y,,commercial,3x3,182,182,182,182,Y,N,,,
183,XBLD,1183.png,1183,N,0,building,,office_tower_1,Office tower,Y,,commercial,3x3,183,183,183,183,Y,N,,,
184,XBLD,1184.png,1184,N,0,building,,office_tower_2,Office tower,Y,,commercial,3x3,184,184,184,184,Y,N,,,
185,XBLD,1185.png,1185,N,0,building,,parking_garage,Parking lot,Y,,commercial,3x3,185,185,185,185,Y,N,,,
186,XBLD,1186.png,1186,N,0,building,,historic_office_building,Historic office building,Y,,commercial,3x3,186,186,186,186,Y,N,,,
187,XBLD,1187.png,1187,N,0,building,,corporate_hq,Corporate headquarters,Y,,commercial,3x3,187,187,187,187,Y,N,,,
188,XBLD,1188.png,1188,N,0,building,,chemical_processing,Chemical processing,Y,,industrial,3x3,188,188,188,188,Y,N,,,
189,XBLD,1189.png,1189,Y,24,building,,large_factory,Large factory,Y,,industrial,3x3,189,189,189,189,Y,N,,,
190,XBLD,1190.png,1190,N,0,building,,industrial_thingamajig,Industrial thingamajig,Y,,industrial,3x3,190,190,190,190,Y,N,,,
191,XBLD,1191.png,1191,Y,24,building,,factory,Factory,Y,,industrial,3x3,191,191,191,191,Y,N,,,
192,XBLD,1192.png,1192,N,0,building,,large_warehouse,Large warehouse,Y,,industrial,3x3,192,192,192,192,Y,N,,,
193,XBLD,1193.png,1193,N,0,building,,warehouse,Warehouse,Y,,industrial,3x3,193,193,193,193,Y,N,,,
194,XBLD,1194.png,1194,N,0,building,,construction_1,Construction,Y,,,3x3,194,194,194,194,Y,N,,,
195,XBLD,1195.png,1195,N,0,building,,construction_2,Construction,Y,,,3x3,195,195,195,195,Y,N,,,
196,XBLD,1196.png,1196,N,0,building,,abandoned_1,Abandoned building,Y,,,3x3,196,196,196,196,Y,N,,,
197,XBLD,1197.png,1197,N,0,building,,abandoned_2,Abandoned building,Y,,,3x3,197,197,197,197,Y,N,,,
198,XBLD,1198.png,1198,N,0,building,power_plant,hydro_1,Hydroelectric power,N,,,1x1,198,198,198,198,Y,N,,,
199,XBLD,1199.png,1199,N,0,building,power_plant,hydro_2,Hydroelectric power,N,,,1x1,199,199,199,199,Y,N,,,
200,XBLD,1200.png,1200,Y,24,building,power_plant,wind,Wind power,N,,,1x1,200,200,200,200,Y,N,,,
201,XBLD,1201.png,1201,Y,24,building,power_plant,gas,Natural gas power plant,N,,,4x4,201,201,201,201,Y,N,,,
202,XBLD,1202.png,1202,Y,24,building,power_plant,oil,Oil power plant,N,,,4x4,202,202,202,202,Y,N,,,
203,XBLD,1203.png,1203,N,0,building,power_plant,nuclear,Nuclear power plant,N,,,4x4,203,203,203,203,Y,N,,,
204,XBLD,1204.png,1204,N,0,building,power_plant,solar,Solar power plant,N,,,4x4,204,204,204,204,Y,N,,,
205,XBLD,1205.png,1205,N,0,building,power_plant,microwave,Microwave power receiver,N,,,4x4,205,205,205,205,Y,N,,,
206,XBLD,1206.png,1206,N,0,building,power_plant,fusion,Fusion power plant,N,,,4x4,206,206,206,206,Y,N,,,
207,XBLD,1207.png,1207,Y,24,building,power_plant,coal,Coal power plant,N,,,4x4,207,207,207,207,Y,N,,,
208,XBLD,1208.png,1208,N,0,building,pulbic_service,city_hall,City hall,N,,,3x3,208,208,208,208,Y,N,,,
209,XBLD,1209.png,1209,N,0,building,pulbic_service,hospital,Hospital,N,,,3x3,209,209,209,209,Y,N,,,
210,XBLD,1210.png,1210,N,0,building,pulbic_service,police_station,Police station,N,,,3x3,210,210,210,210,Y,N,,,
211,XBLD,1211.png,1211,N,0,building,pulbic_service,fire_station,Fire station,N,,,3x3,211,211,211,211,Y,N,,,
212,XBLD,1212.png,1212,N,0,building,education,museum,Museum,N,,,3x3,212,212,212,212,Y,N,,,
213,XBLD,1213.png,1213,Y,13,building,recreation,large_park,Park (big),N,,,3x3,213,213,213,213,Y,N,,,
214,XBLD,1214.png,1214,N,0,building,education,grade_school,School,N,,,3x3,214,214,214,214,Y,N,,,
215,XBLD,1215.png,1215,N,0,building,recreation,stadium,Stadium,N,,,4x4,215,215,215,215,Y,N,,,
216,XBLD,1216.png,1216,N,0,building,pulbic_service,prison,Prison,N,,,4x4,216,216,216,216,Y,N,,,
217,XBLD,1217.png,1217,N,0,building,education,college,College,N,,,4x4,217,217,217,217,Y,N,,,
218,XBLD,1218.png,1218,Y,7,building,recreation,zoo,Zoo,N,,,4x4,218,218,218,218,Y,N,,,
219,XBLD,1219.png,1219,N,0,building,,statue,Statue,N,,,1x1,219,219,219,219,Y,N,,,
220,XBLD,1220.png,1220,Y,24,building,water_utility,water_pump,Water pump,N,,,1x1,220,220,220,220,Y,N,,,
221,XBLD,1221.png,1221,Y,24,building,,runway_1,Runway,,,airport,1x1,221,221,221,221,Y,N,,,
222,XBLD,1222.png,1222,Y,18,building,,runway_2,Runway,,,airport,1x1,222,222,222,222,Y,N,,,
223,XBLD,1223.png,1223,N,0,building,,pier,Pier,,,seaport,1x1,223,223,223,223,Y,N,,,
224,XBLD,1224.png,1224,N,0,building,,crane,Crane,,,seaport,1x1,224,224,224,224,Y,N,,,
225,XBLD,1225.png,1225,Y,13,building,,control_tower,Control tower,,,airport,1x1,225,225,225,225,Y,N,,,
226,XBLD,1226.png,1226,Y,13,building,,control_tower_mil,Control tower,,,military,1x1,226,226,226,226,Y,N,,,
227,XBLD,1227.png,1227,N,0,building,,warehouse,Seaport warehouse,,,seaport,1x1,227,227,227,227,Y,N,,,
228,XBLD,1228.png,1228,N,0,building,,building_1,Airport building,,,airport,1x1,228,228,228,228,Y,N,,,
229,XBLD,1229.png,1229,N,0,building,,building_2,Airport building,,,airport,1x1,229,229,229,229,Y,N,,,
230,XBLD,1230.png,1230,N,0,building,,tarmac,Tarmac,,,airport,1x1,230,230,230,230,Y,N,,,
231,XBLD,1231.png,1231,N,0,building,,fighter_jet,F-15b,,,military,1x1,231,231,231,231,Y,N,,,
232,XBLD,1232.png,1232,N,0,building,,hangar,Hangar,,,military,1x1,232,232,232,232,Y,N,,,
233,XBLD,1233.png,1233,N,0,building,,subway_station,Subway station,,,,1x1,233,233,233,233,Y,N,,,
234,XBLD,1234.png,1234,Y,13,building,,radar,Radar,,,military,1x1,234,234,234,234,Y,N,,,
235,XBLD,1235.png,1235,N,0,building,water_utility,water_tower,Water tower,,,,2x2,235,235,235,235,Y,N,,,
236,XBLD,1236.png,1236,N,0,building,,bus_station,Bus station,,,,2x2,236,236,236,236,Y,N,,,
237,XBLD,1237.png,1237,N,0,building,,rail_depot,Rail station,,,,2x2,237,237,237,237,Y,N,,,
238,XBLD,1238.png,1238,N,0,building,,parking_lot,Parking lot,,,,2x2,238,238,238,238,Y,N,,,
239,XBLD,1239.png,1239,N,0,building,,storage_lot,Parking lot,,,military,2x2,239,239,239,239,Y,N,,,
240,XBLD,1240.png,1240,N,0,building,,loading_bay,Loading bay,,,,2x2,240,240,240,240,Y,N,,,
241,XBLD,1241.png,1241,N,0,building,,top_secret,Top secret,,,,2x2,241,241,241,241,Y,N,,,
242,XBLD,1242.png,1242,N,0,building,,cargo_yard,Cargo yard,,,,2x2,242,242,242,242,Y,N,,,
243,XBLD,1243.png,1243,N,0,building,,mayors_house,Mayor's house,,,,2x2,243,243,243,243,Y,N,,,
244,XBLD,1244.png,1244,N,0,building,water_utility,water_treatment_plant,Water treatment plant,,,,2x2,244,244,244,244,Y,N,,,
245,XBLD,1245.png,1245,N,0,building,education,library,Library,,,,2x2,245,245,245,245,Y,N,,,
246,XBLD,1246.png,1246,N,0,building,,hangar,Hangar,,,airport,2x2,246,246,246,246,Y,N,,,
247,XBLD,1247.png,1247,N,0,building,,church,Church,,,,2x2,247,247,247,247,Y,N,,,
248,XBLD,1248.png,1248,N,0,building,,marina,Marina,,,,3x3,248,248,248,248,Y,N,,,
249,XBLD,1249.png,1249,N,0,building,,missile_silo,Missile silo,,,military,3x3,249,249,249,249,Y,N,,,
250,XBLD,1250.png,1250,Y,24,building,water_utility,desalination_plant,Desalination plant,,,,3x3,250,250,250,250,Y,N,,,
251,XBLD,1251.png,1251,Y,24,building,arcology,arco_plymouth,Plymouth arcology,,,,4x4,251,251,251,251,Y,N,,,
252,XBLD,1252.png,1252,Y,24,building,arcology,arco_forest,Forest arcology,,,,4x4,252,252,252,252,Y,N,,,
253,XBLD,1253.png,1253,Y,24,building,arcology,arco_darco,Darco arcology,,,,4x4,253,253,253,253,Y,N,,,
254,XBLD,1254.png,1254,Y,24,building,arcology,archo_launch,Launch arcology,,,,4x4,254,254,254,254,Y,N,,,
255,XBLD,1255.png,1255,Y,24,building,,braun_llama_dome,Braun Llama-dome,,,,4x4,255,255,255,255,Y,N,,,
256,XTER,1256.png,1256,N,0,terrain,,land,,,,,1x1,256,256,256,256,N,N,"[0,0,0,0]","[{ x: 0, y: 0 }, { x: 32, y: 16 }, { x: 0, y: 32 }, { x: -32, y: 16 }, { x: 0, y: 0 }]",
257,XTER,1257.png,1257,N,0,terrain,,land,,,,,1x1,257,258,259,260,N,N,"[1,0,0,1]","[{ x: 0, y: 0 },{ x: 32, y: 16+24 },{ x: 0, y: 32+24 },{ x: -32, y: 16 },{ x: 0, y: 0 }]",
258,XTER,1258.png,1258,N,0,terrain,,land,,,,,1x1,258,259,260,257,N,N,"[1,1,0,0]","[{ x: 0, y: 0 },{ x: 32, y: 16 },{ x: 0, y: 32+24 },{ x: -32, y: 16+24 },{ x: 0, y: 0 }]",
259,XTER,1259.png,1259,N,0,terrain,,land,,,,,1x1,259,260,257,258,N,N,"[0,1,1,0]","[{ x: 0, y: 0+24 },{ x: 32, y: 16 },{ x: 0, y: 32 },{ x: -32, y: 16+24 },{ x: 0, y: 0+24 }]",
260,XTER,1260.png,1260,N,0,terrain,,land,,,,,1x1,260,257,258,259,N,N,"[0,0,1,1]","[{ x: 0, y: 0+24 },{ x: 32, y: 16+24 },{ x: 0, y: 32 },{ x: -32, y: 16 },{ x: 0, y: 0+24 }]",
261,XTER,1261.png,1261,N,0,terrain,,land,,,,,1x1,261,262,263,264,N,N,"[1,1,0,1]","[{ x: 0, y: 0 },{ x: 32, y: 16 },{ x: 0, y: 32+24 },{ x: -32, y: 16 },{ x: 0, y: 0 }]","[{ x1: -32, y1: 16, x2: 32, y2: 16 }]"
262,XTER,1262.png,1262,N,0,terrain,,land,,,,,1x1,262,263,264,261,N,N,"[1,1,1,0]","[{ x: 0, y: 0 },{ x: 32, y: 16 },{ x: 0, y: 32 },{ x: -32, y: 16+24 },{ x: 0, y: 0 }]","[{ x1: 0, y1: 0, x2: 0, y2: 32 }]"
263,XTER,1263.png,1263,N,0,terrain,,land,,,,,1x1,263,264,261,262,N,N,"[0,1,1,1]","[{ x: 0, y: 16 }, { x: 32, y: 16 }, { x: 0, y: 32 }, { x: -32, y: 16 }, { x: 0, y: 16 }]","[{ x1: -32, y1: 16, x2: 32, y2: 16 }]"
264,XTER,1264.png,1264,N,0,terrain,,land,,,,,1x1,264,261,262,263,N,N,"[1,0,1,1]","[{ x: 0, y: 0 },{ x: 32, y: 16+24 },{ x: 0, y: 32 },{ x: -32, y: 16 },{ x: 0, y: 0 }]","[{ x1: 0, y1: 0, x2: 0, y2: 32 }]"
265,XTER,1265.png,1265,N,0,terrain,,land,,,,,1x1,265,266,267,268,N,N,"[1,0,0,0]","[{ x: 0, y: 0 },{ x: 32, y: 16+24 },{ x: 0, y: 32+24 },{ x: -32, y: 16+24 },{ x: 0, y: 0 }]","[{ x1: -32, y1: 16+24, x2: 32, y2: 16+24 }]"
266,XTER,1266.png,1266,N,0,terrain,,land,,,,,1x1,266,267,268,265,N,N,"[0,1,0,0]","[{ x: 0, y: 0+24 },{ x: 32, y: 16 },{ x: 0, y: 32+24 },{ x: -32, y: 16+24 },{ x: 0, y: 0+24 }]","[{ x1: 0, y1: 0+24, x2: 0, y2: 32+24 }]"
267,XTER,1267.png,1267,N,0,terrain,,land,,,,,1x1,267,268,265,266,N,N,"[0,0,1,0]","[{ x: 0, y: 0+24 },{ x: 32, y: 16+24 },{ x: 0, y: 32 },{ x: -32, y: 16+24 },{ x: 0, y: 0+24 }]",
268,XTER,1268.png,1268,N,0,terrain,,land,,,,,1x1,268,265,266,267,N,N,"[0,0,0,1]","[{ x: 0, y: 0+24 },{ x: 32, y: 16+24 },{ x: 0, y: 32+24 },{ x: -32, y: 16 },{ x: 0, y: 0+24 }]","[{ x1: 0, y1: 0+24, x2: 0, y2: 32+24 }]"
269,XTER,1269.png,1269,N,0,terrain,,rock,,,,,1x1,269,269,269,269,N,N,"[1,1,1,1]","[{ x: 0, y: 0 }, { x: 32, y: 16 }, { x: 0, y: 32 }, { x: -32, y: 16 }, { x: 0, y: 0 }]",
270,XTER,1270.png,1270,Y,24,terrain,,water_tile_1,,,,,1x1,270,270,270,270,N,N,"[0,0,0,0]",,
271,XTER,1271.png,1271,Y,24,terrain,,water_tile_2,,,,,1x1,271,272,273,274,N,N,"[0,0,0,0]",,
272,XTER,1272.png,1272,Y,24,terrain,,water_tile_3,,,,,1x1,272,273,274,271,N,N,"[0,0,0,0]",,
273,XTER,1273.png,1273,Y,24,terrain,,water_tile_4,,,,,1x1,273,274,271,272,N,N,"[0,0,0,0]",,
274,XTER,1274.png,1274,Y,24,terrain,,water_tile_5,,,,,1x1,274,271,272,273,N,N,"[0,0,0,0]",,
275,XTER,1275.png,1275,Y,24,terrain,,water_tile_6,,,,,1x1,275,276,277,278,N,N,"[0,0,0,0]",,
276,XTER,1276.png,1276,Y,24,terrain,,water_tile_7,,,,,1x1,276,277,278,275,N,N,"[0,0,0,0]",,
277,XTER,1277.png,1277,Y,24,terrain,,water_tile_8,,,,,1x1,277,278,275,276,N,N,"[0,0,0,0]",,
278,XTER,1278.png,1278,Y,24,terrain,,water_tile_9,,,,,1x1,278,275,276,277,N,N,"[0,0,0,0]",,
279,XTER,1279.png,1279,Y,24,terrain,,water_tile_10,,,,,1x1,279,280,281,282,N,N,"[0,0,0,0]",,
280,XTER,1280.png,1280,Y,24,terrain,,water_tile_11,,,,,1x1,280,281,282,279,N,N,"[0,0,0,0]",,
281,XTER,1281.png,1281,Y,24,terrain,,water_tile_12,,,,,1x1,281,282,279,280,N,N,"[0,0,0,0]",,
282,XTER,1282.png,1282,Y,24,terrain,,water_tile_13,,,,,1x1,282,279,280,281,N,N,"[0,0,0,0]",,
283,XTER,1283.png,1283,Y,24,terrain,,water_tile_14,,,,,1x1,283,283,283,283,N,N,"[0,0,0,0]",,
284,XTER,1284.png,1284,Y,24,terrain,,waterfall,,,,,1x1,284,284,284,284,N,N,"[1,1,1,1]",,
285,XTER,1285.png,1285,Y,24,terrain,,water_tile_15,,,,,1x1,286,285,286,285,N,N,"[0,0,0,0]",,
286,XTER,1286.png,1286,Y,24,terrain,,water_tile_16,,,,,1x1,285,286,285,286,N,N,"[0,0,0,0]",,
287,XTER,1287.png,1287,Y,24,terrain,,water_tile_17,,,,,1x1,287,288,289,290,N,N,"[0,0,0,0]",,
288,XTER,1288.png,1288,Y,24,terrain,,water_tile_18,,,,,1x1,288,289,290,287,N,N,"[0,0,0,0]",,
289,XTER,1289.png,1289,Y,24,terrain,,water_tile_19,,,,,1x1,289,290,287,288,N,N,"[0,0,0,0]",,
290,XTER,1290.png,1290,Y,24,terrain,,water_tile_20,,,,,1x1,290,287,288,289,N,N,"[0,0,0,0]",,
291,XZON,1291.png,1291,N,0,zone,,zone_1,Low Density Residential,,low,residential,1x1,291,291,291,291,N,N,,,
292,XZON,1292.png,1292,N,0,zone,,zone_2,High Density Residential,,high,residential,1x1,292,292,292,292,N,N,,,
293,XZON,1293.png,1293,N,0,zone,,zone_3,Low Density Commercial,,low,commercial,1x1,293,293,293,293,N,N,,,
294,XZON,1294.png,1294,N,0,zone,,zone_4,High Density Commercial,,high,commercial,1x1,294,294,294,294,N,N,,,
295,XZON,1295.png,1295,N,0,zone,,zone_5,Low Density Industrial,,low,industrial,1x1,295,295,295,295,N,N,,,
296,XZON,1296.png,1296,N,0,zone,,zone_6,High Density Industrial,,high,industrial,1x1,296,296,296,296,N,N,,,
297,XZON,1297.png,1297,N,0,zone,,zone_7,Military,,,military,1x1,297,297,297,297,N,N,,,
298,XZON,1298.png,1298,N,0,zone,,zone_8,Airport,,,airport,1x1,298,298,298,298,N,N,,,
299,XZON,1299.png,1299,N,0,zone,,zone_9,Seaport,,,seaport,1x1,299,299,299,299,N,N,,,
300,,1300.png,1300,N,0,other,,green_tile,,,,,1x1,300,300,300,300,N,N,,,
301,,1301.png,1301,N,0,other,,blue_tile,,,,,1x1,301,301,301,301,N,N,,,
302,,1302.png,1302,N,0,other,,yellow_tile,,,,,1x1,302,302,302,302,N,N,,,
303,,1303.png,1303,N,0,other,,red_tile,,,,,1x1,303,303,303,303,N,N,,,
304,,1304.png,1304,N,0,other,,grey_tile,,,,,1x1,304,304,304,304,N,N,,,
305,XUND,1305.png,1305,N,0,underground,,underground_land_1,,,,,1x1,305,305,305,305,N,N,"[0,0,0,0]",,
306,XUND,1306.png,1306,N,0,underground,,underground_land_2,,,,,1x1,306,306,306,306,N,N,"[1,0,0,1]",,
307,XUND,1307.png,1307,N,0,underground,,underground_land_3,,,,,1x1,307,307,307,307,N,N,"[1,1,0,0]",,
308,XUND,1308.png,1308,N,0,underground,,underground_land_4,,,,,1x1,308,308,308,308,N,N,"[0,1,1,0]",,
309,XUND,1309.png,1309,N,0,underground,,underground_land_5,,,,,1x1,309,309,309,309,N,N,"[0,0,1,1]",,
310,XUND,1310.png,1310,N,0,underground,,underground_land_6,,,,,1x1,310,310,310,310,N,N,"[1,1,0,1]",,
311,XUND,1311.png,1311,N,0,underground,,underground_land_7,,,,,1x1,311,311,311,311,N,N,"[1,1,1,0]",,
312,XUND,1312.png,1312,N,0,underground,,underground_land_8,,,,,1x1,312,312,312,312,N,N,"[0,1,1,1]",,
313,XUND,1313.png,1313,N,0,underground,,underground_land_9,,,,,1x1,313,313,313,313,N,N,"[1,0,1,1]",,
314,XUND,1314.png,1314,N,0,underground,,underground_land_10,,,,,1x1,314,314,314,314,N,N,"[1,0,0,0]",,
315,XUND,1315.png,1315,N,0,underground,,underground_land_11,,,,,1x1,315,315,315,315,N,N,"[0,1,0,0]",,
316,XUND,1316.png,1316,N,0,underground,,underground_land_12,,,,,1x1,316,316,316,316,N,N,"[0,0,1,0]",,
317,XUND,1317.png,1317,N,0,underground,,underground_land_13,,,,,1x1,317,317,317,317,N,N,"[0,0,0,1]",,
318,XUND,1318.png,1318,N,0,underground,,underground_land_14,,,,,1x1,318,318,318,318,N,N,"[1,1,1,1]",,
319,XUND,1319.png,1319,N,0,underground,,subway_track_1,,,,,1x1,319,319,319,319,N,N,,,
320,XUND,1320.png,1320,N,0,underground,,subway_track_2,,,,,1x1,320,320,320,320,N,N,,,
321,XUND,1321.png,1321,N,0,underground,,subway_track_3,,,,,1x1,321,321,321,321,N,N,,,
322,XUND,1322.png,1322,N,0,underground,,subway_track_4,,,,,1x1,322,322,322,322,N,N,,,
323,XUND,1323.png,1323,N,0,underground,,subway_track_5,,,,,1x1,323,323,323,323,N,N,,,
324,XUND,1324.png,1324,N,0,underground,,subway_track_6,,,,,1x1,324,324,324,324,N,N,,,
325,XUND,1325.png,1325,N,0,underground,,subway_track_7,,,,,1x1,325,325,325,325,N,N,,,
326,XUND,1326.png,1326,N,0,underground,,subway_track_8,,,,,1x1,326,326,326,326,N,N,,,
327,XUND,1327.png,1327,N,0,underground,,subway_track_9,,,,,1x1,327,327,327,327,N,N,,,
328,XUND,1328.png,1328,N,0,underground,,subway_track_10,,,,,1x1,328,328,328,328,N,N,,,
329,XUND,1329.png,1329,N,0,underground,,subway_track_11,,,,,1x1,329,329,329,329,N,N,,,
330,XUND,1330.png,1330,N,0,underground,,subway_track_12,,,,,1x1,330,330,330,330,N,N,,,
331,XUND,1331.png,1331,N,0,underground,,subway_track_13,,,,,1x1,331,331,331,331,N,N,,,
332,XUND,1332.png,1332,N,0,underground,,subway_track_14,,,,,1x1,332,332,332,332,N,N,,,
333,XUND,1333.png,1333,N,0,underground,,subway_track_15,,,,,1x1,333,333,333,333,N,N,,,
334,XUND,1334.png,1334,N,0,underground,,water_pipe_1,,,,,1x1,334,334,334,334,N,N,,,
335,XUND,1335.png,1335,N,0,underground,,water_pipe_2,,,,,1x1,335,335,335,335,N,N,,,
336,XUND,1336.png,1336,N,0,underground,,water_pipe_3,,,,,1x1,336,336,336,336,N,N,,,
337,XUND,1337.png,1337,N,0,underground,,water_pipe_4,,,,,1x1,337,337,337,337,N,N,,,
338,XUND,1338.png,1338,N,0,underground,,water_pipe_5,,,,,1x1,338,338,338,338,N,N,,,
339,XUND,1339.png,1339,N,0,underground,,water_pipe_6,,,,,1x1,339,339,339,339,N,N,,,
340,XUND,1340.png,1340,N,0,underground,,water_pipe_7,,,,,1x1,340,340,340,340,N,N,,,
341,XUND,1341.png,1341,N,0,underground,,water_pipe_8,,,,,1x1,341,341,341,341,N,N,,,
342,XUND,1342.png,1342,N,0,underground,,water_pipe_9,,,,,1x1,342,342,342,342,N,N,,,
343,XUND,1343.png,1343,N,0,underground,,water_pipe_10,,,,,1x1,343,343,343,343,N,N,,,
344,XUND,1344.png,1344,N,0,underground,,water_pipe_11,,,,,1x1,344,344,344,344,N,N,,,
345,XUND,1345.png,1345,N,0,underground,,water_pipe_12,,,,,1x1,345,345,345,345,N,N,,,
346,XUND,1346.png,1346,N,0,underground,,water_pipe_13,,,,,1x1,346,346,346,346,N,N,,,
347,XUND,1347.png,1347,N,0,underground,,water_pipe_14,,,,,1x1,347,347,347,347,N,N,,,
348,XUND,1348.png,1348,N,0,underground,,water_pipe_15,,,,,1x1,348,348,348,348,N,N,,,
349,XUND,1349.png,1349,N,0,underground,,subway_water_pipe_1,,,,,1x1,349,349,349,349,N,N,,,
350,XUND,1350.png,1350,N,0,underground,,subway_water_pipe_2,,,,,1x1,350,350,350,350,N,N,,,
351,,1351.png,1351,N,0,underground,,building_pipes,,,,,1x1,351,351,351,351,N,N,,,
352,XUND,1352.png,1352,N,0,underground,,grey_box_1,,,,,1x1,352,352,352,352,N,N,,,
353,,1353.png,1353,N,0,underground,,grey_box_2,,,,,1x1,353,353,353,353,N,N,,,
354,,1354.png,1354,N,0,other,,green_outline,,,,,1x1,354,354,354,354,N,N,,,
355,,1355.png,1355,N,0,other,,blue_outline,,,,,1x1,355,355,355,355,N,N,,,
356,,1356.png,1356,N,0,other,,brown_outline,,,,,1x1,356,356,356,356,N,N,,,
357,,1357.png,1357,N,0,other,,red_outline,,,,,1x1,357,357,357,357,N,N,,,
358,,1358.png,1358,N,0,other,,grey_outline,,,,,1x1,358,358,358,358,N,N,,,
359,,1359.png,1359,N,0,other,,airplane_1,,,,,2x2,359,359,359,359,N,N,,,
360,,1360.png,1360,N,0,other,,airplane_2,,,,,2x2,360,360,360,360,N,N,,,
361,,1361.png,1361,N,0,other,,airplane_3,,,,,2x2,361,361,361,361,N,N,,,
362,,1362.png,1362,N,0,other,,airplane_4,,,,,2x2,362,362,362,362,N,N,,,
363,,1363.png,1363,N,0,other,,airplane_5,,,,,2x2,363,363,363,363,N,N,,,
364,,1364.png,1364,Y,24,other,,sim_copter_1,,,,,1x1,364,364,364,364,N,N,,,
365,,1365.png,1365,Y,24,other,,sim_copter_2,,,,,1x1,365,365,365,365,N,N,,,
366,,1366.png,1366,Y,24,other,,sim_copter_3,,,,,1x1,366,366,366,366,N,N,,,
367,,1367.png,1367,Y,24,other,,sim_copter_4,,,,,1x1,367,367,367,367,N,N,,,
368,,1368.png,1368,Y,24,other,,sim_copter_5,,,,,1x1,368,368,368,368,N,N,,,
369,,1369.png,1369,N,0,other,,cargo_ship_1,,,,,2x2,369,369,369,369,N,N,,,
370,,1370.png,1370,N,0,other,,cargo_ship_2,,,,,2x2,370,370,370,370,N,N,,,
371,,1371.png,1371,N,0,other,,cargo_ship_3,,,,,2x2,371,371,371,371,N,N,,,
372,,1372.png,1372,N,0,other,,cargo_ship_4,,,,,2x2,372,372,372,372,N,N,,,
373,,1373.png,1373,N,0,other,,cargo_ship_5,,,,,2x2,373,373,373,373,N,N,,,
374,,1374.png,1374,N,0,other,,train_1,,,,,1x1,374,374,374,374,N,N,,,
375,,1375.png,1375,N,0,other,,train_2,,,,,1x1,375,375,375,375,N,N,,,
376,,1376.png,1376,N,0,other,,train_3,,,,,1x1,376,376,376,376,N,N,,,
377,,1377.png,1377,N,0,other,,train_4,,,,,1x1,377,377,377,377,N,N,,,
378,,1378.png,1378,N,0,other,,train_5,,,,,1x1,378,378,378,378,N,N,,,
379,,1379.png,1379,N,0,other,,nessie,,,,,1x1,379,379,379,379,N,N,,,
380,,1380.png,1380,N,0,other,,sail_boat_1,,,,,1x1,380,380,380,380,N,N,,,
381,,1381.png,1381,N,0,other,,sail_boat_2,,,,,1x1,381,381,381,381,N,N,,,
382,,1382.png,1382,Y,13,other,,police_sign,,,,,1x1,382,382,382,382,N,N,,,
383,,1383.png,1383,Y,13,other,,fire_dept_sign,,,,,1x1,383,383,383,383,N,N,,,
384,,1384.png,1384,Y,13,other,,military_sign,,,,,1x1,384,384,384,384,N,N,,,
385,,1385.png,1385,Y,24,other,,space_ray,,,,,1x1,385,385,385,385,N,N,,,
386,,1386.png,1386,Y,18,other,,power_outage_lightning,,,,,1x1,386,386,386,386,N,N,,,
387,,1387.png,1387,N,0,other,,explosion_1,,,,,2x2,387,387,387,387,N,N,,,
388,,1388.png,1388,N,0,other,,explosion_2,,,,,2x2,388,388,388,388,N,N,,,
389,,1389.png,1389,N,0,other,,explosion_3,,,,,2x2,389,389,389,389,N,N,,,
390,,1390.png,1390,N,0,other,,bulldozer_1,,,,,1x1,390,390,390,390,N,N,,,
391,,1391.png,1391,Y,18,other,,bulldozer_2,,,,,1x1,391,391,391,391,N,N,,,
392,,1392.png,1392,N,0,other,,dust_cloud_1,,,,,1x1,392,392,392,392,N,N,,,
393,,1393.png,1393,N,0,other,,dust_cloud_2,,,,,1x1,393,393,393,393,N,N,,,
394,,1394.png,1394,N,0,other,,dust_cloud_3,,,,,1x1,394,394,394,394,N,N,,,
395,,1395.png,1395,N,0,other,,dust_cloud_4,,,,,1x1,395,395,395,395,N,N,,,
396,,1396.png,1396,Y,24,other,,fire_1,,,,,1x1,396,396,396,396,N,N,,,
397,,1397.png,1397,Y,24,other,,fire_2,,,,,1x1,397,397,397,397,N,N,,,
398,,1398.png,1398,Y,24,other,,fire_3,,,,,1x1,398,398,398,398,N,N,,,
399,,1399.png,1399,Y,24,other,,fire_4,,,,,1x1,399,399,399,399,N,N,,,
400,,1400.png,1400,Y,24,other,,traffic_1,,,,,1x1,400,400,400,400,N,N,,,
401,,1401.png,1401,Y,24,other,,traffic_2,,,,,1x1,401,401,401,401,N,N,,,
402,,1402.png,1402,Y,24,other,,traffic_3,,,,,1x1,402,402,402,402,N,N,,,
403,,1403.png,1403,Y,24,other,,traffic_4,,,,,1x1,403,403,403,403,N,N,,,
404,,1404.png,1404,Y,24,other,,traffic_5,,,,,1x1,404,404,404,404,N,N,,,
405,,1405.png,1405,Y,24,other,,traffic_6,,,,,1x1,405,405,405,405,N,N,,,
406,,1406.png,1406,Y,24,other,,traffic_7,,,,,1x1,406,406,406,406,N,N,,,
407,,1407.png,1407,Y,24,other,,traffic_8,,,,,1x1,407,407,407,407,N,N,,,
408,,1408.png,1408,Y,24,other,,traffic_9,,,,,1x1,408,408,408,408,N,N,,,
409,,1409.png,1409,Y,24,other,,traffic_10,,,,,1x1,409,409,409,409,N,N,,,
410,,1410.png,1410,Y,24,other,,traffic_11,,,,,1x1,410,410,410,410,N,N,,,
411,,1411.png,1411,Y,24,other,,traffic_12,,,,,1x1,411,411,411,411,N,N,,,
412,,1412.png,1412,Y,24,other,,traffic_13,,,,,1x1,412,412,412,412,N,N,,,
413,,1413.png,1413,Y,24,other,,traffic_14,,,,,1x1,413,413,413,413,N,N,,,
414,,1414.png,1414,Y,24,other,,traffic_15,,,,,1x1,414,414,414,414,N,N,,,
415,,1415.png,1415,Y,24,other,,traffic_16,,,,,1x1,415,415,415,415,N,N,,,
416,,1416.png,1416,Y,24,other,,traffic_17,,,,,1x1,416,416,416,416,N,N,,,
417,,1417.png,1417,Y,24,other,,traffic_18,,,,,1x1,417,417,417,417,N,N,,,
418,,1418.png,1418,Y,24,other,,traffic_19,,,,,2x2,418,418,418,418,N,N,,,
419,,1419.png,1419,Y,24,other,,traffic_20,,,,,2x2,419,419,419,419,N,N,,,
420,,1420.png,1420,Y,24,other,,traffic_21,,,,,2x2,420,420,420,420,N,N,,,
421,,1421.png,1421,Y,24,other,,traffic_22,,,,,2x2,421,421,421,421,N,N,,,
422,,1422.png,1422,Y,24,other,,traffic_23,,,,,2x2,422,422,422,422,N,N,,,
423,,1423.png,1423,Y,24,other,,traffic_24,,,,,2x2,423,423,423,423,N,N,,,
424,,1424.png,1424,Y,24,other,,traffic_25,,,,,2x2,424,424,424,424,N,N,,,
425,,1425.png,1425,Y,24,other,,traffic_26,,,,,2x2,425,425,425,425,N,N,,,
426,,1426.png,1426,Y,24,other,,traffic_27,,,,,2x2,426,426,426,426,N,N,,,
427,,1427.png,1427,Y,24,other,,traffic_28,,,,,1x1,427,427,427,427,N,N,,,
428,,1428.png,1428,Y,24,other,,traffic_29,,,,,1x1,428,428,428,428,N,N,,,
429,,1429.png,1429,Y,24,other,,traffic_30,,,,,1x1,429,429,429,429,N,N,,,
430,,1430.png,1430,Y,24,other,,traffic_31,,,,,1x1,430,430,430,430,N,N,,,
431,,1431.png,1431,Y,24,other,,traffic_32,,,,,1x1,431,431,431,431,N,N,,,
432,,1432.png,1432,Y,24,other,,traffic_33,,,,,1x1,432,432,432,432,N,N,,,
433,,1433.png,1433,Y,24,other,,traffic_34,,,,,1x1,433,433,433,433,N,N,,,
434,,1434.png,1434,Y,24,other,,traffic_35,,,,,1x1,434,434,434,434,N,N,,,
435,,1435.png,1435,Y,24,other,,traffic_36,,,,,1x1,435,435,435,435,N,N,,,
436,,1436.png,1436,Y,24,other,,traffic_37,,,,,1x1,436,436,436,436,N,N,,,
437,,1437.png,1437,Y,24,other,,traffic_38,,,,,1x1,437,437,437,437,N,N,,,
438,,1438.png,1438,Y,24,other,,traffic_39,,,,,1x1,438,438,438,438,N,N,,,
439,,1439.png,1439,Y,24,other,,traffic_40,,,,,1x1,439,439,439,439,N,N,,,
440,,1440.png,1440,Y,24,other,,traffic_41,,,,,1x1,440,440,440,440,N,N,,,
441,,1441.png,1441,Y,24,other,,traffic_42,,,,,2x2,441,441,441,441,N,N,,,
442,,1442.png,1442,Y,24,other,,traffic_43,,,,,2x2,442,442,442,442,N,N,,,
443,,1443.png,1443,Y,24,other,,traffic_44,,,,,2x2,443,443,443,443,N,N,,,
444,,1444.png,1444,Y,24,other,,traffic_45,,,,,2x2,444,444,444,444,N,N,,,
445,,1445.png,1445,Y,24,other,,traffic_46,,,,,2x2,445,445,445,445,N,N,,,
446,,1446.png,1446,Y,24,other,,traffic_47,,,,,2x2,446,446,446,446,N,N,,,
447,,1447.png,1447,Y,24,other,,traffic_48,,,,,2x2,447,447,447,447,N,N,,,
448,,1448.png,1448,Y,24,other,,traffic_49,,,,,2x2,448,448,448,448,N,N,,,
449,,1449.png,1449,Y,24,other,,traffic_50,,,,,2x2,449,449,449,449,N,N,,,
450,,1450.png,1450,Y,24,other,,water_pipes_on_1,,,,,1x1,450,450,450,450,N,N,,,
451,,1451.png,1451,Y,24,other,,water_pipes_on_2,,,,,1x1,451,451,451,451,N,N,,,
452,,1452.png,1452,Y,24,other,,water_pipes_on_3,,,,,1x1,452,452,452,452,N,N,,,
453,,1453.png,1453,Y,24,other,,water_pipes_on_4,,,,,1x1,453,453,453,453,N,N,,,
454,,1454.png,1454,Y,24,other,,water_pipes_on_5,,,,,1x1,454,454,454,454,N,N,,,
455,,1455.png,1455,Y,24,other,,water_pipes_on_6,,,,,1x1,455,455,455,455,N,N,,,
456,,1456.png,1456,Y,24,other,,water_pipes_on_7,,,,,1x1,456,456,456,456,N,N,,,
457,,1457.png,1457,Y,24,other,,water_pipes_on_8,,,,,1x1,457,457,457,457,N,N,,,
458,,1458.png,1458,Y,24,other,,water_pipes_on_9,,,,,1x1,458,458,458,458,N,N,,,
459,,1459.png,1459,Y,24,other,,water_pipes_on_10,,,,,1x1,459,459,459,459,N,N,,,
460,,1460.png,1460,Y,24,other,,water_pipes_on_11,,,,,1x1,460,460,460,460,N,N,,,
461,,1461.png,1461,Y,24,other,,water_pipes_on_12,,,,,1x1,461,461,461,461,N,N,,,
462,,1462.png,1462,Y,24,other,,water_pipes_on_13,,,,,1x1,462,462,462,462,N,N,,,
463,,1463.png,1463,Y,24,other,,water_pipes_on_14,,,,,1x1,463,463,463,463,N,N,,,
464,,1464.png,1464,Y,24,other,,water_pipes_on_15,,,,,1x1,464,464,464,464,N,N,,,
465,,1465.png,1465,Y,24,other,,subway_water_pipe_on_1,,,,,1x1,465,465,465,465,N,N,,,
466,,1466.png,1466,Y,24,other,,subway_water_pipe_on_2,,,,,1x1,466,466,466,466,N,N,,,
467,,1467.png,1467,Y,24,other,,building_pipes_on,,,,,1x1,467,467,467,467,N,N,,,
468,,1468.png,1468,N,0,other,,density_view_1,,,,,1x1,468,468,468,468,N,N,,,
469,,1469.png,1469,N,0,other,,density_view_2,,,,,1x1,469,469,469,469,N,N,,,
470,,1470.png,1470,N,0,other,,density_view_3,,,,,1x1,470,470,470,470,N,N,,,
471,,1471.png,1471,N,0,other,,density_view_4,,,,,1x1,471,471,471,471,N,N,,,
472,,1472.png,1472,N,0,other,,density_view_5,,,,,1x1,472,472,472,472,N,N,,,
473,,1473.png,1473,N,0,other,,density_view_6,,,,,1x1,473,473,473,473,N,N,,,
474,,1474.png,1474,N,0,other,,density_view_7,,,,,1x1,474,474,474,474,N,N,,,
475,,1475.png,1475,N,0,other,,density_view_8,,,,,1x1,475,475,475,475,N,N,,,
476,,1476.png,1476,N,0,other,,green_plus_tile,,,,,1x1,476,476,476,476,N,N,,,
477,,1477.png,1477,N,0,other,,red_negative_tile,,,,,1x1,477,477,477,477,N,N,,,
478,,1478.png,1478,N,0,other,,monster_parts_1,,,,,2x2,478,478,478,478,N,N,,,
479,,1479.png,1479,N,0,other,,monster_parts_2,,,,,2x2,479,479,479,479,N,N,,,
480,,1480.png,1480,N,0,other,,monster_parts_3,,,,,2x2,480,480,480,480,N,N,,,
481,,1481.png,1481,N,0,other,,monster_parts_4,,,,,2x2,481,481,481,481,N,N,,,
482,,1482.png,1482,N,0,other,,monster_parts_5,,,,,2x2,482,482,482,482,N,N,,,
483,,1483.png,1483,N,0,other,,monster_parts_6,,,,,2x2,483,483,483,483,N,N,,,
484,,1484.png,1484,N,0,other,,monster_parts_7,,,,,2x2,484,484,484,484,N,N,,,
485,,1485.png,1485,N,0,other,,monster_parts_8,,,,,2x2,485,485,485,485,N,N,,,
486,,1486.png,1486,N,0,other,,monster_parts_9,,,,,2x2,486,486,486,486,N,N,,,
487,,1487.png,1487,N,0,other,,monster_parts_10,,,,,2x2,487,487,487,487,N,N,,,
488,,1488.png,1488,N,0,other,,monster_parts_11,,,,,2x2,488,488,488,488,N,N,,,
489,,1489.png,1489,N,0,other,,monster_parts_12,,,,,2x2,489,489,489,489,N,N,,,
490,,1490.png,1490,N,0,other,,monster_parts_13,,,,,2x2,490,490,490,490,N,N,,,
491,,1491.png,1491,N,0,other,,monster_parts_14,,,,,2x2,491,491,491,491,N,N,,,
492,,1492.png,1492,Y,24,other,,flood_waters,,,,,1x1,492,492,492,492,N,N,,,
493,,1493.png,1493,N,0,other,,rioters_1,,,,,1x1,493,493,493,493,N,N,,,
494,,1494.png,1494,N,0,other,,rioters_2,,,,,1x1,494,494,494,494,N,N,,,
495,,1495.png,1495,N,0,other,,maxis_man,,,,,1x1,495,495,495,495,N,N,,,
496,,1496.png,1496,N,0,other,,cloud,,,,,2x2,496,496,496,496,N,N,,,
497,,1497.png,1497,Y,24,other,,tornado_1,,,,,2x2,497,497,497,497,N,N,,,
498,,1498.png,1498,Y,24,other,,tornado_2,,,,,2x2,498,498,498,498,N,N,,,
499,,1499.png,1499,Y,24,other,,tornado_3,,,,,2x2,499,499,499,499,N,N,,,
