Wall,Wall,Wall,Wall,Wall,Wall,Wall,Wall,Wall,Wall,Wall,Wall,Wall,Wall,Wall,Wall,Wall,Wall,Wall,Wall,Wall,Wall,Wall,Wall,Wall,Wall,Wall,Wall,Wall,Wall,Wall,Wall,Wall,Wall,Wall,Wall,Wall,Wall,Wall,Wall,PassableInteractive,PassableInteractive,Wall,Wall,Wall,Wall,Wall,Wall,Wall,Wall,Wall,Wall,Wall,Wall,Wall,Wall,Wall,Wall,Wall,Wall,Wall,Wall,Wall,Wall,Wall,Wall,Wall,Wall,Wall,Wall,Wall,Wall,Wall,Wall,Wall,Wall,Wall,Wall,Wall,Wall,None,None,None,None,None,None,None,None,None,None,None,None,None,None,None,None,None,None,None,None
Wall,Wall,Wall,Wall,Wall,Wall,Wall,Wall,Wall,Wall,Wall,Wall,Wall,Wall,Wall,Wall,Wall,Wall,Wall,Wall,Wall,Wall,Wall,Wall,Wall,Wall,Wall,Wall,Wall,Wall,Wall,Wall,Wall,Wall,Wall,Wall,Wall,Wall,Wall,Wall,PassableInteractive,PassableInteractive,Wall,Wall,Wall,Wall,Wall,Wall,Wall,Wall,Wall,Wall,Wall,Wall,Wall,Wall,Wall,Wall,Wall,Wall,Wall,Wall,Wall,Wall,Wall,Wall,Wall,Wall,Wall,Wall,Wall,Wall,Wall,Wall,Wall,Wall,Wall,Wall,Wall,Wall,None,None,None,None,None,None,None,None,None,None,None,None,None,None,None,None,None,None,None,None
Wall,Wall,Wall,Wall,Wall,Wall,Wall,Wall,Wall,Wall,Wall,Wall,Wall,Wall,Wall,Wall,Wall,Wall,Wall,Wall,Wall,Wall,Wall,Wall,Wall,Wall,Wall,Wall,Wall,Wall,Wall,Wall,Wall,Wall,Wall,Wall,Wall,Wall,Wall,Wall,PassableInteractive,PassableInteractive,Wall,Wall,Wall,Wall,Wall,Wall,Wall,Wall,Wall,Wall,Wall,Wall,Wall,Wall,Wall,Wall,Wall,Wall,Wall,Wall,Wall,Wall,Wall,Wall,Wall,Wall,Wall,Wall,Wall,Wall,Wall,Wall,Wall,Wall,Wall,Wall,Wall,Wall,None,None,None,None,None,None,None,None,None,None,None,None,None,None,None,None,None,None,None,None
Wall,Wall,Wall,Wall,Wall,Wall,Wall,Wall,Wall,Wall,Wall,Wall,Wall,Wall,Wall,Wall,Wall,Wall,Wall,Wall,Wall,Wall,Wall,Wall,Wall,Wall,Wall,Wall,Wall,Wall,Wall,Wall,Wall,Wall,Wall,Wall,Wall,Wall,Wall,Wall,Ground,Ground,Wall,Wall,Wall,Wall,Wall,Wall,Wall,Wall,Wall,Wall,Wall,Wall,Wall,Wall,Wall,Wall,Wall,Wall,Wall,Wall,Wall,Wall,Wall,Wall,Wall,Wall,Wall,Wall,Wall,Wall,Wall,Wall,Wall,Wall,Wall,Wall,Wall,Wall,None,None,None,None,None,None,None,None,None,None,None,None,None,None,None,None,None,None,None,None
Wall,Wall,Wall,Wall,Wall,Wall,Wall,Wall,Wall,Wall,Wall,Wall,Wall,Wall,Wall,Wall,Wall,Wall,Wall,Wall,Wall,Wall,Wall,Wall,Wall,Wall,Wall,Wall,Wall,Wall,Wall,Wall,Wall,Wall,Wall,Wall,Wall,Wall,Wall,Wall,Ground,Ground,Wall,Wall,Wall,Wall,Wall,Wall,Wall,Wall,Wall,Wall,Wall,Wall,Wall,Wall,Wall,Wall,Wall,Wall,Wall,Wall,Wall,Wall,Wall,Wall,Wall,Wall,Wall,Wall,Wall,Wall,Wall,Wall,Wall,Wall,Wall,Wall,Wall,Wall,None,None,None,None,None,None,None,None,None,None,None,None,None,None,None,None,None,None,None,None
Wall,Wall,Wall,Wall,Wall,Wall,Wall,Wall,Wall,Wall,Wall,Wall,Wall,Wall,Wall,Wall,Wall,Wall,Wall,Wall,Wall,Wall,Wall,Wall,Wall,Wall,Wall,Wall,Wall,Wall,Wall,Wall,Wall,Wall,PassableInteractive,Wall,Wall,Wall,Wall,Wall,Ground,Ground,Wall,Wall,Wall,Wall,Wall,Wall,Wall,Wall,Wall,Wall,Wall,Wall,Wall,Wall,Wall,Wall,Wall,Wall,Wall,Wall,Wall,Wall,Wall,Wall,Wall,Wall,Wall,Wall,Wall,Wall,Wall,Wall,Wall,Wall,Wall,Wall,Wall,Wall,None,None,None,None,None,None,None,None,None,None,None,None,None,None,None,None,None,None,None,None
Wall,Wall,Wall,Wall,Wall,Wall,Wall,Wall,Wall,Wall,Wall,Wall,Wall,Wall,Wall,Wall,Wall,Wall,Wall,Wall,Wall,Wall,Wall,Wall,Wall,Wall,Wall,Wall,Wall,Wall,Wall,Wall,Wall,Wall,PassableInteractive,Wall,Wall,Wall,Wall,Wall,Ground,Ground,Wall,Wall,Wall,Wall,Wall,Ground,Ground,Ground,Ground,Ground,Ground,Ground,Ground,Ground,Ground,Ground,Ground,Ground,Ground,Ground,Ground,Ground,Ground,Ground,Ground,Ground,Ground,Ground,Ground,Ground,Ground,Ground,Ground,Ground,Ground,Ground,Wall,Wall,None,None,None,None,None,None,None,None,None,None,None,None,None,None,None,None,None,None,None,None
Wall,Wall,Wall,Wall,Wall,Wall,Wall,Wall,Wall,Wall,Wall,Wall,Wall,Wall,Wall,Wall,Wall,Wall,Wall,Wall,Wall,Wall,Wall,Wall,Wall,Wall,Wall,Wall,Wall,Wall,Wall,Wall,Wall,Wall,PassableInteractive,Wall,Wall,Wall,Wall,Wall,Ground,Ground,Wall,Wall,Wall,Wall,Ground,Ground,Ground,Ground,Ground,Ground,Ground,Ground,Ground,Ground,Ground,Ground,Ground,Ground,Ground,Ground,Ground,Ground,Ground,Ground,Ground,Ground,Ground,Ground,Ground,Ground,Ground,Ground,Ground,Ground,Ground,Ground,Wall,Wall,None,None,None,None,None,None,None,None,None,None,None,None,None,None,None,None,None,None,None,None
Wall,Wall,Wall,Wall,Soil,Soil,Soil,Soil,Soil,Soil,Soil,Soil,Soil,Soil,Soil,Soil,Soil,Soil,Soil,Soil,Soil,Soil,Soil,Soil,Soil,Soil,Soil,Soil,Soil,Soil,Soil,Soil,Soil,Soil,Soil,Soil,Soil,Soil,Soil,Soil,Soil,Soil,Soil,Soil,Soil,Soil,Soil,Soil,Soil,Soil,Soil,Soil,Soil,Soil,Soil,Soil,Soil,Soil,Soil,Soil,Soil,Soil,Soil,Soil,Soil,Soil,Soil,Soil,Soil,Soil,Soil,Soil,Soil,Soil,Soil,Soil,Soil,Soil,Wall,Wall,None,None,None,None,None,None,None,None,None,None,None,None,None,None,None,None,None,None,None,None
Wall,Wall,Wall,Soil,Soil,Soil,Soil,Soil,Soil,Soil,Soil,Soil,Soil,Soil,Soil,Soil,Soil,Soil,Soil,Soil,Soil,Soil,Soil,Soil,Soil,Soil,Soil,Soil,Soil,Soil,Soil,Soil,Soil,Soil,Soil,Soil,Soil,Soil,Soil,Soil,Soil,Soil,Soil,Soil,Soil,Soil,Soil,Soil,Soil,Soil,Soil,Soil,Soil,Soil,Soil,Soil,Soil,Soil,Soil,Soil,Soil,Soil,Soil,Soil,Soil,Soil,Soil,Soil,Soil,Soil,Soil,Soil,Soil,Soil,Soil,Soil,Soil,Soil,Wall,Wall,None,None,None,None,None,None,None,None,None,None,None,None,None,None,None,None,None,None,None,None
Wall,Wall,Wall,Soil,Soil,Soil,Soil,Soil,Soil,Soil,Soil,Soil,Soil,Soil,Soil,Soil,Soil,Soil,Soil,Soil,Soil,Soil,Soil,Soil,Soil,Soil,Soil,Soil,Soil,Soil,Soil,Soil,Soil,Soil,Soil,Soil,Soil,Soil,Soil,Soil,Soil,Soil,Soil,Soil,Soil,Soil,Soil,Soil,Soil,Soil,Soil,Soil,Soil,Soil,Soil,Soil,Soil,Soil,Soil,Soil,Soil,Soil,Soil,Soil,Soil,Soil,Soil,Soil,Soil,Soil,Soil,Soil,Soil,Soil,Soil,Soil,Soil,Soil,Wall,Wall,None,None,None,None,None,None,None,None,None,None,None,None,None,None,None,None,None,None,None,None
Wall,Wall,Wall,Soil,Soil,Soil,Soil,Soil,Soil,Soil,Soil,Soil,Soil,Soil,Soil,Soil,Soil,Soil,Soil,Soil,Soil,Soil,Soil,Soil,Soil,Soil,Soil,Soil,Soil,Soil,Soil,Soil,Soil,Soil,Soil,Soil,Soil,Soil,Soil,Soil,Soil,Soil,Soil,Soil,Soil,Soil,Soil,Soil,Soil,Soil,Soil,Soil,Soil,Soil,Soil,Soil,Soil,Soil,Soil,Soil,Soil,Soil,Soil,Soil,Soil,Soil,Soil,Soil,Soil,Soil,Soil,Soil,Soil,Soil,Soil,Soil,Soil,Soil,Wall,Wall,None,None,None,None,None,None,None,None,None,None,None,None,None,None,None,None,None,None,None,None
Wall,Wall,Wall,Soil,Soil,Soil,Soil,Soil,Soil,Soil,Soil,Soil,Soil,Soil,Soil,Soil,Soil,Soil,Soil,Soil,Soil,Soil,Soil,Soil,Soil,Soil,Soil,Soil,Soil,Soil,Soil,Soil,Soil,Soil,Soil,Soil,Soil,Soil,Soil,Soil,Soil,Soil,Soil,Soil,Soil,Soil,Soil,Soil,Soil,Soil,Soil,Soil,Soil,Soil,Soil,Soil,Soil,Soil,Soil,Soil,Soil,Soil,Soil,Soil,Soil,Soil,Soil,Soil,Soil,Soil,Soil,Soil,Soil,Soil,Soil,Soil,Soil,Soil,Wall,Wall,None,None,None,None,None,None,None,None,None,None,None,None,None,None,None,None,None,None,None,None
Wall,Wall,Wall,Soil,Soil,Soil,Soil,Soil,Soil,Soil,Soil,Soil,Soil,Soil,Soil,Soil,Soil,Soil,Soil,Soil,Soil,Soil,Soil,Soil,Soil,Soil,Soil,Soil,Soil,Soil,Soil,Soil,Soil,Soil,Soil,Soil,Soil,Soil,Soil,Soil,Soil,Soil,Soil,Soil,Soil,Soil,Soil,Soil,Soil,Soil,Soil,Soil,Soil,Soil,Soil,Soil,Soil,Soil,Soil,Soil,Soil,Soil,Soil,Soil,Soil,Soil,Soil,Soil,Soil,Soil,Soil,Soil,Soil,Soil,Soil,Soil,Soil,Soil,Wall,Wall,None,None,None,None,None,None,None,None,None,None,None,None,None,None,None,None,None,None,None,None
Wall,Wall,Wall,Soil,Soil,Soil,Soil,Soil,Soil,Soil,Soil,Soil,Soil,Soil,Soil,Soil,Soil,Soil,Soil,Soil,Soil,Soil,Soil,Soil,Soil,Soil,Soil,Soil,Soil,Soil,Soil,Soil,Soil,Soil,Soil,Soil,Soil,Soil,Soil,Soil,Soil,Soil,Soil,Soil,Soil,Soil,Soil,Soil,Soil,Soil,Soil,Soil,Soil,Soil,Soil,Soil,Soil,Soil,Soil,Soil,Soil,Soil,Soil,Soil,Soil,Soil,Soil,Soil,Soil,Soil,Soil,Soil,Soil,Soil,Soil,Soil,Soil,Soil,Wall,Wall,None,None,None,None,None,None,None,None,None,None,None,None,None,None,None,None,None,None,None,None
Wall,Wall,Wall,Soil,Soil,Soil,Soil,Soil,Soil,Soil,Soil,Soil,Soil,Soil,Soil,Soil,Soil,Soil,Soil,Soil,Soil,Soil,Soil,Soil,Soil,Soil,Soil,Soil,Soil,Soil,Soil,Soil,Soil,Soil,Soil,Soil,Soil,Soil,Soil,Soil,Soil,Soil,Soil,Soil,Soil,Soil,Soil,Soil,Soil,Soil,Soil,Soil,Soil,Soil,Soil,Soil,Soil,Soil,Soil,Soil,Soil,Soil,Soil,Soil,Soil,Soil,Soil,Soil,Soil,Soil,Soil,Soil,Soil,Soil,Soil,Soil,Soil,Soil,Wall,Wall,None,None,None,None,None,None,None,None,None,None,None,None,None,None,None,None,None,None,None,None
Wall,Wall,Wall,Soil,Soil,Soil,Soil,Soil,Soil,Soil,Soil,Soil,Soil,Soil,Soil,Soil,Soil,Soil,Soil,Soil,Soil,Soil,Soil,Soil,Soil,Soil,Soil,Soil,Soil,Soil,Soil,Soil,Soil,Soil,Soil,Soil,Soil,Soil,Soil,Soil,Soil,Soil,Soil,Soil,Soil,Soil,Soil,Soil,Soil,Soil,Soil,Soil,Soil,Soil,Soil,Soil,Soil,Soil,Soil,Soil,Soil,Soil,Soil,Soil,Soil,Soil,Soil,Soil,Soil,Soil,Soil,Soil,Soil,Soil,Soil,Soil,Soil,Soil,Wall,Wall,None,None,None,None,None,None,None,None,None,None,None,None,None,None,None,None,None,None,None,None
Wall,Wall,Wall,Soil,Soil,Soil,Soil,Soil,Soil,Soil,Soil,Soil,Soil,Soil,Soil,Soil,Soil,Soil,Soil,Soil,Soil,Soil,Soil,Soil,Soil,Soil,Soil,Soil,Soil,Soil,Soil,Soil,Soil,Soil,Soil,Soil,Soil,Soil,Soil,Soil,Soil,Soil,Soil,Soil,Soil,Soil,Soil,Soil,Soil,Soil,Soil,Soil,Soil,Soil,Soil,Soil,Soil,Soil,Soil,Soil,Soil,Soil,Soil,Soil,Soil,Soil,Soil,Soil,Soil,Soil,Soil,Soil,Soil,Soil,Soil,Soil,Soil,Soil,Wall,Wall,None,None,None,None,None,None,None,None,None,None,None,None,None,None,None,None,None,None,None,None
Wall,Wall,Wall,Soil,Soil,Soil,Soil,Soil,Soil,Soil,Soil,Soil,Soil,Soil,Soil,Soil,Soil,Soil,Soil,Soil,Soil,Soil,Soil,Soil,Soil,Soil,Soil,Soil,Soil,Soil,Soil,Soil,Soil,Soil,Soil,Soil,Soil,Soil,Soil,Soil,Soil,Soil,Soil,Soil,Soil,Soil,Soil,Soil,Soil,Soil,Soil,Soil,Soil,Soil,Soil,Soil,Soil,Soil,Soil,Soil,Soil,Soil,Soil,Soil,Soil,Soil,Soil,Soil,Soil,Soil,Soil,Soil,Soil,Soil,Soil,Soil,Soil,Soil,Wall,Wall,None,None,None,None,None,None,None,None,None,None,None,None,None,None,None,None,None,None,None,None
Wall,Wall,Wall,Soil,Soil,Soil,Soil,Soil,Soil,Soil,Soil,Soil,Soil,Soil,Soil,Soil,Soil,Soil,Soil,Soil,Soil,Soil,Soil,Soil,Soil,Soil,Soil,Soil,Soil,Soil,Soil,Soil,Soil,Soil,Soil,Soil,Soil,Soil,Soil,Soil,Soil,Soil,Soil,Soil,Soil,Soil,Soil,Soil,Soil,Soil,Soil,Soil,Soil,Soil,Soil,Soil,Soil,Soil,Soil,Soil,Soil,Soil,Soil,Soil,Soil,Soil,Soil,Soil,Soil,Soil,Soil,Soil,Soil,Soil,Soil,Soil,Soil,Soil,Wall,Wall,None,None,None,None,None,None,None,None,None,None,None,None,None,None,None,None,None,None,None,None
Wall,Wall,Wall,Soil,Soil,Soil,Soil,Soil,Soil,Soil,Soil,Soil,Soil,Soil,Soil,Soil,Soil,Soil,Soil,Soil,Soil,Soil,Soil,Soil,Soil,Soil,Soil,Soil,Soil,Soil,Soil,Soil,Soil,Soil,Soil,Soil,Soil,Soil,Soil,Soil,Soil,Soil,Soil,Soil,Soil,Soil,Soil,Soil,Soil,Soil,Soil,Soil,Soil,Soil,Soil,Soil,Soil,Soil,Soil,Soil,Soil,Soil,Soil,Soil,Soil,Soil,Soil,Soil,Soil,Soil,Soil,Soil,Soil,Soil,Soil,Soil,Soil,Soil,Wall,Wall,None,None,None,None,None,None,None,None,None,None,None,None,None,None,None,None,None,None,None,None
Wall,Wall,Wall,Soil,Soil,Soil,Soil,Soil,Soil,Soil,Soil,Soil,Soil,Soil,Soil,Soil,Soil,Soil,Soil,Soil,Soil,Soil,Soil,Soil,Soil,Soil,Soil,Soil,Soil,Soil,Soil,Soil,Soil,Soil,Soil,Soil,Soil,Soil,Soil,Soil,Soil,Soil,Soil,Soil,Soil,Soil,Soil,Soil,Soil,Soil,Soil,Soil,Soil,Soil,Soil,Soil,Soil,Soil,Soil,Soil,Soil,Soil,Soil,Soil,Soil,Soil,Soil,Soil,Soil,Soil,Soil,Soil,Soil,Soil,Soil,Soil,Soil,Soil,Wall,Wall,None,None,None,None,None,None,None,None,None,None,None,None,None,None,None,None,None,None,None,None
Wall,Wall,Wall,Soil,Soil,Soil,Soil,Soil,Soil,Soil,Soil,Soil,Soil,Soil,Soil,Soil,Soil,Soil,Soil,Soil,Soil,Soil,Soil,Soil,Soil,Soil,Soil,Soil,Soil,Soil,Soil,Soil,Soil,Soil,Soil,Soil,Soil,Soil,Soil,Soil,Soil,Soil,Soil,Soil,Soil,Soil,Soil,Soil,Soil,Soil,Soil,Soil,Soil,Soil,Soil,Soil,Soil,Soil,Soil,Soil,Soil,Soil,Soil,Soil,Soil,Soil,Soil,Soil,Soil,Water,Water,Water,Water,Water,Water,Soil,Soil,Soil,Wall,Wall,None,None,None,None,None,None,None,None,None,None,None,None,None,None,None,None,None,None,None,None
Wall,Wall,Wall,Soil,Soil,Soil,Soil,Soil,Soil,Soil,Soil,Soil,Soil,Soil,Soil,Soil,Soil,Soil,Soil,Soil,Soil,Soil,Soil,Soil,Soil,Soil,Soil,Soil,Soil,Soil,Soil,Soil,Soil,Soil,Soil,Soil,Soil,Soil,Soil,Soil,Soil,Soil,Soil,Soil,Soil,Soil,Soil,Soil,Soil,Soil,Soil,Soil,Soil,Soil,Soil,Soil,Soil,Soil,Soil,Soil,Soil,Soil,Soil,Soil,Soil,Soil,Soil,Soil,Soil,Water,Water,Water,Water,Water,Water,Water,Soil,Soil,Wall,Wall,None,None,None,None,None,None,None,None,None,None,None,None,None,None,None,None,None,None,None,None
Wall,Wall,Wall,Soil,Soil,Soil,Soil,Soil,Soil,Soil,Soil,Soil,Soil,Soil,Soil,Soil,Soil,Soil,Soil,Soil,Soil,Soil,Soil,Soil,Soil,Soil,Soil,Soil,Soil,Soil,Soil,Soil,Soil,Soil,Soil,Soil,Soil,Soil,Soil,Soil,Soil,Soil,Soil,Soil,Soil,Soil,Soil,Soil,Soil,Soil,Soil,Soil,Soil,Soil,Soil,Soil,Soil,Soil,Soil,Soil,Soil,Soil,Soil,Soil,Soil,Soil,Soil,Soil,Soil,Water,Water,Water,Water,Water,Water,Water,Soil,Soil,Wall,Wall,None,None,None,None,None,None,None,None,None,None,None,None,None,None,None,None,None,None,None,None
Wall,Wall,Wall,Soil,Soil,Soil,Soil,Soil,Soil,Soil,Soil,Soil,Soil,Soil,Soil,Soil,Soil,Soil,Soil,Soil,Soil,Soil,Soil,Soil,Soil,Soil,Soil,Soil,Soil,Soil,Soil,Soil,Soil,Soil,Soil,Soil,Soil,Soil,Soil,Soil,Soil,Soil,Soil,Soil,Soil,Soil,Soil,Soil,Soil,Soil,Soil,Soil,Soil,Soil,Soil,Soil,Soil,Soil,Soil,Soil,Soil,Soil,Soil,Soil,Soil,Soil,Soil,Soil,Soil,Water,Water,Water,Water,Water,Water,Water,Soil,Soil,Wall,Wall,None,None,None,None,None,None,None,None,None,None,None,None,None,None,None,None,None,None,None,None
Wall,Wall,Wall,Soil,Soil,Soil,Soil,Soil,Soil,Soil,Soil,Soil,Soil,Soil,Soil,Soil,Soil,Soil,Soil,Soil,Soil,Soil,Soil,Soil,Soil,Soil,Soil,Soil,Soil,Soil,Soil,Soil,Soil,Soil,Soil,Soil,Soil,Soil,Soil,Soil,Soil,Soil,Soil,Soil,Soil,Soil,Soil,Soil,Soil,Soil,Soil,Soil,Soil,Soil,Soil,Soil,Soil,Soil,Soil,Soil,Soil,Soil,Soil,Soil,Soil,Soil,Soil,Soil,Soil,Water,Water,Water,Water,Water,Water,Water,Soil,Soil,Wall,Wall,None,None,None,None,None,None,None,None,None,None,None,None,None,None,None,None,None,None,None,None
Wall,Wall,Wall,Soil,Soil,Soil,Soil,Soil,Soil,Soil,Soil,Soil,Soil,Soil,Soil,Soil,Soil,Soil,Soil,Soil,Soil,Soil,Soil,Soil,Soil,Soil,Soil,Soil,Soil,Soil,Soil,Soil,Soil,Soil,Soil,Soil,Soil,Soil,Soil,Soil,Soil,Soil,Soil,Soil,Soil,Soil,Soil,Soil,Soil,Soil,Soil,Soil,Soil,Soil,Soil,Soil,Soil,Soil,Soil,Soil,Soil,Soil,Soil,Soil,Soil,Soil,Soil,Soil,Soil,Soil,Water,Water,Water,Water,Water,Water,Soil,Soil,Wall,Wall,None,None,None,None,None,None,None,None,None,None,None,None,None,None,None,None,None,None,None,None
Wall,Wall,Wall,Soil,Soil,Soil,Soil,Soil,Soil,Soil,Soil,Soil,Soil,Soil,Soil,Soil,Soil,Soil,Soil,Soil,Soil,Soil,Soil,Soil,Soil,Soil,Soil,Soil,Soil,Soil,Soil,Soil,Soil,Soil,Soil,Soil,Soil,Soil,Soil,Soil,Soil,Soil,Soil,Soil,Soil,Soil,Soil,Soil,Soil,Soil,Soil,Soil,Soil,Soil,Soil,Soil,Soil,Soil,Soil,Soil,Soil,Soil,Soil,Soil,Soil,Soil,Soil,Soil,Soil,Soil,Soil,Water,Water,Water,Water,Soil,Soil,Soil,Wall,Wall,None,None,None,None,None,None,None,None,None,None,None,None,None,None,None,None,None,None,None,None
Wall,Wall,Wall,Soil,Soil,Soil,Soil,Soil,Soil,Soil,Soil,Soil,Soil,Soil,Soil,Soil,Soil,Soil,Soil,Soil,Soil,Soil,Soil,Soil,Soil,Soil,Soil,Soil,Soil,Soil,Soil,Soil,Soil,Soil,Soil,Soil,Soil,Soil,Soil,Soil,Soil,Soil,Soil,Soil,Soil,Soil,Soil,Soil,Soil,Soil,Soil,Soil,Soil,Soil,Soil,Soil,Soil,Soil,Soil,Soil,Soil,Soil,Soil,Soil,Soil,Soil,Soil,Soil,Soil,Soil,Soil,Soil,Soil,Soil,Soil,Soil,Soil,Soil,Wall,Wall,None,None,None,None,None,None,None,None,None,None,None,None,None,None,None,None,None,None,None,None
Wall,Wall,Wall,Soil,Soil,Soil,Soil,Soil,Soil,Soil,Soil,Soil,Soil,Soil,Soil,Soil,Soil,Soil,Soil,Soil,Soil,Soil,Soil,Soil,Soil,Soil,Soil,Soil,Soil,Soil,Soil,Soil,Soil,Soil,Soil,Soil,Soil,Soil,Soil,Soil,Soil,Soil,Soil,Soil,Soil,Soil,Soil,Soil,Soil,Soil,Soil,Soil,Soil,Soil,Soil,Soil,Soil,Soil,Soil,Soil,Soil,Soil,Soil,Soil,Soil,Soil,Soil,Soil,Soil,Soil,Soil,Soil,Soil,Soil,Soil,Soil,Soil,Soil,Wall,Wall,None,None,None,None,None,None,None,None,None,None,None,None,None,None,None,None,None,None,None,None
Wall,Wall,Wall,Soil,Soil,Soil,Soil,Soil,Soil,Soil,Soil,Soil,Soil,Soil,Soil,Soil,Soil,Soil,Soil,Soil,Soil,Soil,Soil,Soil,Soil,Soil,Soil,Soil,Soil,Soil,Soil,Soil,Soil,Soil,Soil,Soil,Soil,Soil,Soil,Soil,Soil,Soil,Soil,Soil,Soil,Soil,Soil,Soil,Soil,Soil,Soil,Soil,Soil,Soil,Soil,Soil,Soil,Soil,Soil,Soil,Soil,Soil,Soil,Soil,Soil,Soil,Soil,Soil,Soil,Soil,Soil,Soil,Soil,Soil,Soil,Soil,Soil,Soil,Wall,Wall,None,None,None,None,None,None,None,None,None,None,None,None,None,None,None,None,None,None,None,None
Wall,Wall,Wall,Soil,Soil,Soil,Soil,Soil,Soil,Soil,Soil,Soil,Soil,Soil,Soil,Soil,Soil,Soil,Soil,Soil,Soil,Soil,Soil,Soil,Soil,Soil,Soil,Soil,Soil,Soil,Soil,Soil,Soil,Soil,Soil,Soil,Soil,Soil,Soil,Soil,Soil,Soil,Soil,Soil,Soil,Soil,Soil,Soil,Soil,Soil,Soil,Soil,Soil,Soil,Soil,Soil,Soil,Soil,Soil,Soil,Soil,Soil,Soil,Soil,Soil,Soil,Soil,Soil,Soil,Soil,Soil,Soil,Soil,Soil,Soil,Soil,Soil,Soil,Wall,Wall,None,None,None,None,None,None,None,None,None,None,None,None,None,None,None,None,None,None,None,None
Wall,Wall,Wall,Soil,Soil,Soil,Soil,Soil,Soil,Soil,Soil,Soil,Soil,Soil,Soil,Soil,Soil,Soil,Soil,Soil,Soil,Soil,Soil,Soil,Soil,Soil,Soil,Soil,Soil,Soil,Soil,Soil,Soil,Soil,Soil,Soil,Soil,Soil,Soil,Soil,Soil,Soil,Soil,Soil,Soil,Soil,Soil,Soil,Soil,Soil,Soil,Soil,Soil,Soil,Soil,Soil,Soil,Soil,Soil,Soil,Soil,Soil,Soil,Soil,Soil,Soil,Soil,Soil,Soil,Soil,Soil,Soil,Soil,Soil,Soil,Soil,Soil,Soil,Wall,Wall,None,None,None,None,None,None,None,None,None,None,None,None,None,None,None,None,None,None,None,None
Wall,Wall,Wall,Soil,Soil,Soil,Soil,Soil,Soil,Soil,Soil,Soil,Soil,Soil,Soil,Soil,Soil,Soil,Soil,Soil,Soil,Soil,Soil,Soil,Soil,Soil,Soil,Soil,Soil,Soil,Soil,Soil,Soil,Soil,Soil,Soil,Soil,Soil,Soil,Soil,Soil,Soil,Soil,Soil,Soil,Soil,Soil,Soil,Soil,Soil,Soil,Soil,Soil,Soil,Soil,Soil,Soil,Soil,Soil,Soil,Soil,Soil,Soil,Soil,Soil,Soil,Soil,Soil,Soil,Soil,Soil,Soil,Soil,Soil,Soil,Soil,Soil,Soil,Wall,Wall,None,None,None,None,None,None,None,None,None,None,None,None,None,None,None,None,None,None,None,None
Wall,Wall,Wall,Soil,Soil,Soil,Soil,Soil,Soil,Soil,Soil,Soil,Soil,Soil,Soil,Soil,Soil,Soil,Soil,Soil,Soil,Soil,Soil,Soil,Soil,Soil,Soil,Soil,Soil,Soil,Soil,Soil,Soil,Soil,Soil,Soil,Soil,Soil,Soil,Soil,Soil,Soil,Soil,Soil,Soil,Soil,Soil,Soil,Soil,Soil,Soil,Soil,Soil,Soil,Soil,Soil,Soil,Soil,Soil,Soil,Soil,Soil,Soil,Soil,Soil,Soil,Soil,Soil,Soil,Soil,Soil,Soil,Soil,Soil,Soil,Soil,Soil,Soil,Wall,Wall,None,None,None,None,None,None,None,None,None,None,None,None,None,None,None,None,None,None,None,None
Wall,Wall,Wall,Soil,Soil,Soil,Soil,Soil,Soil,Soil,Soil,Soil,Soil,Soil,Soil,Soil,Soil,Soil,Soil,Soil,Soil,Soil,Soil,Soil,Soil,Soil,Soil,Soil,Soil,Soil,Soil,Soil,Soil,Soil,Soil,Soil,Soil,Soil,Soil,Soil,Soil,Soil,Soil,Soil,Soil,Soil,Soil,Soil,Soil,Soil,Soil,Soil,Soil,Soil,Soil,Soil,Soil,Soil,Soil,Soil,Soil,Soil,Soil,Soil,Soil,Soil,Soil,Soil,Soil,Soil,Soil,Soil,Soil,Soil,Soil,Soil,Soil,Soil,Wall,Wall,None,None,None,None,None,None,None,None,None,None,None,None,None,None,None,None,None,None,None,None
Wall,Wall,Wall,Soil,Soil,Soil,Soil,Soil,Soil,Soil,Soil,Soil,Soil,Soil,Soil,Soil,Soil,Soil,Soil,Soil,Soil,Soil,Soil,Soil,Soil,Soil,Soil,Soil,Soil,Soil,Soil,Soil,Soil,Soil,Soil,Soil,Soil,Soil,Soil,Soil,Soil,Soil,Soil,Soil,Soil,Soil,Soil,Soil,Soil,Soil,Soil,Soil,Soil,Soil,Soil,Soil,Soil,Soil,Soil,Soil,Soil,Soil,Soil,Soil,Soil,Soil,Soil,Soil,Soil,Soil,Soil,Soil,Soil,Soil,Soil,Soil,Soil,Soil,Wall,Wall,None,None,None,None,None,None,None,None,None,None,None,None,None,None,None,None,None,None,None,None
Wall,Wall,Wall,Soil,Soil,Soil,Soil,Soil,Soil,Soil,Soil,Soil,Soil,Soil,Soil,Soil,Soil,Soil,Soil,Soil,Soil,Soil,Soil,Soil,Soil,Soil,Soil,Soil,Soil,Soil,Soil,Soil,Soil,Soil,Soil,Soil,Soil,Soil,Soil,Soil,Soil,Soil,Soil,Soil,Soil,Soil,Soil,Soil,Soil,Soil,Soil,Soil,Soil,Soil,Soil,Soil,Soil,Soil,Soil,Soil,Soil,Soil,Soil,Soil,Soil,Soil,Soil,Soil,Soil,Soil,Soil,Soil,Soil,Soil,Soil,Soil,Soil,Soil,Wall,Wall,None,None,None,None,None,None,None,None,None,None,None,None,None,None,None,None,None,None,None,None
Wall,Wall,Wall,Soil,Soil,Soil,Soil,Soil,Soil,Soil,Soil,Soil,Soil,Soil,Soil,Soil,Soil,Soil,Soil,Soil,Soil,Soil,Soil,Soil,Soil,Soil,Soil,Soil,Soil,Soil,Soil,Soil,Soil,Soil,Soil,Soil,Soil,Soil,Soil,Soil,Soil,Soil,Soil,Soil,Soil,Soil,Soil,Soil,Soil,Soil,Soil,Soil,Soil,Soil,Soil,Soil,Soil,Soil,Soil,Soil,Soil,Soil,Soil,Soil,Soil,Soil,Soil,Soil,Soil,Soil,Soil,Soil,Soil,Soil,Soil,Soil,Soil,Soil,Wall,Wall,None,None,None,None,None,None,None,None,None,None,None,None,None,None,None,None,None,None,None,None
Wall,Wall,Wall,Soil,Soil,Soil,Soil,Soil,Soil,Soil,Soil,Soil,Soil,Soil,Soil,Soil,Soil,Soil,Soil,Soil,Soil,Soil,Soil,Soil,Soil,Soil,Soil,Soil,Soil,Soil,Soil,Soil,Soil,Soil,Soil,Soil,Soil,Soil,Soil,Soil,Soil,Soil,Soil,Soil,Soil,Soil,Soil,Soil,Soil,Soil,Soil,Soil,Soil,Soil,Soil,Soil,Soil,Soil,Soil,Soil,Soil,Soil,Soil,Soil,Soil,Soil,Soil,Soil,Soil,Soil,Soil,Soil,Soil,Soil,Soil,Soil,Soil,Soil,Wall,Wall,None,None,None,None,None,None,None,None,None,None,None,None,None,None,None,None,None,None,None,None
Wall,Wall,Wall,Soil,Soil,Soil,Soil,Soil,Soil,Soil,Soil,Soil,Soil,Soil,Soil,Soil,Soil,Soil,Soil,Soil,Soil,Soil,Soil,Soil,Soil,Soil,Soil,Soil,Soil,Soil,Soil,Soil,Soil,Soil,Soil,Soil,Soil,Soil,Soil,Soil,Soil,Soil,Soil,Soil,Soil,Soil,Soil,Soil,Soil,Soil,Soil,Soil,Soil,Soil,Soil,Soil,Soil,Soil,Soil,Soil,Soil,Soil,Soil,Soil,Soil,Soil,Soil,Soil,Soil,Soil,Soil,Soil,Soil,Soil,Soil,Soil,Soil,Soil,Wall,Wall,None,None,None,None,None,None,None,None,None,None,None,None,None,None,None,None,None,None,None,None
Wall,Wall,Wall,Soil,Soil,Soil,Soil,Soil,Soil,Soil,Soil,Soil,Soil,Soil,Soil,Soil,Soil,Soil,Soil,Soil,Soil,Soil,Soil,Soil,Soil,Soil,Soil,Soil,Soil,Soil,Soil,Soil,Soil,Soil,Soil,Soil,Soil,Soil,Soil,Soil,Soil,Soil,Soil,Soil,Soil,Soil,Soil,Soil,Soil,Soil,Soil,Soil,Soil,Soil,Soil,Soil,Soil,Soil,Soil,Soil,Soil,Soil,Soil,Soil,Soil,Soil,Soil,Soil,Soil,Soil,Soil,Soil,Soil,Soil,Soil,Soil,Soil,Soil,Wall,Wall,None,None,None,None,None,None,None,None,None,None,None,None,None,None,None,None,None,None,None,None
Wall,Wall,Wall,Soil,Soil,Soil,Soil,Soil,Soil,Soil,Soil,Soil,Soil,Soil,Soil,Soil,Soil,Soil,Soil,Soil,Soil,Soil,Soil,Soil,Soil,Soil,Soil,Soil,Soil,Soil,Soil,Soil,Soil,Soil,Soil,Soil,Soil,Soil,Soil,Soil,Soil,Soil,Soil,Soil,Soil,Soil,Soil,Soil,Soil,Soil,Soil,Soil,Soil,Soil,Soil,Soil,Soil,Soil,Soil,Soil,Soil,Soil,Soil,Soil,Soil,Soil,Soil,Soil,Soil,Soil,Soil,Soil,Soil,Soil,Soil,Soil,Soil,Soil,Wall,Wall,None,None,None,None,None,None,None,None,None,None,None,None,None,None,None,None,None,None,None,None
Wall,Wall,Wall,Soil,Soil,Soil,Soil,Soil,Soil,Soil,Soil,Soil,Soil,Soil,Soil,Soil,Soil,Soil,Soil,Soil,Soil,Soil,Soil,Soil,Soil,Soil,Soil,Soil,Soil,Soil,Soil,Soil,Soil,Soil,Soil,Soil,Soil,Soil,Soil,Soil,Soil,Soil,Soil,Soil,Soil,Soil,Soil,Soil,Soil,Soil,Soil,Soil,Soil,Soil,Soil,Soil,Soil,Soil,Soil,Soil,Soil,Soil,Soil,Soil,Soil,Soil,Soil,Soil,Soil,Soil,Soil,Soil,Soil,Soil,Soil,Soil,Soil,Soil,Wall,Wall,None,None,None,None,None,None,None,None,None,None,None,None,None,None,None,None,None,None,None,None
Wall,Wall,Wall,Soil,Soil,Soil,Soil,Soil,Soil,Soil,Soil,Soil,Soil,Soil,Soil,Soil,Soil,Soil,Soil,Soil,Soil,Soil,Soil,Soil,Soil,Soil,Soil,Soil,Soil,Soil,Soil,Soil,Soil,Soil,Soil,Soil,Soil,Soil,Soil,Soil,Soil,Soil,Soil,Soil,Soil,Soil,Soil,Soil,Soil,Soil,Soil,Soil,Soil,Soil,Soil,Soil,Soil,Soil,Soil,Soil,Soil,Soil,Soil,Soil,Soil,Soil,Soil,Soil,Soil,Soil,Soil,Soil,Soil,Soil,Soil,Soil,Soil,Soil,Wall,Wall,None,None,None,None,None,None,None,None,None,None,None,None,None,None,None,None,None,None,None,None
Wall,Wall,Wall,Soil,Soil,Soil,Soil,Soil,Soil,Soil,Soil,Soil,Soil,Soil,Soil,Soil,Soil,Soil,Soil,Soil,Soil,Soil,Soil,Soil,Soil,Soil,Soil,Soil,Soil,Soil,Soil,Soil,Soil,Soil,Soil,Soil,Soil,Soil,Soil,Soil,Soil,Soil,Soil,Soil,Soil,Soil,Soil,Soil,Soil,Soil,Soil,Soil,Soil,Soil,Soil,Soil,Soil,Soil,Soil,Soil,Soil,Soil,Soil,Soil,Soil,Soil,Soil,Soil,Soil,Soil,Soil,Soil,Soil,Soil,Soil,Soil,Soil,Soil,Wall,Wall,None,None,None,None,None,None,None,None,None,None,None,None,None,None,None,None,None,None,None,None
Wall,Wall,Wall,Soil,Soil,Soil,Soil,Soil,Soil,Soil,Soil,Soil,Soil,Soil,Soil,Soil,Soil,Soil,Soil,Soil,Soil,Soil,Soil,Soil,Soil,Soil,Soil,Soil,Soil,Soil,Soil,Soil,Soil,Soil,Soil,Soil,Soil,Soil,Soil,Soil,Soil,Soil,Soil,Soil,Soil,Soil,Soil,Soil,Soil,Soil,Soil,Soil,Soil,Soil,Soil,Soil,Soil,Soil,Soil,Soil,Soil,Soil,Soil,Soil,Soil,Soil,Soil,Soil,Soil,Soil,Soil,Soil,Soil,Soil,Soil,Soil,Soil,Soil,Wall,Wall,None,None,None,None,None,None,None,None,None,None,None,None,None,None,None,None,None,None,None,None
Wall,Wall,Wall,Soil,Soil,Soil,Soil,Soil,Soil,Soil,Soil,Soil,Soil,Soil,Soil,Soil,Soil,Soil,Soil,Soil,Soil,Soil,Soil,Soil,Soil,Soil,Soil,Soil,Soil,Soil,Soil,Soil,Soil,Soil,Soil,Soil,Soil,Soil,Soil,Soil,Soil,Soil,Soil,Soil,Soil,Soil,Soil,Soil,Soil,Soil,Soil,Soil,Soil,Soil,Soil,Soil,Soil,Soil,Soil,Soil,Soil,Soil,Soil,Soil,Soil,Soil,Soil,Soil,Soil,Soil,Soil,Soil,Soil,Soil,Soil,Soil,Soil,Soil,Wall,Wall,None,None,None,None,None,None,None,None,None,None,None,None,None,None,None,None,None,None,None,None
Wall,Wall,Wall,Soil,Soil,Soil,Soil,Soil,Soil,Soil,Soil,Soil,Soil,Soil,Soil,Soil,Soil,Soil,Soil,Soil,Soil,Soil,Soil,Soil,Soil,Soil,Soil,Soil,Soil,Soil,Soil,Soil,Soil,Soil,Soil,Soil,Soil,Soil,Soil,Soil,Soil,Soil,Soil,Soil,Soil,Soil,Soil,Soil,Soil,Soil,Soil,Soil,Soil,Soil,Soil,Soil,Soil,Soil,Soil,Soil,Soil,Soil,Soil,Soil,Soil,Soil,Soil,Soil,Soil,Soil,Soil,Soil,Soil,Soil,Soil,Soil,Soil,Soil,Wall,Wall,None,None,None,None,None,None,None,None,None,None,None,None,None,None,None,None,None,None,None,None
Wall,Wall,Wall,Soil,Soil,Soil,Soil,Soil,Soil,Soil,Soil,Soil,Soil,Soil,Soil,Soil,Soil,Soil,Soil,Soil,Soil,Soil,Soil,Soil,Soil,Soil,Soil,Soil,Soil,Soil,Soil,Soil,Soil,Soil,Soil,Soil,Soil,Soil,Soil,Soil,Soil,Soil,Soil,Soil,Soil,Soil,Soil,Soil,Soil,Soil,Soil,Soil,Soil,Soil,Soil,Soil,Soil,Soil,Soil,Soil,Soil,Soil,Soil,Soil,Soil,Soil,Soil,Soil,Soil,Soil,Soil,Soil,Soil,Soil,Soil,Soil,Soil,Soil,Wall,Wall,None,None,None,None,None,None,None,None,None,None,None,None,None,None,None,None,None,None,None,None
Wall,Wall,Wall,Soil,Soil,Soil,Soil,Soil,Soil,Soil,Soil,Soil,Soil,Soil,Soil,Soil,Soil,Soil,Soil,Soil,Soil,Soil,Soil,Soil,Soil,Soil,Soil,Soil,Soil,Soil,Soil,Soil,Soil,Soil,Soil,Soil,Soil,Soil,Soil,Soil,Soil,Soil,Soil,Soil,Soil,Soil,Soil,Soil,Soil,Soil,Soil,Soil,Soil,Soil,Soil,Soil,Soil,Soil,Soil,Soil,Soil,Soil,Soil,Soil,Soil,Soil,Soil,Soil,Soil,Soil,Soil,Soil,Soil,Soil,Soil,Soil,Soil,Soil,Wall,Wall,None,None,None,None,None,None,None,None,None,None,None,None,None,None,None,None,None,None,None,None
Wall,Wall,Wall,Soil,Soil,Soil,Soil,Soil,Soil,Soil,Soil,Soil,Soil,Soil,Soil,Soil,Soil,Soil,Soil,Soil,Soil,Soil,Soil,Soil,Soil,Soil,Soil,Soil,Soil,Soil,Soil,Soil,Soil,Soil,Soil,Soil,Soil,Soil,Soil,Soil,Soil,Soil,Soil,Soil,Soil,Soil,Soil,Soil,Soil,Soil,Soil,Soil,Soil,Soil,Soil,Soil,Soil,Soil,Soil,Soil,Soil,Soil,Soil,Soil,Soil,Soil,Soil,Soil,Soil,Soil,Soil,Soil,Soil,Soil,Soil,Soil,Soil,Soil,Wall,Wall,None,None,None,None,None,None,None,None,None,None,None,None,None,None,None,None,None,None,None,None
Wall,Wall,Wall,Soil,Soil,Soil,Soil,Soil,Soil,Soil,Soil,Soil,Soil,Soil,Soil,Soil,Soil,Soil,Soil,Soil,Soil,Soil,Soil,Soil,Soil,Soil,Soil,Soil,Soil,Soil,Soil,Soil,Soil,Soil,Soil,Soil,Soil,Soil,Soil,Soil,Soil,Soil,Soil,Soil,Soil,Soil,Soil,Soil,Soil,Soil,Soil,Soil,Soil,Soil,Soil,Soil,Soil,Soil,Soil,Soil,Soil,Soil,Soil,Soil,Soil,Soil,Soil,Soil,Soil,Soil,Soil,Soil,Soil,Soil,Soil,Soil,Soil,Soil,Wall,Wall,None,None,None,None,None,None,None,None,None,None,None,None,None,None,None,None,None,None,None,None
Wall,Wall,Wall,Soil,Soil,Soil,Soil,Soil,Soil,Soil,Soil,Soil,Soil,Soil,Soil,Soil,Soil,Soil,Soil,Soil,Soil,Soil,Soil,Soil,Soil,Soil,Soil,Soil,Soil,Soil,Soil,Soil,Soil,Soil,Soil,Soil,Soil,Soil,Soil,Soil,Soil,Soil,Soil,Soil,Soil,Soil,Soil,Soil,Soil,Soil,Soil,Soil,Soil,Soil,Soil,Soil,Soil,Soil,Soil,Soil,Soil,Soil,Soil,Soil,Soil,Soil,Soil,Soil,Soil,Soil,Soil,Soil,Soil,Soil,Soil,Soil,Soil,Soil,Wall,Wall,None,None,None,None,None,None,None,None,None,None,None,None,None,None,None,None,None,None,None,None
Wall,Wall,Wall,Soil,Soil,Soil,Soil,Soil,Soil,Soil,Soil,Soil,Soil,Soil,Soil,Soil,Soil,Soil,Soil,Soil,Soil,Soil,Soil,Soil,Soil,Soil,Soil,Soil,Soil,Soil,Soil,Soil,Soil,Soil,Soil,Soil,Soil,Soil,Soil,Soil,Soil,Soil,Soil,Soil,Soil,Soil,Soil,Soil,Soil,Soil,Soil,Soil,Soil,Soil,Soil,Soil,Soil,Soil,Soil,Soil,Soil,Soil,Soil,Soil,Soil,Soil,Soil,Soil,Soil,Soil,Soil,Soil,Soil,Soil,Soil,Soil,Soil,Soil,Wall,Wall,None,None,None,None,None,None,None,None,None,None,None,None,None,None,None,None,None,None,None,None
Wall,Wall,Wall,Soil,Soil,Soil,Soil,Soil,Soil,Soil,Soil,Soil,Soil,Soil,Soil,Soil,Soil,Soil,Soil,Soil,Soil,Soil,Soil,Soil,Soil,Soil,Soil,Soil,Soil,Soil,Soil,Soil,Soil,Soil,Soil,Soil,Soil,Soil,Soil,Soil,Soil,Soil,Soil,Soil,Soil,Soil,Soil,Soil,Soil,Soil,Soil,Soil,Soil,Soil,Soil,Soil,Soil,Soil,Soil,Soil,Soil,Soil,Soil,Soil,Soil,Soil,Soil,Soil,Soil,Soil,Soil,Soil,Soil,Soil,Soil,Soil,Soil,Soil,Wall,Wall,None,None,None,None,None,None,None,None,None,None,None,None,None,None,None,None,None,None,None,None
Wall,Wall,Wall,Soil,Soil,Soil,Soil,Soil,Soil,Soil,Soil,Soil,Soil,Soil,Soil,Soil,Soil,Soil,Soil,Soil,Soil,Soil,Soil,Soil,Soil,Soil,Soil,Soil,Soil,Soil,Soil,Soil,Soil,Soil,Soil,Soil,Soil,Soil,Soil,Soil,Soil,Soil,Soil,Soil,Soil,Soil,Soil,Soil,Soil,Soil,Soil,Soil,Soil,Soil,Soil,Soil,Soil,Soil,Soil,Soil,Soil,Soil,Soil,Soil,Soil,Soil,Soil,Soil,Soil,Soil,Soil,Soil,Soil,Soil,Soil,Soil,Soil,Soil,Wall,Wall,None,None,None,None,None,None,None,None,None,None,None,None,None,None,None,None,None,None,None,None
Wall,Wall,Wall,Soil,Soil,Soil,Soil,Soil,Soil,Soil,Soil,Soil,Soil,Soil,Soil,Soil,Soil,Soil,Soil,Soil,Soil,Soil,Soil,Soil,Soil,Soil,Soil,Soil,Soil,Soil,Soil,Soil,Soil,Soil,Soil,Soil,Soil,Soil,Soil,Soil,Soil,Soil,Soil,Soil,Soil,Soil,Soil,Soil,Soil,Soil,Soil,Soil,Soil,Soil,Soil,Soil,Soil,Soil,Soil,Soil,Soil,Soil,Soil,Soil,Soil,Soil,Soil,Soil,Soil,Soil,Soil,Soil,Soil,Soil,Soil,Soil,Soil,Soil,Wall,Wall,None,None,None,None,None,None,None,None,None,None,None,None,None,None,None,None,None,None,None,None
Wall,Wall,Wall,Ground,Ground,Ground,Ground,Ground,Ground,Ground,Ground,Ground,Ground,Ground,Ground,Ground,Ground,Ground,Ground,Ground,Ground,Ground,Ground,Ground,Ground,Ground,Ground,Ground,Ground,Ground,Ground,Ground,Ground,Ground,Ground,Ground,Ground,Ground,Ground,Ground,Ground,Ground,Ground,Ground,Ground,Ground,Ground,Ground,Ground,Ground,Ground,Ground,Ground,Ground,Ground,Ground,Ground,Ground,Ground,Ground,Ground,Ground,Ground,Ground,Ground,Ground,Ground,Ground,Ground,Ground,Ground,Ground,Ground,Ground,Ground,Ground,Ground,Soil,Wall,Wall,None,None,None,None,None,None,None,None,None,None,None,None,None,None,None,None,None,None,None,None
Wall,Wall,Wall,Ground,Ground,Ground,Ground,Ground,Ground,Ground,Ground,Ground,Ground,Ground,Ground,Ground,Ground,Ground,Ground,Ground,Ground,Ground,Ground,Ground,Ground,Ground,Ground,Ground,Ground,Ground,Ground,Ground,Ground,Ground,Ground,Ground,Ground,Ground,Ground,Ground,Ground,Ground,Ground,Ground,Ground,Ground,Ground,Ground,Ground,Ground,Ground,Ground,Ground,Ground,Ground,Ground,Ground,Ground,Ground,Ground,Ground,Ground,Ground,Ground,Ground,Ground,Ground,Ground,Ground,Ground,Ground,Ground,Ground,Ground,Ground,Ground,Ground,Soil,Wall,Wall,None,None,None,None,None,None,None,None,None,None,None,None,None,None,None,None,None,None,None,None
Wall,Wall,Wall,Wall,Wall,Wall,Wall,Wall,Wall,Wall,Wall,Wall,Wall,Wall,Wall,Wall,Wall,Wall,Wall,Wall,Wall,Wall,Wall,Wall,Wall,Wall,Wall,Wall,Wall,Wall,Wall,Wall,Wall,Wall,Wall,Wall,Wall,Wall,Wall,Wall,PassableInteractive,PassableInteractive,Wall,Wall,Wall,Wall,Wall,Wall,Wall,Wall,Wall,Wall,Wall,Wall,Wall,Wall,Wall,Wall,Wall,Wall,Wall,Wall,Wall,Wall,Wall,Wall,Wall,Wall,Wall,Wall,Wall,Wall,Wall,Wall,Wall,Wall,Wall,Wall,Wall,Wall,None,None,None,None,None,None,None,None,None,None,None,None,None,None,None,None,None,None,None,None
Wall,Wall,Wall,Wall,Wall,Wall,Wall,Wall,Wall,Wall,Wall,Wall,Wall,Wall,Wall,Wall,Wall,Wall,Wall,Wall,Wall,Wall,Wall,Wall,Wall,Wall,Wall,Wall,Wall,Wall,Wall,Wall,Wall,Wall,Wall,Wall,Wall,Wall,Wall,Wall,PassableInteractive,PassableInteractive,Wall,Wall,Wall,Wall,Wall,Wall,Wall,Wall,Wall,Wall,Wall,Wall,Wall,Wall,Wall,Wall,Wall,Wall,Wall,Wall,Wall,Wall,Wall,Wall,Wall,Wall,Wall,Wall,Wall,Wall,Wall,Wall,Wall,Wall,Wall,Wall,Wall,Wall,None,None,None,None,None,None,None,None,None,None,None,None,None,None,None,None,None,None,None,None
Wall,Wall,Wall,Wall,Wall,Wall,Wall,Wall,Wall,Wall,Wall,Wall,Wall,Wall,Wall,Wall,Wall,Wall,Wall,Wall,Wall,Wall,Wall,Wall,Wall,Wall,Wall,Wall,Wall,Wall,Wall,Wall,Wall,Wall,Wall,Wall,Wall,Wall,Wall,Wall,PassableInteractive,PassableInteractive,Wall,Wall,Wall,Wall,Wall,Wall,Wall,Wall,Wall,Wall,Wall,Wall,Wall,Wall,Wall,Wall,Wall,Wall,Wall,Wall,Wall,Wall,Wall,Wall,Wall,Wall,Wall,Wall,Wall,Wall,Wall,Wall,Wall,Wall,Wall,Wall,Wall,Wall,None,None,None,None,None,None,None,None,None,None,None,None,None,None,None,None,None,None,None,None
None,None,None,None,None,None,None,None,None,None,None,None,None,None,None,None,None,None,None,None,None,None,None,None,None,None,None,None,None,None,None,None,None,None,None,None,None,None,None,None,None,None,None,None,None,None,None,None,None,None,None,None,None,None,None,None,None,None,None,None,None,None,None,None,None,None,None,None,None,None,None,None,None,None,None,None,None,None,None,None,None,None,None,None,None,None,None,None,None,None,None,None,None,None,None,None,None,None,None,None
None,None,None,None,None,None,None,None,None,None,None,None,None,None,None,None,None,None,None,None,None,None,None,None,None,None,None,None,None,None,None,None,None,None,None,None,None,None,None,None,None,None,None,None,None,None,None,None,None,None,None,None,None,None,None,None,None,None,None,None,None,None,None,None,None,None,None,None,None,None,None,None,None,None,None,None,None,None,None,None,None,None,None,None,None,None,None,None,None,None,None,None,None,None,None,None,None,None,None,None
None,None,None,None,None,None,None,None,None,None,None,None,None,None,None,None,None,None,None,None,None,None,None,None,None,None,None,None,None,None,None,None,None,None,None,None,None,None,None,None,None,None,None,None,None,None,None,None,None,None,None,None,None,None,None,None,None,None,None,None,None,None,None,None,None,None,None,None,None,None,None,None,None,None,None,None,None,None,None,None,None,None,None,None,None,None,None,None,None,None,None,None,None,None,None,None,None,None,None,None
None,None,None,None,None,None,None,None,None,None,None,None,None,None,None,None,None,None,None,None,None,None,None,None,None,None,None,None,None,None,None,None,None,None,None,None,None,None,None,None,None,None,None,None,None,None,None,None,None,None,None,None,None,None,None,None,None,None,None,None,None,None,None,None,None,None,None,None,None,None,None,None,None,None,None,None,None,None,None,None,None,None,None,None,None,None,None,None,None,None,None,None,None,None,None,None,None,None,None,None
None,None,None,None,None,None,None,None,None,None,None,None,None,None,None,None,None,None,None,None,None,None,None,None,None,None,None,None,None,None,None,None,None,None,None,None,None,None,None,None,None,None,None,None,None,None,None,None,None,None,None,None,None,None,None,None,None,None,None,None,None,None,None,None,None,None,None,None,None,None,None,None,None,None,None,None,None,None,None,None,None,None,None,None,None,None,None,None,None,None,None,None,None,None,None,None,None,None,None,None
None,None,None,None,None,None,None,None,None,None,None,None,None,None,None,None,None,None,None,None,None,None,None,None,None,None,None,None,None,None,None,None,None,None,None,None,None,None,None,None,None,None,None,None,None,None,None,None,None,None,None,None,None,None,None,None,None,None,None,None,None,None,None,None,None,None,None,None,None,None,None,None,None,None,None,None,None,None,None,None,None,None,None,None,None,None,None,None,None,None,None,None,None,None,None,None,None,None,None,None
None,None,None,None,None,None,None,None,None,None,None,None,None,None,None,None,None,None,None,None,None,None,None,None,None,None,None,None,None,None,None,None,None,None,None,None,None,None,None,None,None,None,None,None,None,None,None,None,None,None,None,None,None,None,None,None,None,None,None,None,None,None,None,None,None,None,None,None,None,None,None,None,None,None,None,None,None,None,None,None,None,None,None,None,None,None,None,None,None,None,None,None,None,None,None,None,None,None,None,None
None,None,None,None,None,None,None,None,None,None,None,None,None,None,None,None,None,None,None,None,None,None,None,None,None,None,None,None,None,None,None,None,None,None,None,None,None,None,None,None,None,None,None,None,None,None,None,None,None,None,None,None,None,None,None,None,None,None,None,None,None,None,None,None,None,None,None,None,None,None,None,None,None,None,None,None,None,None,None,None,None,None,None,None,None,None,None,None,None,None,None,None,None,None,None,None,None,None,None,None
None,None,None,None,None,None,None,None,None,None,None,None,None,None,None,None,None,None,None,None,None,None,None,None,None,None,None,None,None,None,None,None,None,None,None,None,None,None,None,None,None,None,None,None,None,None,None,None,None,None,None,None,None,None,None,None,None,None,None,None,None,None,None,None,None,None,None,None,None,None,None,None,None,None,None,None,None,None,None,None,None,None,None,None,None,None,None,None,None,None,None,None,None,None,None,None,None,None,None,None
None,None,None,None,None,None,None,None,None,None,None,None,None,None,None,None,None,None,None,None,None,None,None,None,None,None,None,None,None,None,None,None,None,None,None,None,None,None,None,None,None,None,None,None,None,None,None,None,None,None,None,None,None,None,None,None,None,None,None,None,None,None,None,None,None,None,None,None,None,None,None,None,None,None,None,None,None,None,None,None,None,None,None,None,None,None,None,None,None,None,None,None,None,None,None,None,None,None,None,None
None,None,None,None,None,None,None,None,None,None,None,None,None,None,None,None,None,None,None,None,None,None,None,None,None,None,None,None,None,None,None,None,None,None,None,None,None,None,None,None,None,None,None,None,None,None,None,None,None,None,None,None,None,None,None,None,None,None,None,None,None,None,None,None,None,None,None,None,None,None,None,None,None,None,None,None,None,None,None,None,None,None,None,None,None,None,None,None,None,None,None,None,None,None,None,None,None,None,None,None
None,None,None,None,None,None,None,None,None,None,None,None,None,None,None,None,None,None,None,None,None,None,None,None,None,None,None,None,None,None,None,None,None,None,None,None,None,None,None,None,None,None,None,None,None,None,None,None,None,None,None,None,None,None,None,None,None,None,None,None,None,None,None,None,None,None,None,None,None,None,None,None,None,None,None,None,None,None,None,None,None,None,None,None,None,None,None,None,None,None,None,None,None,None,None,None,None,None,None,None
None,None,None,None,None,None,None,None,None,None,None,None,None,None,None,None,None,None,None,None,None,None,None,None,None,None,None,None,None,None,None,None,None,None,None,None,None,None,None,None,None,None,None,None,None,None,None,None,None,None,None,None,None,None,None,None,None,None,None,None,None,None,None,None,None,None,None,None,None,None,None,None,None,None,None,None,None,None,None,None,None,None,None,None,None,None,None,None,None,None,None,None,None,None,None,None,None,None,None,None
None,None,None,None,None,None,None,None,None,None,None,None,None,None,None,None,None,None,None,None,None,None,None,None,None,None,None,None,None,None,None,None,None,None,None,None,None,None,None,None,None,None,None,None,None,None,None,None,None,None,None,None,None,None,None,None,None,None,None,None,None,None,None,None,None,None,None,None,None,None,None,None,None,None,None,None,None,None,None,None,None,None,None,None,None,None,None,None,None,None,None,None,None,None,None,None,None,None,None,None
None,None,None,None,None,None,None,None,None,None,None,None,None,None,None,None,None,None,None,None,None,None,None,None,None,None,None,None,None,None,None,None,None,None,None,None,None,None,None,None,None,None,None,None,None,None,None,None,None,None,None,None,None,None,None,None,None,None,None,None,None,None,None,None,None,None,None,None,None,None,None,None,None,None,None,None,None,None,None,None,None,None,None,None,None,None,None,None,None,None,None,None,None,None,None,None,None,None,None,None
None,None,None,None,None,None,None,None,None,None,None,None,None,None,None,None,None,None,None,None,None,None,None,None,None,None,None,None,None,None,None,None,None,None,None,None,None,None,None,None,None,None,None,None,None,None,None,None,None,None,None,None,None,None,None,None,None,None,None,None,None,None,None,None,None,None,None,None,None,None,None,None,None,None,None,None,None,None,None,None,None,None,None,None,None,None,None,None,None,None,None,None,None,None,None,None,None,None,None,None
None,None,None,None,None,None,None,None,None,None,None,None,None,None,None,None,None,None,None,None,None,None,None,None,None,None,None,None,None,None,None,None,None,None,None,None,None,None,None,None,None,None,None,None,None,None,None,None,None,None,None,None,None,None,None,None,None,None,None,None,None,None,None,None,None,None,None,None,None,None,None,None,None,None,None,None,None,None,None,None,None,None,None,None,None,None,None,None,None,None,None,None,None,None,None,None,None,None,None,None
None,None,None,None,None,None,None,None,None,None,None,None,None,None,None,None,None,None,None,None,None,None,None,None,None,None,None,None,None,None,None,None,None,None,None,None,None,None,None,None,None,None,None,None,None,None,None,None,None,None,None,None,None,None,None,None,None,None,None,None,None,None,None,None,None,None,None,None,None,None,None,None,None,None,None,None,None,None,None,None,None,None,None,None,None,None,None,None,None,None,None,None,None,None,None,None,None,None,None,None
None,None,None,None,None,None,None,None,None,None,None,None,None,None,None,None,None,None,None,None,None,None,None,None,None,None,None,None,None,None,None,None,None,None,None,None,None,None,None,None,None,None,None,None,None,None,None,None,None,None,None,None,None,None,None,None,None,None,None,None,None,None,None,None,None,None,None,None,None,None,None,None,None,None,None,None,None,None,None,None,None,None,None,None,None,None,None,None,None,None,None,None,None,None,None,None,None,None,None,None
None,None,None,None,None,None,None,None,None,None,None,None,None,None,None,None,None,None,None,None,None,None,None,None,None,None,None,None,None,None,None,None,None,None,None,None,None,None,None,None,None,None,None,None,None,None,None,None,None,None,None,None,None,None,None,None,None,None,None,None,None,None,None,None,None,None,None,None,None,None,None,None,None,None,None,None,None,None,None,None,None,None,None,None,None,None,None,None,None,None,None,None,None,None,None,None,None,None,None,None
None,None,None,None,None,None,None,None,None,None,None,None,None,None,None,None,None,None,None,None,None,None,None,None,None,None,None,None,None,None,None,None,None,None,None,None,None,None,None,None,None,None,None,None,None,None,None,None,None,None,None,None,None,None,None,None,None,None,None,None,None,None,None,None,None,None,None,None,None,None,None,None,None,None,None,None,None,None,None,None,None,None,None,None,None,None,None,None,None,None,None,None,None,None,None,None,None,None,None,None
None,None,None,None,None,None,None,None,None,None,None,None,None,None,None,None,None,None,None,None,None,None,None,None,None,None,None,None,None,None,None,None,None,None,None,None,None,None,None,None,None,None,None,None,None,None,None,None,None,None,None,None,None,None,None,None,None,None,None,None,None,None,None,None,None,None,None,None,None,None,None,None,None,None,None,None,None,None,None,None,None,None,None,None,None,None,None,None,None,None,None,None,None,None,None,None,None,None,None,None
None,None,None,None,None,None,None,None,None,None,None,None,None,None,None,None,None,None,None,None,None,None,None,None,None,None,None,None,None,None,None,None,None,None,None,None,None,None,None,None,None,None,None,None,None,None,None,None,None,None,None,None,None,None,None,None,None,None,None,None,None,None,None,None,None,None,None,None,None,None,None,None,None,None,None,None,None,None,None,None,None,None,None,None,None,None,None,None,None,None,None,None,None,None,None,None,None,None,None,None
None,None,None,None,None,None,None,None,None,None,None,None,None,None,None,None,None,None,None,None,None,None,None,None,None,None,None,None,None,None,None,None,None,None,None,None,None,None,None,None,None,None,None,None,None,None,None,None,None,None,None,None,None,None,None,None,None,None,None,None,None,None,None,None,None,None,None,None,None,None,None,None,None,None,None,None,None,None,None,None,None,None,None,None,None,None,None,None,None,None,None,None,None,None,None,None,None,None,None,None
None,None,None,None,None,None,None,None,None,None,None,None,None,None,None,None,None,None,None,None,None,None,None,None,None,None,None,None,None,None,None,None,None,None,None,None,None,None,None,None,None,None,None,None,None,None,None,None,None,None,None,None,None,None,None,None,None,None,None,None,None,None,None,None,None,None,None,None,None,None,None,None,None,None,None,None,None,None,None,None,None,None,None,None,None,None,None,None,None,None,None,None,None,None,None,None,None,None,None,None
None,None,None,None,None,None,None,None,None,None,None,None,None,None,None,None,None,None,None,None,None,None,None,None,None,None,None,None,None,None,None,None,None,None,None,None,None,None,None,None,None,None,None,None,None,None,None,None,None,None,None,None,None,None,None,None,None,None,None,None,None,None,None,None,None,None,None,None,None,None,None,None,None,None,None,None,None,None,None,None,None,None,None,None,None,None,None,None,None,None,None,None,None,None,None,None,None,None,None,None
None,None,None,None,None,None,None,None,None,None,None,None,None,None,None,None,None,None,None,None,None,None,None,None,None,None,None,None,None,None,None,None,None,None,None,None,None,None,None,None,None,None,None,None,None,None,None,None,None,None,None,None,None,None,None,None,None,None,None,None,None,None,None,None,None,None,None,None,None,None,None,None,None,None,None,None,None,None,None,None,None,None,None,None,None,None,None,None,None,None,None,None,None,None,None,None,None,None,None,None
None,None,None,None,None,None,None,None,None,None,None,None,None,None,None,None,None,None,None,None,None,None,None,None,None,None,None,None,None,None,None,None,None,None,None,None,None,None,None,None,None,None,None,None,None,None,None,None,None,None,None,None,None,None,None,None,None,None,None,None,None,None,None,None,None,None,None,None,None,None,None,None,None,None,None,None,None,None,None,None,None,None,None,None,None,None,None,None,None,None,None,None,None,None,None,None,None,None,None,None
None,None,None,None,None,None,None,None,None,None,None,None,None,None,None,None,None,None,None,None,None,None,None,None,None,None,None,None,None,None,None,None,None,None,None,None,None,None,None,None,None,None,None,None,None,None,None,None,None,None,None,None,None,None,None,None,None,None,None,None,None,None,None,None,None,None,None,None,None,None,None,None,None,None,None,None,None,None,None,None,None,None,None,None,None,None,None,None,None,None,None,None,None,None,None,None,None,None,None,None
None,None,None,None,None,None,None,None,None,None,None,None,None,None,None,None,None,None,None,None,None,None,None,None,None,None,None,None,None,None,None,None,None,None,None,None,None,None,None,None,None,None,None,None,None,None,None,None,None,None,None,None,None,None,None,None,None,None,None,None,None,None,None,None,None,None,None,None,None,None,None,None,None,None,None,None,None,None,None,None,None,None,None,None,None,None,None,None,None,None,None,None,None,None,None,None,None,None,None,None
None,None,None,None,None,None,None,None,None,None,None,None,None,None,None,None,None,None,None,None,None,None,None,None,None,None,None,None,None,None,None,None,None,None,None,None,None,None,None,None,None,None,None,None,None,None,None,None,None,None,None,None,None,None,None,None,None,None,None,None,None,None,None,None,None,None,None,None,None,None,None,None,None,None,None,None,None,None,None,None,None,None,None,None,None,None,None,None,None,None,None,None,None,None,None,None,None,None,None,None
None,None,None,None,None,None,None,None,None,None,None,None,None,None,None,None,None,None,None,None,None,None,None,None,None,None,None,None,None,None,None,None,None,None,None,None,None,None,None,None,None,None,None,None,None,None,None,None,None,None,None,None,None,None,None,None,None,None,None,None,None,None,None,None,None,None,None,None,None,None,None,None,None,None,None,None,None,None,None,None,None,None,None,None,None,None,None,None,None,None,None,None,None,None,None,None,None,None,None,None
None,None,None,None,None,None,None,None,None,None,None,None,None,None,None,None,None,None,None,None,None,None,None,None,None,None,None,None,None,None,None,None,None,None,None,None,None,None,None,None,None,None,None,None,None,None,None,None,None,None,None,None,None,None,None,None,None,None,None,None,None,None,None,None,None,None,None,None,None,None,None,None,None,None,None,None,None,None,None,None,None,None,None,None,None,None,None,None,None,None,None,None,None,None,None,None,None,None,None,None
None,None,None,None,None,None,None,None,None,None,None,None,None,None,None,None,None,None,None,None,None,None,None,None,None,None,None,None,None,None,None,None,None,None,None,None,None,None,None,None,None,None,None,None,None,None,None,None,None,None,None,None,None,None,None,None,None,None,None,None,None,None,None,None,None,None,None,None,None,None,None,None,None,None,None,None,None,None,None,None,None,None,None,None,None,None,None,None,None,None,None,None,None,None,None,None,None,None,None,None
None,None,None,None,None,None,None,None,None,None,None,None,None,None,None,None,None,None,None,None,None,None,None,None,None,None,None,None,None,None,None,None,None,None,None,None,None,None,None,None,None,None,None,None,None,None,None,None,None,None,None,None,None,None,None,None,None,None,None,None,None,None,None,None,None,None,None,None,None,None,None,None,None,None,None,None,None,None,None,None,None,None,None,None,None,None,None,None,None,None,None,None,None,None,None,None,None,None,None,None
None,None,None,None,None,None,None,None,None,None,None,None,None,None,None,None,None,None,None,None,None,None,None,None,None,None,None,None,None,None,None,None,None,None,None,None,None,None,None,None,None,None,None,None,None,None,None,None,None,None,None,None,None,None,None,None,None,None,None,None,None,None,None,None,None,None,None,None,None,None,None,None,None,None,None,None,None,None,None,None,None,None,None,None,None,None,None,None,None,None,None,None,None,None,None,None,None,None,None,None
