,,,,,,,,,,,,,,,,,,,,,,,,,,,,,,,,,,,,,,,,,,,,,,,,,,,,,,,,,,,
,,,,,,,,,,,,,,,,,,,,OutdoorsSpring.png#Spring_X8Y17,,,,,,,,,,,,,,,,,,,,,,,,,,,,,,,,,,,,,,,
,,OutdoorsSpring.png#Spring_X0Y7,OutdoorsSpring.png#Spring_X0Y6,OutdoorsSpring.png#Spring_X0Y7,OutdoorsSpring.png#Spring_X0Y7,OutdoorsSpring.png#Spring_X0Y7,OutdoorsSpring.png#Spring_X0Y7,OutdoorsSpring.png#Spring_X0Y6,OutdoorsSpring.png#Spring_X28Y5,OutdoorsSpring.png#Spring_X28Y5,OutdoorsSpring.png#Spring_X0Y7,OutdoorsSpring.png#Spring_X0Y7,OutdoorsSpring.png#Spring_X0Y7,OutdoorsSpring.png#Spring_X0Y7,OutdoorsSpring.png#Spring_X0Y7,OutdoorsSpring.png#Spring_X0Y7,OutdoorsSpring.png#Spring_X0Y7,OutdoorsSpring.png#Spring_X0Y7,OutdoorsSpring.png#Spring_X0Y7,OutdoorsSpring.png#Spring_X0Y7,OutdoorsSpring.png#Spring_X0Y7,OutdoorsSpring.png#Spring_X0Y7,OutdoorsSpring.png#Spring_X0Y7,OutdoorsSpring.png#Spring_X0Y7,OutdoorsSpring.png#Spring_X0Y7,OutdoorsSpring.png#Spring_X0Y7,OutdoorsSpring.png#Spring_X0Y7,OutdoorsSpring.png#Spring_X0Y7,OutdoorsSpring.png#Spring_X0Y7,OutdoorsSpring.png#Spring_X0Y7,OutdoorsSpring.png#Spring_X0Y7,OutdoorsSpring.png#Spring_X0Y7,OutdoorsSpring.png#Spring_X0Y7,OutdoorsSpring.png#Spring_X0Y7,OutdoorsSpring.png#Spring_X0Y7,OutdoorsSpring.png#Spring_X0Y7,OutdoorsSpring.png#Spring_X0Y7,OutdoorsSpring.png#Spring_X0Y7,OutdoorsSpring.png#Spring_X0Y7,OutdoorsSpring.png#Spring_X0Y7,OutdoorsSpring.png#Spring_X0Y7,OutdoorsSpring.png#Spring_X0Y7,OutdoorsSpring.png#Spring_X0Y7,OutdoorsSpring.png#Spring_X0Y7,OutdoorsSpring.png#Spring_X0Y7,OutdoorsSpring.png#Spring_X0Y7,OutdoorsSpring.png#Spring_X0Y7,OutdoorsSpring.png#Spring_X0Y7,OutdoorsSpring.png#Spring_X0Y7,OutdoorsSpring.png#Spring_X0Y7,OutdoorsSpring.png#Spring_X0Y7,OutdoorsSpring.png#Spring_X0Y7,OutdoorsSpring.png#Spring_X0Y7,OutdoorsSpring.png#Spring_X0Y7,OutdoorsSpring.png#Spring_X0Y7,OutdoorsSpring.png#Spring_X0Y7,OutdoorsSpring.png#Spring_X0Y7,,
,,OutdoorsSpring.png#Spring_X0Y7,OutdoorsSpring.png#Spring_X0Y7,OutdoorsSpring.png#Spring_X0Y7,OutdoorsSpring.png#Spring_X0Y6,OutdoorsSpring.png#Spring_X0Y7,OutdoorsSpring.png#Spring_X28Y5,OutdoorsSpring.png#Spring_X28Y5,OutdoorsSpring.png#Spring_X28Y5,OutdoorsSpring.png#Spring_X28Y5,OutdoorsSpring.png#Spring_X0Y7,OutdoorsSpring.png#Spring_X0Y7,OutdoorsSpring.png#Spring_X0Y7,OutdoorsSpring.png#Spring_X0Y7,OutdoorsSpring.png#Spring_X0Y7,OutdoorsSpring.png#Spring_X0Y7,OutdoorsSpring.png#Spring_X0Y7,OutdoorsSpring.png#Spring_X0Y7,OutdoorsSpring.png#Spring_X0Y7,OutdoorsSpring.png#Spring_X0Y7,OutdoorsSpring.png#Spring_X0Y7,OutdoorsSpring.png#Spring_X0Y7,OutdoorsSpring.png#Spring_X0Y7,OutdoorsSpring.png#Spring_X0Y7,OutdoorsSpring.png#Spring_X0Y7,OutdoorsSpring.png#Spring_X0Y7,OutdoorsSpring.png#Spring_X0Y7,OutdoorsSpring.png#Spring_X0Y7,OutdoorsSpring.png#Spring_X0Y7,OutdoorsSpring.png#Spring_X0Y7,OutdoorsSpring.png#Spring_X0Y7,OutdoorsSpring.png#Spring_X0Y7,OutdoorsSpring.png#Spring_X0Y7,OutdoorsSpring.png#Spring_X0Y7,OutdoorsSpring.png#Spring_X0Y7,OutdoorsSpring.png#Spring_X0Y7,OutdoorsSpring.png#Spring_X0Y7,OutdoorsSpring.png#Spring_X0Y7,OutdoorsSpring.png#Spring_X0Y7,OutdoorsSpring.png#Spring_X0Y7,OutdoorsSpring.png#Spring_X0Y7,OutdoorsSpring.png#Spring_X0Y7,OutdoorsSpring.png#Spring_X0Y7,OutdoorsSpring.png#Spring_X0Y7,OutdoorsSpring.png#Spring_X0Y7,OutdoorsSpring.png#Spring_X0Y7,OutdoorsSpring.png#Spring_X0Y7,OutdoorsSpring.png#Spring_X0Y7,OutdoorsSpring.png#Spring_X0Y7,OutdoorsSpring.png#Spring_X0Y7,OutdoorsSpring.png#Spring_X0Y7,OutdoorsSpring.png#Spring_X0Y7,OutdoorsSpring.png#Spring_X0Y7,OutdoorsSpring.png#Spring_X0Y7,OutdoorsSpring.png#Spring_X0Y7,OutdoorsSpring.png#Spring_X0Y7,OutdoorsSpring.png#Spring_X0Y7,,
,,OutdoorsSpring.png#Spring_X0Y6,OutdoorsSpring.png#Spring_X0Y7,OutdoorsSpring.png#Spring_X37Y23,OutdoorsSpring.png#Spring_X20Y11,OutdoorsSpring.png#Spring_X17Y18,OutdoorsSpring.png#Spring_X18Y18,OutdoorsSpring.png#Spring_X17Y18,OutdoorsSpring.png#Spring_X27Y24,OutdoorsSpring.png#Spring_X26Y24,OutdoorsSpring.png#Spring_X27Y24,OutdoorsSpring.png#Spring_X26Y24,OutdoorsSpring.png#Spring_X27Y24,OutdoorsSpring.png#Spring_X27Y24,OutdoorsSpring.png#Spring_X26Y24,OutdoorsSpring.png#Spring_X27Y24,OutdoorsSpring.png#Spring_X26Y24,OutdoorsSpring.png#Spring_X27Y24,OutdoorsSpring.png#Spring_X26Y24,OutdoorsSpring.png#Spring_X27Y24,OutdoorsSpring.png#Spring_X26Y24,OutdoorsSpring.png#Spring_X27Y24,OutdoorsSpring.png#Spring_X26Y24,OutdoorsSpring.png#Spring_X27Y24,OutdoorsSpring.png#Spring_X26Y24,OutdoorsSpring.png#Spring_X27Y24,OutdoorsSpring.png#Spring_X26Y24,OutdoorsSpring.png#Spring_X26Y24,OutdoorsSpring.png#Spring_X27Y24,OutdoorsSpring.png#Spring_X27Y24,OutdoorsSpring.png#Spring_X26Y24,OutdoorsSpring.png#Spring_X27Y24,OutdoorsSpring.png#Spring_X26Y24,OutdoorsSpring.png#Spring_X27Y24,OutdoorsSpring.png#Spring_X26Y24,OutdoorsSpring.png#Spring_X27Y24,OutdoorsSpring.png#Spring_X26Y24,OutdoorsSpring.png#Spring_X27Y24,OutdoorsSpring.png#Spring_X26Y24,OutdoorsSpring.png#Spring_X27Y24,OutdoorsSpring.png#Spring_X26Y24,OutdoorsSpring.png#Spring_X27Y24,OutdoorsSpring.png#Spring_X27Y24,OutdoorsSpring.png#Spring_X27Y24,OutdoorsSpring.png#Spring_X27Y24,OutdoorsSpring.png#Spring_X27Y24,OutdoorsSpring.png#Spring_X27Y24,OutdoorsSpring.png#Spring_X27Y24,OutdoorsSpring.png#Spring_X27Y24,OutdoorsSpring.png#Spring_X26Y24,OutdoorsSpring.png#Spring_X27Y24,OutdoorsSpring.png#Spring_X27Y24,OutdoorsSpring.png#Spring_X26Y24,OutdoorsSpring.png#Spring_X27Y24,OutdoorsSpring.png#Spring_X26Y24,OutdoorsSpring.png#Spring_X26Y24,OutdoorsSpring.png#Spring_X26Y24,,
,,OutdoorsSpring.png#Spring_X0Y7,OutdoorsSpring.png#Spring_X31Y30,OutdoorsSpring.png#Spring_X20Y12,OutdoorsSpring.png#Spring_X18Y19,OutdoorsSpring.png#Spring_X18Y19,OutdoorsSpring.png#Spring_X18Y19,OutdoorsSpring.png#Spring_X18Y19,OutdoorsSpring.png#Spring_X18Y19,OutdoorsSpring.png#Spring_X18Y19,OutdoorsSpring.png#Spring_X18Y19,OutdoorsSpring.png#Spring_X18Y19,OutdoorsSpring.png#Spring_X18Y19,OutdoorsSpring.png#Spring_X18Y19,OutdoorsSpring.png#Spring_X18Y19,OutdoorsSpring.png#Spring_X18Y19,OutdoorsSpring.png#Spring_X18Y19,OutdoorsSpring.png#Spring_X18Y19,OutdoorsSpring.png#Spring_X18Y19,OutdoorsSpring.png#Spring_X18Y19,OutdoorsSpring.png#Spring_X18Y19,OutdoorsSpring.png#Spring_X18Y19,OutdoorsSpring.png#Spring_X18Y19,OutdoorsSpring.png#Spring_X18Y19,OutdoorsSpring.png#Spring_X18Y19,OutdoorsSpring.png#Spring_X18Y19,OutdoorsSpring.png#Spring_X18Y19,OutdoorsSpring.png#Spring_X18Y19,OutdoorsSpring.png#Spring_X18Y19,OutdoorsSpring.png#Spring_X18Y19,OutdoorsSpring.png#Spring_X18Y19,OutdoorsSpring.png#Spring_X18Y19,OutdoorsSpring.png#Spring_X18Y19,OutdoorsSpring.png#Spring_X18Y19,OutdoorsSpring.png#Spring_X18Y19,OutdoorsSpring.png#Spring_X18Y19,OutdoorsSpring.png#Spring_X18Y19,OutdoorsSpring.png#Spring_X18Y19,OutdoorsSpring.png#Spring_X18Y19,OutdoorsSpring.png#Spring_X18Y19,OutdoorsSpring.png#Spring_X18Y19,OutdoorsSpring.png#Spring_X18Y19,OutdoorsSpring.png#Spring_X18Y19,OutdoorsSpring.png#Spring_X18Y19,OutdoorsSpring.png#Spring_X18Y19,OutdoorsSpring.png#Spring_X18Y19,OutdoorsSpring.png#Spring_X18Y19,OutdoorsSpring.png#Spring_X18Y19,OutdoorsSpring.png#Spring_X18Y19,OutdoorsSpring.png#Spring_X18Y19,OutdoorsSpring.png#Spring_X18Y19,OutdoorsSpring.png#Spring_X18Y19,OutdoorsSpring.png#Spring_X18Y19,OutdoorsSpring.png#Spring_X18Y19,OutdoorsSpring.png#Spring_X18Y19,OutdoorsSpring.png#Spring_X18Y19,OutdoorsSpring.png#Spring_X17Y19,,
,,OutdoorsSpring.png#Spring_X31Y23,OutdoorsSpring.png#Spring_X21Y12,OutdoorsSpring.png#Spring_X17Y16,OutdoorsSpring.png#Spring_X17Y20,OutdoorsSpring.png#Spring_X18Y20,OutdoorsSpring.png#Spring_X17Y20,OutdoorsSpring.png#Spring_X18Y20,OutdoorsSpring.png#Spring_X17Y20,OutdoorsSpring.png#Spring_X18Y20,OutdoorsSpring.png#Spring_X17Y20,OutdoorsSpring.png#Spring_X18Y20,OutdoorsSpring.png#Spring_X17Y20,OutdoorsSpring.png#Spring_X18Y20,OutdoorsSpring.png#Spring_X17Y20,OutdoorsSpring.png#Spring_X18Y20,OutdoorsSpring.png#Spring_X17Y20,OutdoorsSpring.png#Spring_X18Y20,OutdoorsSpring.png#Spring_X17Y20,OutdoorsSpring.png#Spring_X18Y20,OutdoorsSpring.png#Spring_X17Y20,OutdoorsSpring.png#Spring_X18Y20,OutdoorsSpring.png#Spring_X17Y20,OutdoorsSpring.png#Spring_X18Y20,OutdoorsSpring.png#Spring_X18Y20,OutdoorsSpring.png#Spring_X18Y20,OutdoorsSpring.png#Spring_X18Y20,OutdoorsSpring.png#Spring_X18Y20,OutdoorsSpring.png#Spring_X18Y20,OutdoorsSpring.png#Spring_X18Y20,OutdoorsSpring.png#Spring_X18Y20,OutdoorsSpring.png#Spring_X18Y20,OutdoorsSpring.png#Spring_X18Y20,OutdoorsSpring.png#Spring_X18Y20,OutdoorsSpring.png#Spring_X18Y20,OutdoorsSpring.png#Spring_X18Y20,OutdoorsSpring.png#Spring_X18Y20,OutdoorsSpring.png#Spring_X18Y20,OutdoorsSpring.png#Spring_X18Y20,OutdoorsSpring.png#Spring_X18Y20,OutdoorsSpring.png#Spring_X18Y20,OutdoorsSpring.png#Spring_X18Y20,OutdoorsSpring.png#Spring_X18Y20,OutdoorsSpring.png#Spring_X18Y20,OutdoorsSpring.png#Spring_X18Y20,OutdoorsSpring.png#Spring_X18Y20,OutdoorsSpring.png#Spring_X18Y20,OutdoorsSpring.png#Spring_X18Y20,OutdoorsSpring.png#Spring_X18Y20,OutdoorsSpring.png#Spring_X18Y20,OutdoorsSpring.png#Spring_X18Y20,OutdoorsSpring.png#Spring_X18Y20,OutdoorsSpring.png#Spring_X18Y20,OutdoorsSpring.png#Spring_X18Y20,OutdoorsSpring.png#Spring_X18Y20,OutdoorsSpring.png#Spring_X18Y20,OutdoorsSpring.png#Spring_X18Y20,,
,,OutdoorsSpring.png#Spring_X19Y12,OutdoorsSpring.png#Spring_X21Y13,OutdoorsSpring.png#Spring_X21Y15,OutdoorsSpring.png#Spring_X20Y21,OutdoorsSpring.png#Spring_X18Y21,OutdoorsSpring.png#Spring_X20Y21,OutdoorsSpring.png#Spring_X21Y21,OutdoorsSpring.png#Spring_X20Y21,OutdoorsSpring.png#Spring_X18Y21,OutdoorsSpring.png#Spring_X20Y21,OutdoorsSpring.png#Spring_X17Y21,OutdoorsSpring.png#Spring_X18Y21,OutdoorsSpring.png#Spring_X18Y21,OutdoorsSpring.png#Spring_X20Y21,OutdoorsSpring.png#Spring_X18Y21,OutdoorsSpring.png#Spring_X20Y21,OutdoorsSpring.png#Spring_X18Y21,OutdoorsSpring.png#Spring_X20Y21,OutdoorsSpring.png#Spring_X18Y21,OutdoorsSpring.png#Spring_X20Y21,OutdoorsSpring.png#Spring_X18Y21,OutdoorsSpring.png#Spring_X20Y21,OutdoorsSpring.png#Spring_X23Y20,OutdoorsSpring.png#Spring_X17Y21,OutdoorsSpring.png#Spring_X23Y20,OutdoorsSpring.png#Spring_X20Y21,OutdoorsSpring.png#Spring_X18Y21,OutdoorsSpring.png#Spring_X20Y21,OutdoorsSpring.png#Spring_X18Y21,OutdoorsSpring.png#Spring_X20Y21,OutdoorsSpring.png#Spring_X18Y21,OutdoorsSpring.png#Spring_X18Y21,OutdoorsSpring.png#Spring_X21Y21,OutdoorsSpring.png#Spring_X18Y21,OutdoorsSpring.png#Spring_X17Y21,OutdoorsSpring.png#Spring_X21Y21,OutdoorsSpring.png#Spring_X18Y21,OutdoorsSpring.png#Spring_X21Y21,OutdoorsSpring.png#Spring_X22Y21,OutdoorsSpring.png#Spring_X21Y21,OutdoorsSpring.png#Spring_X21Y21,OutdoorsSpring.png#Spring_X22Y21,OutdoorsSpring.png#Spring_X21Y21,OutdoorsSpring.png#Spring_X20Y21,OutdoorsSpring.png#Spring_X17Y21,OutdoorsSpring.png#Spring_X18Y21,OutdoorsSpring.png#Spring_X17Y21,OutdoorsSpring.png#Spring_X18Y21,OutdoorsSpring.png#Spring_X17Y21,OutdoorsSpring.png#Spring_X18Y21,OutdoorsSpring.png#Spring_X18Y21,OutdoorsSpring.png#Spring_X20Y21,OutdoorsSpring.png#Spring_X18Y21,OutdoorsSpring.png#Spring_X20Y21,OutdoorsSpring.png#Spring_X18Y21,OutdoorsSpring.png#Spring_X20Y21,,
,,OutdoorsSpring.png#Spring_X19Y13,OutdoorsSpring.png#Spring_X21Y14,,,,,,,,,,,,,,,,,,,,,,,,,,,,,,,,,,,,,,,,,,,,,,,,,,,,,,,,
,,OutdoorsSpring.png#Spring_X19Y15,,,,,,,,,,,,,,,,,,,,,,,,,,,,,,,,,,,,,,,,,,,,,,,,,,,,,,,,,
,,OutdoorsSpring.png#Spring_X19Y15,,,,,,,,,,,,,,,,,,,,,,,,,,,,,,,,,,,,,,,,,,,,,,,,,,,,,,,,,
,,OutdoorsSpring.png#Spring_X19Y15,,,,,,,,,,,,,,,,,,,,,,,,,,,,,,,,,,,,,,,,,,,,,,,,,,,,,,,,,
,,OutdoorsSpring.png#Spring_X19Y16,,,,,,,,,,,,,,,,,,,,,,,,,,,,,,,,,,,,,,,,,,,,,,,,,,,,,,,,,
,,OutdoorsSpring.png#Spring_X19Y16,,,,,,,,,,,,,,,,,,,,,,,,,,,,,,,,,,,,,,,,,,,,,,,,,,,,,,,,,
,,OutdoorsSpring.png#Spring_X19Y15,,,,,,,,,,,,,,,,,,,,,,,,,,,,,,,,,,,,,,,,,,,,,,,,,,,,,,,,,
,,OutdoorsSpring.png#Spring_X19Y16,,,,,,,,,,,,,,,,,,,,,,,,,,,,,,,,,,,,,,,,,,,,,,,,,,,,,,,,,
,,OutdoorsSpring.png#Spring_X19Y15,,,,,,,,,,,,,,,,,,,,,,,,,,,,,,,,,,,,,,,,,,,,,,,,,,,,,,,,,
,,OutdoorsSpring.png#Spring_X19Y16,,,,,,,,,,,,,,,,,,,,,,,,,,,,,,,,,,,,,,,,,,,,,,,,,,,,,,,,,
,,OutdoorsSpring.png#Spring_X19Y15,,,,,,,,,,,,,,,,,,,,,,,,,,,,,,,,,,,,,,,,,,,,,,,,,,,,,,,,,
,,OutdoorsSpring.png#Spring_X19Y15,,,,,,,,,,,,,,,,,,,,,,,,,,,,,,,,,,,,,,,,,,,,,,,,,,,,,,,,,
,,OutdoorsSpring.png#Spring_X19Y15,,,,,,,,,,,,,,,,,,,,,,,,,,,,,,,,,,,,,,,,,,,,,,,,,,,,,,,,,
,,OutdoorsSpring.png#Spring_X19Y15,,,,,,,,,,,,,,,,,,,,,,,,,,,,,,,,,,,,,,,,,,,,,,,,,,,,,,,,,
,,OutdoorsSpring.png#Spring_X19Y15,,,,,,,,,,,,,,,,,,,,,,,,,,,,,,,,,,,,,,,,,,,,,,,,,,,,,,,,,
,,OutdoorsSpring.png#Spring_X19Y15,,,,,,,,,,,,,,,,,,,,,,,,,,,,,,,,,,,,,,,,,,,,,,,,,,,,,,,,,
,,OutdoorsSpring.png#Spring_X19Y15,,,,,,,,,,,,,,,,,,,,,,,,,,,,,,,,,,,,,,,,,,,,,,,,,,,,,,,,,
,,OutdoorsSpring.png#Spring_X19Y15,,,,,,,,,,,,,,,,,,,,,,,,,,,,,,,,,,,,,,,,,,,,,,,,,,,,,,,,,
,,OutdoorsSpring.png#Spring_X19Y15,,,,,,,,,,,,,,,,,,,,,,,,,,,,,,,,,,,,,,,,,,,,,,,,,,,,,,,,,
,,OutdoorsSpring.png#Spring_X19Y15,,,,,,,,,,,,,,,,,,,,,,,,,,,,,,,,,,,,,,,,,,,,,,,,,,,,,,,,,
,,OutdoorsSpring.png#Spring_X19Y15,,,,,,,,,,,,,,,,,,,,,,,,,,,,,,,,,,,,,,,,,,,,,,,,,,,,,,,,,
,,OutdoorsSpring.png#Spring_X19Y15,,,,,,,,,,,,,,,,,,,,,,,,,,,,,,,,,,,,,,,,,,,,,,,,,,,,,,,,,
,,OutdoorsSpring.png#Spring_X19Y15,,,,,,,,,,,,,,,,,,,,,,,,,,,,,,,,,,,,,,,,,,,,,,,,,,,,,,,,,
,,OutdoorsSpring.png#Spring_X19Y15,,,,,,,,,,,,,,,,,,,,,,,,,,,,,,,,,,,,,,,,,,,,,,,,,,,,,,,,,
,,OutdoorsSpring.png#Spring_X19Y15,,,,,,,,,,,,,,,,,,,,,,,,,,,,,,,,,,,,,,,,,,,,,,,,,,,,,,,,,
,,OutdoorsSpring.png#Spring_X19Y15,,,,,,,,,,,,,,,,,,,,,,,,,,,,,,,,,,,,,,,,,,,,,,,,,,,,,,,,,
,,OutdoorsSpring.png#Spring_X19Y15,,,,,,,,,,,,,,,,,,,,,,,,,,,,,,,,,,,,,,,,,,,,,,,,,,,,,,,,,
,,OutdoorsSpring.png#Spring_X19Y15,,,,,,,,,,,,,,,,,,,,,,,,,,,,,,,,,,,,,,,,,,,,,,,,,,,,,,,,,
,,OutdoorsSpring.png#Spring_X19Y15,,,,,,,,,,,,,,,,,,,,,,,,,,,,,,,,,,,,,,,,,,,,,,,,,,,,,,,,,
,,OutdoorsSpring.png#Spring_X19Y15,,,,,,,,,,,,,,,,,,,,,,,,,,,,,,,,,,,,,,,,,,,,,,,,,,,,,,,,,
,,OutdoorsSpring.png#Spring_X19Y15,,,,,,,,,,,,,,,,,,,,,,,,,,,,,,,,,,,,,,,,,,,,,,,,,,,,,,,,,
,,OutdoorsSpring.png#Spring_X19Y15,,,,,,,,,,,,,,,,,,,,,,,,,,,,,,,,,,,,,,,,,,,,,,,,,,,,,,,,,
,,OutdoorsSpring.png#Spring_X19Y15,,,,,,,,,,,,,,,,,,,,,,,,,,,,,,,,,,,,,,,,,,,,,,,,,,,,,,,,,
,,,,,,,,,,,,,,,,,,,,,,,,,,,,,,,,,,,,,,,,,,,,,,,,,,,,,,,,,,,
,,,,,,,,,,,,,,,,,,,,,,,,,,,,,,,,,,,,,,,,,,,,,,,,,,,,,,,,,,,
,,,,,,,,,,,,,,,,,,,,,,,,,,,,,,,,,,,,,,,,,,,,,,,,,,,,,,,,,,,
,,,,,,,,,,,,,,,,,,,,,,,,,,,,,,,,,,,,,,,,,,,,,,,,,,,,,,,,,,,
,,,,,,,,,,,,,,,,,,,,,,,,,,,,,,,,,,,,,,,,,,,,,,,,,,,,,,,,,,,
,,,,,,,,,,,,,,,,,,,,,,,,,,,,,,,,,,,,,,,,,,,,,,,,,,,,,,,,,,,
,,,,,,,,,,,,,,,,,,,,,,,,,,,,,,,,,,,,,,,,,,,,,,,,,,,,,,,,,,,
,,,,,,,,,,,,,,,,,,,,,,,,,,,,,,,,,,,,,,,,,,,,,,,,,,,,,,,,,,,
,,,,,,,,,,,,,,,,,,,,,,,,,,,,,,,,,,,,,,,,,,,,,,,,,,,,,,,,,,,
